sample_id,metric_kind,metric,direction,dimension,reference_quantile,reference_betti,reconstruction_betti,absolute_count_error,value
trajectory_000000:8000,self,self.CO,sublevel,h0,0.1,3,14,11,
trajectory_000000:8000,self,self.CO,sublevel,h0,0.25,3,14,11,
trajectory_000000:8000,self,self.CO,sublevel,h0,0.5,1,10,9,
trajectory_000000:8000,self,self.CO,sublevel,h0,0.75,2,2,0,
trajectory_000000:8000,self,self.CO,sublevel,h0,0.9,2,1,1,
trajectory_000000:8000,self,self.CO,sublevel,h1,0.1,105,2,103,
trajectory_000000:8000,self,self.CO,sublevel,h1,0.25,105,2,103,
trajectory_000000:8000,self,self.CO,sublevel,h1,0.5,0,3,3,
trajectory_000000:8000,self,self.CO,sublevel,h1,0.75,2,2,0,
trajectory_000000:8000,self,self.CO,sublevel,h1,0.9,5,6,1,
trajectory_000000:8000,self,self.T,sublevel,h0,0.1,2,7,5,
trajectory_000000:8000,self,self.T,sublevel,h0,0.25,2,8,6,
trajectory_000000:8000,self,self.T,sublevel,h0,0.5,1,2,1,
trajectory_000000:8000,self,self.T,sublevel,h0,0.75,2,1,1,
trajectory_000000:8000,self,self.T,sublevel,h0,0.9,1,1,0,
trajectory_000000:8000,self,self.T,sublevel,h1,0.1,0,0,0,
trajectory_000000:8000,self,self.T,sublevel,h1,0.25,0,1,1,
trajectory_000000:8000,self,self.T,sublevel,h1,0.5,0,0,0,
trajectory_000000:8000,self,self.T,sublevel,h1,0.75,2,3,1,
trajectory_000000:8000,self,self.T,sublevel,h1,0.9,0,2,2,
trajectory_000000:8000,mutual,mutual.CO+T,sublevel,h0,0.1,2,7,5,
trajectory_000000:8000,mutual,mutual.CO+T,sublevel,h0,0.25,2,8,6,
trajectory_000000:8000,mutual,mutual.CO+T,sublevel,h0,0.5,1,2,1,
trajectory_000000:8000,mutual,mutual.CO+T,sublevel,h0,0.75,7,5,2,
trajectory_000000:8000,mutual,mutual.CO+T,sublevel,h0,0.9,1,1,0,
trajectory_000000:8000,mutual,mutual.CO+T,sublevel,h1,0.1,0,0,0,
trajectory_000000:8000,mutual,mutual.CO+T,sublevel,h1,0.25,0,1,1,
trajectory_000000:8000,mutual,mutual.CO+T,sublevel,h1,0.5,0,0,0,
trajectory_000000:8000,mutual,mutual.CO+T,sublevel,h1,0.75,3,3,0,
trajectory_000000:8000,mutual,mutual.CO+T,sublevel,h1,0.9,9,7,2,
trajectory_000000:8000,mutual,mutual.CO+T,sublevel,h0,0.1,1,14,13,
trajectory_000000:8000,mutual,mutual.CO+T,sublevel,h0,0.25,1,14,13,
trajectory_000000:8000,mutual,mutual.CO+T,sublevel,h0,0.5,1,10,9,
trajectory_000000:8000,mutual,mutual.CO+T,sublevel,h0,0.75,9,5,4,
trajectory_000000:8000,mutual,mutual.CO+T,sublevel,h0,0.9,1,1,0,
trajectory_000000:8000,mutual,mutual.CO+T,sublevel,h1,0.1,1,2,1,
trajectory_000000:8000,mutual,mutual.CO+T,sublevel,h1,0.25,1,2,1,
trajectory_000000:8000,mutual,mutual.CO+T,sublevel,h1,0.5,0,3,3,
trajectory_000000:8000,mutual,mutual.CO+T,sublevel,h1,0.75,3,3,0,
trajectory_000000:8000,mutual,mutual.CO+T,sublevel,h1,0.9,9,8,1,
trajectory_000000:8000,mutual,mutual.CO+T,sublevel,h0,0.1,2,7,5,
trajectory_000000:8000,mutual,mutual.CO+T,sublevel,h0,0.25,2,8,6,
trajectory_000000:8000,mutual,mutual.CO+T,sublevel,h0,0.5,1,2,1,
trajectory_000000:8000,mutual,mutual.CO+T,sublevel,h0,0.75,3,2,1,
trajectory_000000:8000,mutual,mutual.CO+T,sublevel,h0,0.9,2,1,1,
trajectory_000000:8000,mutual,mutual.CO+T,sublevel,h1,0.1,0,0,0,
trajectory_000000:8000,mutual,mutual.CO+T,sublevel,h1,0.25,0,1,1,
trajectory_000000:8000,mutual,mutual.CO+T,sublevel,h1,0.5,0,0,0,
trajectory_000000:8000,mutual,mutual.CO+T,sublevel,h1,0.75,3,2,1,
trajectory_000000:8000,mutual,mutual.CO+T,sublevel,h1,0.9,5,6,1,
trajectory_000000:8000,self,self.CO,superlevel,h0,0.1,6,7,1,
trajectory_000000:8000,self,self.CO,superlevel,h0,0.25,4,3,1,
trajectory_000000:8000,self,self.CO,superlevel,h0,0.5,1,11,10,
trajectory_000000:8000,self,self.CO,superlevel,h0,0.75,1,8,7,
trajectory_000000:8000,self,self.CO,superlevel,h0,0.9,1,8,7,
trajectory_000000:8000,self,self.CO,superlevel,h1,0.1,0,0,0,
trajectory_000000:8000,self,self.CO,superlevel,h1,0.25,1,0,1,
trajectory_000000:8000,self,self.CO,superlevel,h1,0.5,0,1,1,
trajectory_000000:8000,self,self.CO,superlevel,h1,0.75,122,6,116,
trajectory_000000:8000,self,self.CO,superlevel,h1,0.9,122,6,116,
trajectory_000000:8000,self,self.T,superlevel,h0,0.1,1,3,2,
trajectory_000000:8000,self,self.T,superlevel,h0,0.25,3,4,1,
trajectory_000000:8000,self,self.T,superlevel,h0,0.5,2,3,1,
trajectory_000000:8000,self,self.T,superlevel,h0,0.75,1,4,3,
trajectory_000000:8000,self,self.T,superlevel,h0,0.9,1,1,0,
trajectory_000000:8000,self,self.T,superlevel,h1,0.1,0,0,0,
trajectory_000000:8000,self,self.T,superlevel,h1,0.25,0,0,0,
trajectory_000000:8000,self,self.T,superlevel,h1,0.5,0,1,1,
trajectory_000000:8000,self,self.T,superlevel,h1,0.75,0,4,4,
trajectory_000000:8000,self,self.T,superlevel,h1,0.9,1,5,4,
trajectory_000000:8000,mutual,mutual.CO+T,superlevel,h0,0.1,2,1,1,
trajectory_000000:8000,mutual,mutual.CO+T,superlevel,h0,0.25,3,3,0,
trajectory_000000:8000,mutual,mutual.CO+T,superlevel,h0,0.5,2,3,1,
trajectory_000000:8000,mutual,mutual.CO+T,superlevel,h0,0.75,1,4,3,
trajectory_000000:8000,mutual,mutual.CO+T,superlevel,h0,0.9,1,1,0,
trajectory_000000:8000,mutual,mutual.CO+T,superlevel,h1,0.1,0,1,1,
trajectory_000000:8000,mutual,mutual.CO+T,superlevel,h1,0.25,0,0,0,
trajectory_000000:8000,mutual,mutual.CO+T,superlevel,h1,0.5,0,1,1,
trajectory_000000:8000,mutual,mutual.CO+T,superlevel,h1,0.75,0,4,4,
trajectory_000000:8000,mutual,mutual.CO+T,superlevel,h1,0.9,1,5,4,
trajectory_000000:8000,mutual,mutual.CO+T,superlevel,h0,0.1,4,9,5,
trajectory_000000:8000,mutual,mutual.CO+T,superlevel,h0,0.25,4,4,0,
trajectory_000000:8000,mutual,mutual.CO+T,superlevel,h0,0.5,2,3,1,
trajectory_000000:8000,mutual,mutual.CO+T,superlevel,h0,0.75,1,4,3,
trajectory_000000:8000,mutual,mutual.CO+T,superlevel,h0,0.9,1,1,0,
trajectory_000000:8000,mutual,mutual.CO+T,superlevel,h1,0.1,0,1,1,
trajectory_000000:8000,mutual,mutual.CO+T,superlevel,h1,0.25,0,0,0,
trajectory_000000:8000,mutual,mutual.CO+T,superlevel,h1,0.5,0,1,1,
trajectory_000000:8000,mutual,mutual.CO+T,superlevel,h1,0.75,0,4,4,
trajectory_000000:8000,mutual,mutual.CO+T,superlevel,h1,0.9,1,5,4,
trajectory_000000:8000,mutual,mutual.CO+T,superlevel,h0,0.1,5,5,0,
trajectory_000000:8000,mutual,mutual.CO+T,superlevel,h0,0.25,4,3,1,
trajectory_000000:8000,mutual,mutual.CO+T,superlevel,h0,0.5,1,11,10,
trajectory_000000:8000,mutual,mutual.CO+T,superlevel,h0,0.75,1,8,7,
trajectory_000000:8000,mutual,mutual.CO+T,superlevel,h0,0.9,1,8,7,
trajectory_000000:8000,mutual,mutual.CO+T,superlevel,h1,0.1,0,0,0,
trajectory_000000:8000,mutual,mutual.CO+T,superlevel,h1,0.25,0,0,0,
trajectory_000000:8000,mutual,mutual.CO+T,superlevel,h1,0.5,0,1,1,
trajectory_000000:8000,mutual,mutual.CO+T,superlevel,h1,0.75,122,6,116,
trajectory_000000:8000,mutual,mutual.CO+T,superlevel,h1,0.9,122,6,116,
trajectory_000000:8000,persistence_distance,topology.self.persistence,,,,,,,0.016227297484874725
trajectory_000000:8000,persistence_distance,topology.mutual.persistence,,,,,,,0.0014226906932890415
trajectory_000000:8000,persistence_distance,topology.component_weighted_total_before_outer_family_weight,,,,,,,0.01764998771250248
trajectory_000000:8000,dimension_distance_diagnostic,topology.self.CO.h0,,,,,,,0.06158219650387764
trajectory_000000:8000,dimension_distance_diagnostic,topology.self.CO.h1,,,,,,,0.0010787894716486335
trajectory_000000:8000,dimension_distance_diagnostic,topology.self.T.h0,,,,,,,0.002123330719769001
trajectory_000000:8000,dimension_distance_diagnostic,topology.self.T.h1,,,,,,,0.00012486957712098956
trajectory_000000:8000,dimension_distance_diagnostic,topology.mutual.CO+T.h0,,,,,,,0.0019015524303540587
trajectory_000000:8000,dimension_distance_diagnostic,topology.mutual.CO+T.h1,,,,,,,0.0009438287816010416
trajectory_000000:8015,self,self.CO,sublevel,h0,0.1,1,1,0,
trajectory_000000:8015,self,self.CO,sublevel,h0,0.25,1,1,0,
trajectory_000000:8015,self,self.CO,sublevel,h0,0.5,1,1,0,
trajectory_000000:8015,self,self.CO,sublevel,h0,0.75,2,2,0,
trajectory_000000:8015,self,self.CO,sublevel,h0,0.9,3,1,2,
trajectory_000000:8015,self,self.CO,sublevel,h1,0.1,98,0,98,
trajectory_000000:8015,self,self.CO,sublevel,h1,0.25,98,0,98,
trajectory_000000:8015,self,self.CO,sublevel,h1,0.5,0,1,1,
trajectory_000000:8015,self,self.CO,sublevel,h1,0.75,0,0,0,
trajectory_000000:8015,self,self.CO,sublevel,h1,0.9,3,3,0,
trajectory_000000:8015,self,self.T,sublevel,h0,0.1,2,5,3,
trajectory_000000:8015,self,self.T,sublevel,h0,0.25,1,3,2,
trajectory_000000:8015,self,self.T,sublevel,h0,0.5,1,9,8,
trajectory_000000:8015,self,self.T,sublevel,h0,0.75,2,2,0,
trajectory_000000:8015,self,self.T,sublevel,h0,0.9,1,1,0,
trajectory_000000:8015,self,self.T,sublevel,h1,0.1,0,0,0,
trajectory_000000:8015,self,self.T,sublevel,h1,0.25,0,0,0,
trajectory_000000:8015,self,self.T,sublevel,h1,0.5,0,1,1,
trajectory_000000:8015,self,self.T,sublevel,h1,0.75,5,2,3,
trajectory_000000:8015,self,self.T,sublevel,h1,0.9,1,1,0,
trajectory_000000:8015,mutual,mutual.CO+T,sublevel,h0,0.1,2,5,3,
trajectory_000000:8015,mutual,mutual.CO+T,sublevel,h0,0.25,1,3,2,
trajectory_000000:8015,mutual,mutual.CO+T,sublevel,h0,0.5,1,9,8,
trajectory_000000:8015,mutual,mutual.CO+T,sublevel,h0,0.75,4,6,2,
trajectory_000000:8015,mutual,mutual.CO+T,sublevel,h0,0.9,5,2,3,
trajectory_000000:8015,mutual,mutual.CO+T,sublevel,h1,0.1,0,0,0,
trajectory_000000:8015,mutual,mutual.CO+T,sublevel,h1,0.25,0,0,0,
trajectory_000000:8015,mutual,mutual.CO+T,sublevel,h1,0.5,0,1,1,
trajectory_000000:8015,mutual,mutual.CO+T,sublevel,h1,0.75,1,4,3,
trajectory_000000:8015,mutual,mutual.CO+T,sublevel,h1,0.9,4,7,3,
trajectory_000000:8015,mutual,mutual.CO+T,sublevel,h0,0.1,1,1,0,
trajectory_000000:8015,mutual,mutual.CO+T,sublevel,h0,0.25,1,1,0,
trajectory_000000:8015,mutual,mutual.CO+T,sublevel,h0,0.5,1,1,0,
trajectory_000000:8015,mutual,mutual.CO+T,sublevel,h0,0.75,4,7,3,
trajectory_000000:8015,mutual,mutual.CO+T,sublevel,h0,0.9,5,1,4,
trajectory_000000:8015,mutual,mutual.CO+T,sublevel,h1,0.1,1,0,1,
trajectory_000000:8015,mutual,mutual.CO+T,sublevel,h1,0.25,1,0,1,
trajectory_000000:8015,mutual,mutual.CO+T,sublevel,h1,0.5,0,1,1,
trajectory_000000:8015,mutual,mutual.CO+T,sublevel,h1,0.75,1,4,3,
trajectory_000000:8015,mutual,mutual.CO+T,sublevel,h1,0.9,5,9,4,
trajectory_000000:8015,mutual,mutual.CO+T,sublevel,h0,0.1,2,5,3,
trajectory_000000:8015,mutual,mutual.CO+T,sublevel,h0,0.25,1,3,2,
trajectory_000000:8015,mutual,mutual.CO+T,sublevel,h0,0.5,1,9,8,
trajectory_000000:8015,mutual,mutual.CO+T,sublevel,h0,0.75,2,2,0,
trajectory_000000:8015,mutual,mutual.CO+T,sublevel,h0,0.9,3,1,2,
trajectory_000000:8015,mutual,mutual.CO+T,sublevel,h1,0.1,0,0,0,
trajectory_000000:8015,mutual,mutual.CO+T,sublevel,h1,0.25,0,0,0,
trajectory_000000:8015,mutual,mutual.CO+T,sublevel,h1,0.5,0,1,1,
trajectory_000000:8015,mutual,mutual.CO+T,sublevel,h1,0.75,0,0,0,
trajectory_000000:8015,mutual,mutual.CO+T,sublevel,h1,0.9,3,3,0,
trajectory_000000:8015,self,self.CO,superlevel,h0,0.1,6,6,0,
trajectory_000000:8015,self,self.CO,superlevel,h0,0.25,2,1,1,
trajectory_000000:8015,self,self.CO,superlevel,h0,0.5,1,2,1,
trajectory_000000:8015,self,self.CO,superlevel,h0,0.75,1,2,1,
trajectory_000000:8015,self,self.CO,superlevel,h0,0.9,1,2,1,
trajectory_000000:8015,self,self.CO,superlevel,h1,0.1,0,0,0,
trajectory_000000:8015,self,self.CO,superlevel,h1,0.25,1,0,1,
trajectory_000000:8015,self,self.CO,superlevel,h1,0.5,0,0,0,
trajectory_000000:8015,self,self.CO,superlevel,h1,0.75,114,0,114,
trajectory_000000:8015,self,self.CO,superlevel,h1,0.9,114,0,114,
trajectory_000000:8015,self,self.T,superlevel,h0,0.1,2,2,0,
trajectory_000000:8015,self,self.T,superlevel,h0,0.25,9,4,5,
trajectory_000000:8015,self,self.T,superlevel,h0,0.5,1,3,2,
trajectory_000000:8015,self,self.T,superlevel,h0,0.75,1,2,1,
trajectory_000000:8015,self,self.T,superlevel,h0,0.9,1,1,0,
trajectory_000000:8015,self,self.T,superlevel,h1,0.1,0,0,0,
trajectory_000000:8015,self,self.T,superlevel,h1,0.25,0,1,1,
trajectory_000000:8015,self,self.T,superlevel,h1,0.5,0,3,3,
trajectory_000000:8015,self,self.T,superlevel,h1,0.75,0,0,0,
trajectory_000000:8015,self,self.T,superlevel,h1,0.9,0,0,0,
trajectory_000000:8015,mutual,mutual.CO+T,superlevel,h0,0.1,3,2,1,
trajectory_000000:8015,mutual,mutual.CO+T,superlevel,h0,0.25,5,3,2,
trajectory_000000:8015,mutual,mutual.CO+T,superlevel,h0,0.5,1,3,2,
trajectory_000000:8015,mutual,mutual.CO+T,superlevel,h0,0.75,1,2,1,
trajectory_000000:8015,mutual,mutual.CO+T,superlevel,h0,0.9,1,1,0,
trajectory_000000:8015,mutual,mutual.CO+T,superlevel,h1,0.1,0,0,0,
trajectory_000000:8015,mutual,mutual.CO+T,superlevel,h1,0.25,1,0,1,
trajectory_000000:8015,mutual,mutual.CO+T,superlevel,h1,0.5,0,3,3,
trajectory_000000:8015,mutual,mutual.CO+T,superlevel,h1,0.75,0,0,0,
trajectory_000000:8015,mutual,mutual.CO+T,superlevel,h1,0.9,0,0,0,
trajectory_000000:8015,mutual,mutual.CO+T,superlevel,h0,0.1,10,8,2,
trajectory_000000:8015,mutual,mutual.CO+T,superlevel,h0,0.25,2,3,1,
trajectory_000000:8015,mutual,mutual.CO+T,superlevel,h0,0.5,1,3,2,
trajectory_000000:8015,mutual,mutual.CO+T,superlevel,h0,0.75,1,2,1,
trajectory_000000:8015,mutual,mutual.CO+T,superlevel,h0,0.9,1,1,0,
trajectory_000000:8015,mutual,mutual.CO+T,superlevel,h1,0.1,0,0,0,
trajectory_000000:8015,mutual,mutual.CO+T,superlevel,h1,0.25,0,1,1,
trajectory_000000:8015,mutual,mutual.CO+T,superlevel,h1,0.5,0,3,3,
trajectory_000000:8015,mutual,mutual.CO+T,superlevel,h1,0.75,0,0,0,
trajectory_000000:8015,mutual,mutual.CO+T,superlevel,h1,0.9,0,0,0,
trajectory_000000:8015,mutual,mutual.CO+T,superlevel,h0,0.1,9,2,7,
trajectory_000000:8015,mutual,mutual.CO+T,superlevel,h0,0.25,3,2,1,
trajectory_000000:8015,mutual,mutual.CO+T,superlevel,h0,0.5,1,2,1,
trajectory_000000:8015,mutual,mutual.CO+T,superlevel,h0,0.75,1,2,1,
trajectory_000000:8015,mutual,mutual.CO+T,superlevel,h0,0.9,1,2,1,
trajectory_000000:8015,mutual,mutual.CO+T,superlevel,h1,0.1,0,0,0,
trajectory_000000:8015,mutual,mutual.CO+T,superlevel,h1,0.25,0,1,1,
trajectory_000000:8015,mutual,mutual.CO+T,superlevel,h1,0.5,0,0,0,
trajectory_000000:8015,mutual,mutual.CO+T,superlevel,h1,0.75,114,0,114,
trajectory_000000:8015,mutual,mutual.CO+T,superlevel,h1,0.9,114,0,114,
trajectory_000000:8015,persistence_distance,topology.self.persistence,,,,,,,0.007839938625693321
trajectory_000000:8015,persistence_distance,topology.mutual.persistence,,,,,,,0.002516558626666665
trajectory_000000:8015,persistence_distance,topology.component_weighted_total_before_outer_family_weight,,,,,,,0.010356497019529343
trajectory_000000:8015,dimension_distance_diagnostic,topology.self.CO.h0,,,,,,,0.02311762236058712
trajectory_000000:8015,dimension_distance_diagnostic,topology.self.CO.h1,,,,,,,0.0009597109165042639
trajectory_000000:8015,dimension_distance_diagnostic,topology.self.T.h0,,,,,,,0.007120032794773579
trajectory_000000:8015,dimension_distance_diagnostic,topology.self.T.h1,,,,,,,0.00016238894022535533
trajectory_000000:8015,dimension_distance_diagnostic,topology.mutual.CO+T.h0,,,,,,,0.004187296610325575
trajectory_000000:8015,dimension_distance_diagnostic,topology.mutual.CO+T.h1,,,,,,,0.0008458204101771116
trajectory_000000:8031,self,self.CO,sublevel,h0,0.1,4,1,3,
trajectory_000000:8031,self,self.CO,sublevel,h0,0.25,4,1,3,
trajectory_000000:8031,self,self.CO,sublevel,h0,0.5,4,3,1,
trajectory_000000:8031,self,self.CO,sublevel,h0,0.75,4,4,0,
trajectory_000000:8031,self,self.CO,sublevel,h0,0.9,5,2,3,
trajectory_000000:8031,self,self.CO,sublevel,h1,0.1,86,0,86,
trajectory_000000:8031,self,self.CO,sublevel,h1,0.25,86,0,86,
trajectory_000000:8031,self,self.CO,sublevel,h1,0.5,0,0,0,
trajectory_000000:8031,self,self.CO,sublevel,h1,0.75,1,1,0,
trajectory_000000:8031,self,self.CO,sublevel,h1,0.9,9,4,5,
trajectory_000000:8031,self,self.T,sublevel,h0,0.1,4,2,2,
trajectory_000000:8031,self,self.T,sublevel,h0,0.25,2,2,0,
trajectory_000000:8031,self,self.T,sublevel,h0,0.5,4,5,1,
trajectory_000000:8031,self,self.T,sublevel,h0,0.75,6,2,4,
trajectory_000000:8031,self,self.T,sublevel,h0,0.9,1,1,0,
trajectory_000000:8031,self,self.T,sublevel,h1,0.1,0,0,0,
trajectory_000000:8031,self,self.T,sublevel,h1,0.25,0,0,0,
trajectory_000000:8031,self,self.T,sublevel,h1,0.5,0,1,1,
trajectory_000000:8031,self,self.T,sublevel,h1,0.75,4,5,1,
trajectory_000000:8031,self,self.T,sublevel,h1,0.9,12,2,10,
trajectory_000000:8031,mutual,mutual.CO+T,sublevel,h0,0.1,4,2,2,
trajectory_000000:8031,mutual,mutual.CO+T,sublevel,h0,0.25,2,2,0,
trajectory_000000:8031,mutual,mutual.CO+T,sublevel,h0,0.5,4,5,1,
trajectory_000000:8031,mutual,mutual.CO+T,sublevel,h0,0.75,23,5,18,
trajectory_000000:8031,mutual,mutual.CO+T,sublevel,h0,0.9,4,2,2,
trajectory_000000:8031,mutual,mutual.CO+T,sublevel,h1,0.1,0,0,0,
trajectory_000000:8031,mutual,mutual.CO+T,sublevel,h1,0.25,0,0,0,
trajectory_000000:8031,mutual,mutual.CO+T,sublevel,h1,0.5,0,1,1,
trajectory_000000:8031,mutual,mutual.CO+T,sublevel,h1,0.75,2,4,2,
trajectory_000000:8031,mutual,mutual.CO+T,sublevel,h1,0.9,13,3,10,
trajectory_000000:8031,mutual,mutual.CO+T,sublevel,h0,0.1,1,1,0,
trajectory_000000:8031,mutual,mutual.CO+T,sublevel,h0,0.25,1,1,0,
trajectory_000000:8031,mutual,mutual.CO+T,sublevel,h0,0.5,4,3,1,
trajectory_000000:8031,mutual,mutual.CO+T,sublevel,h0,0.75,21,4,17,
trajectory_000000:8031,mutual,mutual.CO+T,sublevel,h0,0.9,3,2,1,
trajectory_000000:8031,mutual,mutual.CO+T,sublevel,h1,0.1,0,0,0,
trajectory_000000:8031,mutual,mutual.CO+T,sublevel,h1,0.25,0,0,0,
trajectory_000000:8031,mutual,mutual.CO+T,sublevel,h1,0.5,0,0,0,
trajectory_000000:8031,mutual,mutual.CO+T,sublevel,h1,0.75,3,4,1,
trajectory_000000:8031,mutual,mutual.CO+T,sublevel,h1,0.9,16,4,12,
trajectory_000000:8031,mutual,mutual.CO+T,sublevel,h0,0.1,4,2,2,
trajectory_000000:8031,mutual,mutual.CO+T,sublevel,h0,0.25,2,2,0,
trajectory_000000:8031,mutual,mutual.CO+T,sublevel,h0,0.5,4,2,2,
trajectory_000000:8031,mutual,mutual.CO+T,sublevel,h0,0.75,4,3,1,
trajectory_000000:8031,mutual,mutual.CO+T,sublevel,h0,0.9,5,2,3,
trajectory_000000:8031,mutual,mutual.CO+T,sublevel,h1,0.1,0,0,0,
trajectory_000000:8031,mutual,mutual.CO+T,sublevel,h1,0.25,0,0,0,
trajectory_000000:8031,mutual,mutual.CO+T,sublevel,h1,0.5,0,1,1,
trajectory_000000:8031,mutual,mutual.CO+T,sublevel,h1,0.75,2,0,2,
trajectory_000000:8031,mutual,mutual.CO+T,sublevel,h1,0.9,9,4,5,
trajectory_000000:8031,self,self.CO,superlevel,h0,0.1,15,6,9,
trajectory_000000:8031,self,self.CO,superlevel,h0,0.25,3,4,1,
trajectory_000000:8031,self,self.CO,superlevel,h0,0.5,1,1,0,
trajectory_000000:8031,self,self.CO,superlevel,h0,0.75,1,1,0,
trajectory_000000:8031,self,self.CO,superlevel,h0,0.9,1,1,0,
trajectory_000000:8031,self,self.CO,superlevel,h1,0.1,0,1,1,
trajectory_000000:8031,self,self.CO,superlevel,h1,0.25,2,3,1,
trajectory_000000:8031,self,self.CO,superlevel,h1,0.5,1,2,1,
trajectory_000000:8031,self,self.CO,superlevel,h1,0.75,93,0,93,
trajectory_000000:8031,self,self.CO,superlevel,h1,0.9,93,0,93,
trajectory_000000:8031,self,self.T,superlevel,h0,0.1,13,3,10,
trajectory_000000:8031,self,self.T,superlevel,h0,0.25,6,8,2,
trajectory_000000:8031,self,self.T,superlevel,h0,0.5,1,3,2,
trajectory_000000:8031,self,self.T,superlevel,h0,0.75,2,1,1,
trajectory_000000:8031,self,self.T,superlevel,h0,0.9,1,1,0,
trajectory_000000:8031,self,self.T,superlevel,h1,0.1,0,0,0,
trajectory_000000:8031,self,self.T,superlevel,h1,0.25,5,0,5,
trajectory_000000:8031,self,self.T,superlevel,h1,0.5,1,4,3,
trajectory_000000:8031,self,self.T,superlevel,h1,0.75,0,0,0,
trajectory_000000:8031,self,self.T,superlevel,h1,0.9,2,0,2,
trajectory_000000:8031,mutual,mutual.CO+T,superlevel,h0,0.1,15,4,11,
trajectory_000000:8031,mutual,mutual.CO+T,superlevel,h0,0.25,3,6,3,
trajectory_000000:8031,mutual,mutual.CO+T,superlevel,h0,0.5,1,3,2,
trajectory_000000:8031,mutual,mutual.CO+T,superlevel,h0,0.75,2,1,1,
trajectory_000000:8031,mutual,mutual.CO+T,superlevel,h0,0.9,1,1,0,
trajectory_000000:8031,mutual,mutual.CO+T,superlevel,h1,0.1,1,0,1,
trajectory_000000:8031,mutual,mutual.CO+T,superlevel,h1,0.25,4,2,2,
trajectory_000000:8031,mutual,mutual.CO+T,superlevel,h1,0.5,1,4,3,
trajectory_000000:8031,mutual,mutual.CO+T,superlevel,h1,0.75,0,0,0,
trajectory_000000:8031,mutual,mutual.CO+T,superlevel,h1,0.9,2,0,2,
trajectory_000000:8031,mutual,mutual.CO+T,superlevel,h0,0.1,16,21,5,
trajectory_000000:8031,mutual,mutual.CO+T,superlevel,h0,0.25,5,5,0,
trajectory_000000:8031,mutual,mutual.CO+T,superlevel,h0,0.5,1,5,4,
trajectory_000000:8031,mutual,mutual.CO+T,superlevel,h0,0.75,2,1,1,
trajectory_000000:8031,mutual,mutual.CO+T,superlevel,h0,0.9,1,1,0,
trajectory_000000:8031,mutual,mutual.CO+T,superlevel,h1,0.1,2,0,2,
trajectory_000000:8031,mutual,mutual.CO+T,superlevel,h1,0.25,5,3,2,
trajectory_000000:8031,mutual,mutual.CO+T,superlevel,h1,0.5,1,1,0,
trajectory_000000:8031,mutual,mutual.CO+T,superlevel,h1,0.75,0,0,0,
trajectory_000000:8031,mutual,mutual.CO+T,superlevel,h1,0.9,2,0,2,
trajectory_000000:8031,mutual,mutual.CO+T,superlevel,h0,0.1,18,10,8,
trajectory_000000:8031,mutual,mutual.CO+T,superlevel,h0,0.25,4,6,2,
trajectory_000000:8031,mutual,mutual.CO+T,superlevel,h0,0.5,1,1,0,
trajectory_000000:8031,mutual,mutual.CO+T,superlevel,h0,0.75,1,1,0,
trajectory_000000:8031,mutual,mutual.CO+T,superlevel,h0,0.9,1,1,0,
trajectory_000000:8031,mutual,mutual.CO+T,superlevel,h1,0.1,0,0,0,
trajectory_000000:8031,mutual,mutual.CO+T,superlevel,h1,0.25,4,3,1,
trajectory_000000:8031,mutual,mutual.CO+T,superlevel,h1,0.5,1,2,1,
trajectory_000000:8031,mutual,mutual.CO+T,superlevel,h1,0.75,93,0,93,
trajectory_000000:8031,mutual,mutual.CO+T,superlevel,h1,0.9,93,0,93,
trajectory_000000:8031,persistence_distance,topology.self.persistence,,,,,,,0.013951951637864113
trajectory_000000:8031,persistence_distance,topology.mutual.persistence,,,,,,,0.0032987550366669893
trajectory_000000:8031,persistence_distance,topology.component_weighted_total_before_outer_family_weight,,,,,,,0.017250707373023033
trajectory_000000:8031,dimension_distance_diagnostic,topology.self.CO.h0,,,,,,,0.04740004241466522
trajectory_000000:8031,dimension_distance_diagnostic,topology.self.CO.h1,,,,,,,0.0015969466185197234
trajectory_000000:8031,dimension_distance_diagnostic,topology.self.T.h0,,,,,,,0.006456450559198856
trajectory_000000:8031,dimension_distance_diagnostic,topology.self.T.h1,,,,,,,0.0003543673374224454
trajectory_000000:8031,dimension_distance_diagnostic,topology.mutual.CO+T.h0,,,,,,,0.0051636118441820145
trajectory_000000:8031,dimension_distance_diagnostic,topology.mutual.CO+T.h1,,,,,,,0.0014338981127366424
trajectory_000000:8047,self,self.CO,sublevel,h0,0.1,1,2,1,
trajectory_000000:8047,self,self.CO,sublevel,h0,0.25,1,2,1,
trajectory_000000:8047,self,self.CO,sublevel,h0,0.5,7,5,2,
trajectory_000000:8047,self,self.CO,sublevel,h0,0.75,12,2,10,
trajectory_000000:8047,self,self.CO,sublevel,h0,0.9,2,2,0,
trajectory_000000:8047,self,self.CO,sublevel,h1,0.1,0,0,0,
trajectory_000000:8047,self,self.CO,sublevel,h1,0.25,0,0,0,
trajectory_000000:8047,self,self.CO,sublevel,h1,0.5,0,0,0,
trajectory_000000:8047,self,self.CO,sublevel,h1,0.75,6,2,4,
trajectory_000000:8047,self,self.CO,sublevel,h1,0.9,8,5,3,
trajectory_000000:8047,self,self.T,sublevel,h0,0.1,8,3,5,
trajectory_000000:8047,self,self.T,sublevel,h0,0.25,4,4,0,
trajectory_000000:8047,self,self.T,sublevel,h0,0.5,10,2,8,
trajectory_000000:8047,self,self.T,sublevel,h0,0.75,2,1,1,
trajectory_000000:8047,self,self.T,sublevel,h0,0.9,2,1,1,
trajectory_000000:8047,self,self.T,sublevel,h1,0.1,0,0,0,
trajectory_000000:8047,self,self.T,sublevel,h1,0.25,2,0,2,
trajectory_000000:8047,self,self.T,sublevel,h1,0.5,0,0,0,
trajectory_000000:8047,self,self.T,sublevel,h1,0.75,5,0,5,
trajectory_000000:8047,self,self.T,sublevel,h1,0.9,5,4,1,
trajectory_000000:8047,mutual,mutual.CO+T,sublevel,h0,0.1,8,3,5,
trajectory_000000:8047,mutual,mutual.CO+T,sublevel,h0,0.25,4,4,0,
trajectory_000000:8047,mutual,mutual.CO+T,sublevel,h0,0.5,10,2,8,
trajectory_000000:8047,mutual,mutual.CO+T,sublevel,h0,0.75,14,3,11,
trajectory_000000:8047,mutual,mutual.CO+T,sublevel,h0,0.9,1,1,0,
trajectory_000000:8047,mutual,mutual.CO+T,sublevel,h1,0.1,0,0,0,
trajectory_000000:8047,mutual,mutual.CO+T,sublevel,h1,0.25,2,0,2,
trajectory_000000:8047,mutual,mutual.CO+T,sublevel,h1,0.5,0,0,0,
trajectory_000000:8047,mutual,mutual.CO+T,sublevel,h1,0.75,7,8,1,
trajectory_000000:8047,mutual,mutual.CO+T,sublevel,h1,0.9,14,10,4,
trajectory_000000:8047,mutual,mutual.CO+T,sublevel,h0,0.1,1,1,0,
trajectory_000000:8047,mutual,mutual.CO+T,sublevel,h0,0.25,1,1,0,
trajectory_000000:8047,mutual,mutual.CO+T,sublevel,h0,0.5,10,9,1,
trajectory_000000:8047,mutual,mutual.CO+T,sublevel,h0,0.75,14,3,11,
trajectory_000000:8047,mutual,mutual.CO+T,sublevel,h0,0.9,1,1,0,
trajectory_000000:8047,mutual,mutual.CO+T,sublevel,h1,0.1,0,0,0,
trajectory_000000:8047,mutual,mutual.CO+T,sublevel,h1,0.25,0,0,0,
trajectory_000000:8047,mutual,mutual.CO+T,sublevel,h1,0.5,0,0,0,
trajectory_000000:8047,mutual,mutual.CO+T,sublevel,h1,0.75,7,8,1,
trajectory_000000:8047,mutual,mutual.CO+T,sublevel,h1,0.9,14,9,5,
trajectory_000000:8047,mutual,mutual.CO+T,sublevel,h0,0.1,8,3,5,
trajectory_000000:8047,mutual,mutual.CO+T,sublevel,h0,0.25,4,4,0,
trajectory_000000:8047,mutual,mutual.CO+T,sublevel,h0,0.5,12,9,3,
trajectory_000000:8047,mutual,mutual.CO+T,sublevel,h0,0.75,12,2,10,
trajectory_000000:8047,mutual,mutual.CO+T,sublevel,h0,0.9,2,2,0,
trajectory_000000:8047,mutual,mutual.CO+T,sublevel,h1,0.1,0,0,0,
trajectory_000000:8047,mutual,mutual.CO+T,sublevel,h1,0.25,2,0,2,
trajectory_000000:8047,mutual,mutual.CO+T,sublevel,h1,0.5,0,0,0,
trajectory_000000:8047,mutual,mutual.CO+T,sublevel,h1,0.75,6,2,4,
trajectory_000000:8047,mutual,mutual.CO+T,sublevel,h1,0.9,8,5,3,
trajectory_000000:8047,self,self.CO,superlevel,h0,0.1,14,7,7,
trajectory_000000:8047,self,self.CO,superlevel,h0,0.25,12,3,9,
trajectory_000000:8047,self,self.CO,superlevel,h0,0.5,1,1,0,
trajectory_000000:8047,self,self.CO,superlevel,h0,0.75,1,1,0,
trajectory_000000:8047,self,self.CO,superlevel,h0,0.9,1,1,0,
trajectory_000000:8047,self,self.CO,superlevel,h1,0.1,0,0,0,
trajectory_000000:8047,self,self.CO,superlevel,h1,0.25,8,1,7,
trajectory_000000:8047,self,self.CO,superlevel,h1,0.5,2,0,2,
trajectory_000000:8047,self,self.CO,superlevel,h1,0.75,88,1,87,
trajectory_000000:8047,self,self.CO,superlevel,h1,0.9,88,1,87,
trajectory_000000:8047,self,self.T,superlevel,h0,0.1,8,4,4,
trajectory_000000:8047,self,self.T,superlevel,h0,0.25,7,1,6,
trajectory_000000:8047,self,self.T,superlevel,h0,0.5,1,1,0,
trajectory_000000:8047,self,self.T,superlevel,h0,0.75,4,1,3,
trajectory_000000:8047,self,self.T,superlevel,h0,0.9,1,1,0,
trajectory_000000:8047,self,self.T,superlevel,h1,0.1,0,0,0,
trajectory_000000:8047,self,self.T,superlevel,h1,0.25,1,0,1,
trajectory_000000:8047,self,self.T,superlevel,h1,0.5,1,0,1,
trajectory_000000:8047,self,self.T,superlevel,h1,0.75,0,0,0,
trajectory_000000:8047,self,self.T,superlevel,h1,0.9,4,0,4,
trajectory_000000:8047,mutual,mutual.CO+T,superlevel,h0,0.1,13,5,8,
trajectory_000000:8047,mutual,mutual.CO+T,superlevel,h0,0.25,6,1,5,
trajectory_000000:8047,mutual,mutual.CO+T,superlevel,h0,0.5,1,1,0,
trajectory_000000:8047,mutual,mutual.CO+T,superlevel,h0,0.75,4,1,3,
trajectory_000000:8047,mutual,mutual.CO+T,superlevel,h0,0.9,1,1,0,
trajectory_000000:8047,mutual,mutual.CO+T,superlevel,h1,0.1,0,0,0,
trajectory_000000:8047,mutual,mutual.CO+T,superlevel,h1,0.25,3,2,1,
trajectory_000000:8047,mutual,mutual.CO+T,superlevel,h1,0.5,1,0,1,
trajectory_000000:8047,mutual,mutual.CO+T,superlevel,h1,0.75,0,0,0,
trajectory_000000:8047,mutual,mutual.CO+T,superlevel,h1,0.9,4,0,4,
trajectory_000000:8047,mutual,mutual.CO+T,superlevel,h0,0.1,19,13,6,
trajectory_000000:8047,mutual,mutual.CO+T,superlevel,h0,0.25,18,2,16,
trajectory_000000:8047,mutual,mutual.CO+T,superlevel,h0,0.5,1,1,0,
trajectory_000000:8047,mutual,mutual.CO+T,superlevel,h0,0.75,4,1,3,
trajectory_000000:8047,mutual,mutual.CO+T,superlevel,h0,0.9,1,1,0,
trajectory_000000:8047,mutual,mutual.CO+T,superlevel,h1,0.1,1,0,1,
trajectory_000000:8047,mutual,mutual.CO+T,superlevel,h1,0.25,2,0,2,
trajectory_000000:8047,mutual,mutual.CO+T,superlevel,h1,0.5,1,0,1,
trajectory_000000:8047,mutual,mutual.CO+T,superlevel,h1,0.75,0,0,0,
trajectory_000000:8047,mutual,mutual.CO+T,superlevel,h1,0.9,4,0,4,
trajectory_000000:8047,mutual,mutual.CO+T,superlevel,h0,0.1,24,16,8,
trajectory_000000:8047,mutual,mutual.CO+T,superlevel,h0,0.25,18,4,14,
trajectory_000000:8047,mutual,mutual.CO+T,superlevel,h0,0.5,1,1,0,
trajectory_000000:8047,mutual,mutual.CO+T,superlevel,h0,0.75,1,1,0,
trajectory_000000:8047,mutual,mutual.CO+T,superlevel,h0,0.9,1,1,0,
trajectory_000000:8047,mutual,mutual.CO+T,superlevel,h1,0.1,1,0,1,
trajectory_000000:8047,mutual,mutual.CO+T,superlevel,h1,0.25,3,1,2,
trajectory_000000:8047,mutual,mutual.CO+T,superlevel,h1,0.5,2,0,2,
trajectory_000000:8047,mutual,mutual.CO+T,superlevel,h1,0.75,88,1,87,
trajectory_000000:8047,mutual,mutual.CO+T,superlevel,h1,0.9,88,1,87,
trajectory_000000:8047,persistence_distance,topology.self.persistence,,,,,,,0.013649826869368553
trajectory_000000:8047,persistence_distance,topology.mutual.persistence,,,,,,,0.003447845811024308
trajectory_000000:8047,persistence_distance,topology.component_weighted_total_before_outer_family_weight,,,,,,,0.017097672447562218
trajectory_000000:8047,dimension_distance_diagnostic,topology.self.CO.h0,,,,,,,0.05022839084267616
trajectory_000000:8047,dimension_distance_diagnostic,topology.self.CO.h1,,,,,,,0.0016748261405155063
trajectory_000000:8047,dimension_distance_diagnostic,topology.self.T.h0,,,,,,,0.0023593073710799217
trajectory_000000:8047,dimension_distance_diagnostic,topology.self.T.h1,,,,,,,0.00033678265754133463
trajectory_000000:8047,dimension_distance_diagnostic,topology.mutual.CO+T.h0,,,,,,,0.005477170925587416
trajectory_000000:8047,dimension_distance_diagnostic,topology.mutual.CO+T.h1,,,,,,,0.0014185216277837753
trajectory_000000:8063,self,self.CO,sublevel,h0,0.1,5,5,0,
trajectory_000000:8063,self,self.CO,sublevel,h0,0.25,1,5,4,
trajectory_000000:8063,self,self.CO,sublevel,h0,0.5,15,12,3,
trajectory_000000:8063,self,self.CO,sublevel,h0,0.75,2,3,1,
trajectory_000000:8063,self,self.CO,sublevel,h0,0.9,3,3,0,
trajectory_000000:8063,self,self.CO,sublevel,h1,0.1,60,3,57,
trajectory_000000:8063,self,self.CO,sublevel,h1,0.25,0,3,3,
trajectory_000000:8063,self,self.CO,sublevel,h1,0.5,0,0,0,
trajectory_000000:8063,self,self.CO,sublevel,h1,0.75,2,0,2,
trajectory_000000:8063,self,self.CO,sublevel,h1,0.9,6,4,2,
trajectory_000000:8063,self,self.T,sublevel,h0,0.1,4,3,1,
trajectory_000000:8063,self,self.T,sublevel,h0,0.25,2,4,2,
trajectory_000000:8063,self,self.T,sublevel,h0,0.5,21,15,6,
trajectory_000000:8063,self,self.T,sublevel,h0,0.75,2,1,1,
trajectory_000000:8063,self,self.T,sublevel,h0,0.9,1,1,0,
trajectory_000000:8063,self,self.T,sublevel,h1,0.1,0,0,0,
trajectory_000000:8063,self,self.T,sublevel,h1,0.25,0,0,0,
trajectory_000000:8063,self,self.T,sublevel,h1,0.5,0,0,0,
trajectory_000000:8063,self,self.T,sublevel,h1,0.75,0,2,2,
trajectory_000000:8063,self,self.T,sublevel,h1,0.9,4,6,2,
trajectory_000000:8063,mutual,mutual.CO+T,sublevel,h0,0.1,4,3,1,
trajectory_000000:8063,mutual,mutual.CO+T,sublevel,h0,0.25,2,4,2,
trajectory_000000:8063,mutual,mutual.CO+T,sublevel,h0,0.5,14,16,2,
trajectory_000000:8063,mutual,mutual.CO+T,sublevel,h0,0.75,12,4,8,
trajectory_000000:8063,mutual,mutual.CO+T,sublevel,h0,0.9,3,3,0,
trajectory_000000:8063,mutual,mutual.CO+T,sublevel,h1,0.1,0,0,0,
trajectory_000000:8063,mutual,mutual.CO+T,sublevel,h1,0.25,0,0,0,
trajectory_000000:8063,mutual,mutual.CO+T,sublevel,h1,0.5,0,0,0,
trajectory_000000:8063,mutual,mutual.CO+T,sublevel,h1,0.75,4,7,3,
trajectory_000000:8063,mutual,mutual.CO+T,sublevel,h1,0.9,6,4,2,
trajectory_000000:8063,mutual,mutual.CO+T,sublevel,h0,0.1,1,5,4,
trajectory_000000:8063,mutual,mutual.CO+T,sublevel,h0,0.25,1,5,4,
trajectory_000000:8063,mutual,mutual.CO+T,sublevel,h0,0.5,9,15,6,
trajectory_000000:8063,mutual,mutual.CO+T,sublevel,h0,0.75,12,3,9,
trajectory_000000:8063,mutual,mutual.CO+T,sublevel,h0,0.9,3,3,0,
trajectory_000000:8063,mutual,mutual.CO+T,sublevel,h1,0.1,0,3,3,
trajectory_000000:8063,mutual,mutual.CO+T,sublevel,h1,0.25,0,3,3,
trajectory_000000:8063,mutual,mutual.CO+T,sublevel,h1,0.5,0,0,0,
trajectory_000000:8063,mutual,mutual.CO+T,sublevel,h1,0.75,3,8,5,
trajectory_000000:8063,mutual,mutual.CO+T,sublevel,h1,0.9,6,4,2,
trajectory_000000:8063,mutual,mutual.CO+T,sublevel,h0,0.1,4,3,1,
trajectory_000000:8063,mutual,mutual.CO+T,sublevel,h0,0.25,2,4,2,
trajectory_000000:8063,mutual,mutual.CO+T,sublevel,h0,0.5,9,8,1,
trajectory_000000:8063,mutual,mutual.CO+T,sublevel,h0,0.75,2,3,1,
trajectory_000000:8063,mutual,mutual.CO+T,sublevel,h0,0.9,3,3,0,
trajectory_000000:8063,mutual,mutual.CO+T,sublevel,h1,0.1,0,0,0,
trajectory_000000:8063,mutual,mutual.CO+T,sublevel,h1,0.25,0,0,0,
trajectory_000000:8063,mutual,mutual.CO+T,sublevel,h1,0.5,0,0,0,
trajectory_000000:8063,mutual,mutual.CO+T,sublevel,h1,0.75,2,0,2,
trajectory_000000:8063,mutual,mutual.CO+T,sublevel,h1,0.9,6,4,2,
trajectory_000000:8063,self,self.CO,superlevel,h0,0.1,10,7,3,
trajectory_000000:8063,self,self.CO,superlevel,h0,0.25,5,2,3,
trajectory_000000:8063,self,self.CO,superlevel,h0,0.5,1,1,0,
trajectory_000000:8063,self,self.CO,superlevel,h0,0.75,99,4,95,
trajectory_000000:8063,self,self.CO,superlevel,h0,0.9,1,4,3,
trajectory_000000:8063,self,self.CO,superlevel,h1,0.1,0,1,1,
trajectory_000000:8063,self,self.CO,superlevel,h1,0.25,1,1,0,
trajectory_000000:8063,self,self.CO,superlevel,h1,0.5,2,2,0,
trajectory_000000:8063,self,self.CO,superlevel,h1,0.75,0,1,1,
trajectory_000000:8063,self,self.CO,superlevel,h1,0.9,65,1,64,
trajectory_000000:8063,self,self.T,superlevel,h0,0.1,6,7,1,
trajectory_000000:8063,self,self.T,superlevel,h0,0.25,3,2,1,
trajectory_000000:8063,self,self.T,superlevel,h0,0.5,1,1,0,
trajectory_000000:8063,self,self.T,superlevel,h0,0.75,1,3,2,
trajectory_000000:8063,self,self.T,superlevel,h0,0.9,2,2,0,
trajectory_000000:8063,self,self.T,superlevel,h1,0.1,0,0,0,
trajectory_000000:8063,self,self.T,superlevel,h1,0.25,0,0,0,
trajectory_000000:8063,self,self.T,superlevel,h1,0.5,2,0,2,
trajectory_000000:8063,self,self.T,superlevel,h1,0.75,0,1,1,
trajectory_000000:8063,self,self.T,superlevel,h1,0.9,1,1,0,
trajectory_000000:8063,mutual,mutual.CO+T,superlevel,h0,0.1,7,5,2,
trajectory_000000:8063,mutual,mutual.CO+T,superlevel,h0,0.25,3,5,2,
trajectory_000000:8063,mutual,mutual.CO+T,superlevel,h0,0.5,1,1,0,
trajectory_000000:8063,mutual,mutual.CO+T,superlevel,h0,0.75,1,3,2,
trajectory_000000:8063,mutual,mutual.CO+T,superlevel,h0,0.9,2,2,0,
trajectory_000000:8063,mutual,mutual.CO+T,superlevel,h1,0.1,0,0,0,
trajectory_000000:8063,mutual,mutual.CO+T,superlevel,h1,0.25,1,0,1,
trajectory_000000:8063,mutual,mutual.CO+T,superlevel,h1,0.5,2,0,2,
trajectory_000000:8063,mutual,mutual.CO+T,superlevel,h1,0.75,0,1,1,
trajectory_000000:8063,mutual,mutual.CO+T,superlevel,h1,0.9,1,1,0,
trajectory_000000:8063,mutual,mutual.CO+T,superlevel,h0,0.1,21,17,4,
trajectory_000000:8063,mutual,mutual.CO+T,superlevel,h0,0.25,4,3,1,
trajectory_000000:8063,mutual,mutual.CO+T,superlevel,h0,0.5,3,1,2,
trajectory_000000:8063,mutual,mutual.CO+T,superlevel,h0,0.75,1,3,2,
trajectory_000000:8063,mutual,mutual.CO+T,superlevel,h0,0.9,2,2,0,
trajectory_000000:8063,mutual,mutual.CO+T,superlevel,h1,0.1,0,0,0,
trajectory_000000:8063,mutual,mutual.CO+T,superlevel,h1,0.25,1,1,0,
trajectory_000000:8063,mutual,mutual.CO+T,superlevel,h1,0.5,0,1,1,
trajectory_000000:8063,mutual,mutual.CO+T,superlevel,h1,0.75,0,1,1,
trajectory_000000:8063,mutual,mutual.CO+T,superlevel,h1,0.9,1,1,0,
trajectory_000000:8063,mutual,mutual.CO+T,superlevel,h0,0.1,18,12,6,
trajectory_000000:8063,mutual,mutual.CO+T,superlevel,h0,0.25,5,3,2,
trajectory_000000:8063,mutual,mutual.CO+T,superlevel,h0,0.5,1,1,0,
trajectory_000000:8063,mutual,mutual.CO+T,superlevel,h0,0.75,1,4,3,
trajectory_000000:8063,mutual,mutual.CO+T,superlevel,h0,0.9,1,4,3,
trajectory_000000:8063,mutual,mutual.CO+T,superlevel,h1,0.1,0,0,0,
trajectory_000000:8063,mutual,mutual.CO+T,superlevel,h1,0.25,2,1,1,
trajectory_000000:8063,mutual,mutual.CO+T,superlevel,h1,0.5,3,2,1,
trajectory_000000:8063,mutual,mutual.CO+T,superlevel,h1,0.75,1,1,0,
trajectory_000000:8063,mutual,mutual.CO+T,superlevel,h1,0.9,1,1,0,
trajectory_000000:8063,persistence_distance,topology.self.persistence,,,,,,,0.006486508063971996
trajectory_000000:8063,persistence_distance,topology.mutual.persistence,,,,,,,0.0013372296234592795
trajectory_000000:8063,persistence_distance,topology.component_weighted_total_before_outer_family_weight,,,,,,,0.00782373733818531
trajectory_000000:8063,dimension_distance_diagnostic,topology.self.CO.h0,,,,,,,0.02271171472966671
trajectory_000000:8063,dimension_distance_diagnostic,topology.self.CO.h1,,,,,,,0.0009461459121666849
trajectory_000000:8063,dimension_distance_diagnostic,topology.self.T.h0,,,,,,,0.0021443204022943974
trajectory_000000:8063,dimension_distance_diagnostic,topology.self.T.h1,,,,,,,0.00014385199756361544
trajectory_000000:8063,dimension_distance_diagnostic,topology.mutual.CO+T.h0,,,,,,,0.0019137361086905003
trajectory_000000:8063,dimension_distance_diagnostic,topology.mutual.CO+T.h1,,,,,,,0.0007607233710587025
trajectory_000000:8079,self,self.CO,sublevel,h0,0.1,8,2,6,
trajectory_000000:8079,self,self.CO,sublevel,h0,0.25,1,2,1,
trajectory_000000:8079,self,self.CO,sublevel,h0,0.5,18,6,12,
trajectory_000000:8079,self,self.CO,sublevel,h0,0.75,5,4,1,
trajectory_000000:8079,self,self.CO,sublevel,h0,0.9,1,3,2,
trajectory_000000:8079,self,self.CO,sublevel,h1,0.1,64,2,62,
trajectory_000000:8079,self,self.CO,sublevel,h1,0.25,0,2,2,
trajectory_000000:8079,self,self.CO,sublevel,h1,0.5,0,2,2,
trajectory_000000:8079,self,self.CO,sublevel,h1,0.75,1,3,2,
trajectory_000000:8079,self,self.CO,sublevel,h1,0.9,9,3,6,
trajectory_000000:8079,self,self.T,sublevel,h0,0.1,3,4,1,
trajectory_000000:8079,self,self.T,sublevel,h0,0.25,5,4,1,
trajectory_000000:8079,self,self.T,sublevel,h0,0.5,16,5,11,
trajectory_000000:8079,self,self.T,sublevel,h0,0.75,2,1,1,
trajectory_000000:8079,self,self.T,sublevel,h0,0.9,1,1,0,
trajectory_000000:8079,self,self.T,sublevel,h1,0.1,0,1,1,
trajectory_000000:8079,self,self.T,sublevel,h1,0.25,2,2,0,
trajectory_000000:8079,self,self.T,sublevel,h1,0.5,0,0,0,
trajectory_000000:8079,self,self.T,sublevel,h1,0.75,0,6,6,
trajectory_000000:8079,self,self.T,sublevel,h1,0.9,3,0,3,
trajectory_000000:8079,mutual,mutual.CO+T,sublevel,h0,0.1,3,4,1,
trajectory_000000:8079,mutual,mutual.CO+T,sublevel,h0,0.25,5,4,1,
trajectory_000000:8079,mutual,mutual.CO+T,sublevel,h0,0.5,18,13,5,
trajectory_000000:8079,mutual,mutual.CO+T,sublevel,h0,0.75,9,3,6,
trajectory_000000:8079,mutual,mutual.CO+T,sublevel,h0,0.9,2,3,1,
trajectory_000000:8079,mutual,mutual.CO+T,sublevel,h1,0.1,0,1,1,
trajectory_000000:8079,mutual,mutual.CO+T,sublevel,h1,0.25,2,2,0,
trajectory_000000:8079,mutual,mutual.CO+T,sublevel,h1,0.5,0,0,0,
trajectory_000000:8079,mutual,mutual.CO+T,sublevel,h1,0.75,13,4,9,
trajectory_000000:8079,mutual,mutual.CO+T,sublevel,h1,0.9,11,4,7,
trajectory_000000:8079,mutual,mutual.CO+T,sublevel,h0,0.1,1,2,1,
trajectory_000000:8079,mutual,mutual.CO+T,sublevel,h0,0.25,1,2,1,
trajectory_000000:8079,mutual,mutual.CO+T,sublevel,h0,0.5,17,13,4,
trajectory_000000:8079,mutual,mutual.CO+T,sublevel,h0,0.75,12,2,10,
trajectory_000000:8079,mutual,mutual.CO+T,sublevel,h0,0.9,1,3,2,
trajectory_000000:8079,mutual,mutual.CO+T,sublevel,h1,0.1,0,2,2,
trajectory_000000:8079,mutual,mutual.CO+T,sublevel,h1,0.25,0,2,2,
trajectory_000000:8079,mutual,mutual.CO+T,sublevel,h1,0.5,0,0,0,
trajectory_000000:8079,mutual,mutual.CO+T,sublevel,h1,0.75,10,4,6,
trajectory_000000:8079,mutual,mutual.CO+T,sublevel,h1,0.9,9,3,6,
trajectory_000000:8079,mutual,mutual.CO+T,sublevel,h0,0.1,3,4,1,
trajectory_000000:8079,mutual,mutual.CO+T,sublevel,h0,0.25,5,4,1,
trajectory_000000:8079,mutual,mutual.CO+T,sublevel,h0,0.5,11,11,0,
trajectory_000000:8079,mutual,mutual.CO+T,sublevel,h0,0.75,5,4,1,
trajectory_000000:8079,mutual,mutual.CO+T,sublevel,h0,0.9,1,3,2,
trajectory_000000:8079,mutual,mutual.CO+T,sublevel,h1,0.1,0,1,1,
trajectory_000000:8079,mutual,mutual.CO+T,sublevel,h1,0.25,2,2,0,
trajectory_000000:8079,mutual,mutual.CO+T,sublevel,h1,0.5,0,0,0,
trajectory_000000:8079,mutual,mutual.CO+T,sublevel,h1,0.75,1,3,2,
trajectory_000000:8079,mutual,mutual.CO+T,sublevel,h1,0.9,9,3,6,
trajectory_000000:8079,self,self.CO,superlevel,h0,0.1,15,5,10,
trajectory_000000:8079,self,self.CO,superlevel,h0,0.25,3,4,1,
trajectory_000000:8079,self,self.CO,superlevel,h0,0.5,1,4,3,
trajectory_000000:8079,self,self.CO,superlevel,h0,0.75,102,4,98,
trajectory_000000:8079,self,self.CO,superlevel,h0,0.9,1,4,3,
trajectory_000000:8079,self,self.CO,superlevel,h1,0.1,0,1,1,
trajectory_000000:8079,self,self.CO,superlevel,h1,0.25,2,0,2,
trajectory_000000:8079,self,self.CO,superlevel,h1,0.5,1,0,1,
trajectory_000000:8079,self,self.CO,superlevel,h1,0.75,0,0,0,
trajectory_000000:8079,self,self.CO,superlevel,h1,0.9,63,0,63,
trajectory_000000:8079,self,self.T,superlevel,h0,0.1,7,0,7,
trajectory_000000:8079,self,self.T,superlevel,h0,0.25,1,6,5,
trajectory_000000:8079,self,self.T,superlevel,h0,0.5,1,1,0,
trajectory_000000:8079,self,self.T,superlevel,h0,0.75,3,3,0,
trajectory_000000:8079,self,self.T,superlevel,h0,0.9,1,4,3,
trajectory_000000:8079,self,self.T,superlevel,h1,0.1,0,0,0,
trajectory_000000:8079,self,self.T,superlevel,h1,0.25,0,0,0,
trajectory_000000:8079,self,self.T,superlevel,h1,0.5,0,0,0,
trajectory_000000:8079,self,self.T,superlevel,h1,0.75,1,2,1,
trajectory_000000:8079,self,self.T,superlevel,h1,0.9,0,1,1,
trajectory_000000:8079,mutual,mutual.CO+T,superlevel,h0,0.1,8,4,4,
trajectory_000000:8079,mutual,mutual.CO+T,superlevel,h0,0.25,1,4,3,
trajectory_000000:8079,mutual,mutual.CO+T,superlevel,h0,0.5,1,1,0,
trajectory_000000:8079,mutual,mutual.CO+T,superlevel,h0,0.75,3,3,0,
trajectory_000000:8079,mutual,mutual.CO+T,superlevel,h0,0.9,1,4,3,
trajectory_000000:8079,mutual,mutual.CO+T,superlevel,h1,0.1,0,0,0,
trajectory_000000:8079,mutual,mutual.CO+T,superlevel,h1,0.25,1,0,1,
trajectory_000000:8079,mutual,mutual.CO+T,superlevel,h1,0.5,0,0,0,
trajectory_000000:8079,mutual,mutual.CO+T,superlevel,h1,0.75,1,2,1,
trajectory_000000:8079,mutual,mutual.CO+T,superlevel,h1,0.9,0,1,1,
trajectory_000000:8079,mutual,mutual.CO+T,superlevel,h0,0.1,13,15,2,
trajectory_000000:8079,mutual,mutual.CO+T,superlevel,h0,0.25,6,3,3,
trajectory_000000:8079,mutual,mutual.CO+T,superlevel,h0,0.5,1,1,0,
trajectory_000000:8079,mutual,mutual.CO+T,superlevel,h0,0.75,3,3,0,
trajectory_000000:8079,mutual,mutual.CO+T,superlevel,h0,0.9,1,4,3,
trajectory_000000:8079,mutual,mutual.CO+T,superlevel,h1,0.1,0,0,0,
trajectory_000000:8079,mutual,mutual.CO+T,superlevel,h1,0.25,0,3,3,
trajectory_000000:8079,mutual,mutual.CO+T,superlevel,h1,0.5,0,0,0,
trajectory_000000:8079,mutual,mutual.CO+T,superlevel,h1,0.75,1,2,1,
trajectory_000000:8079,mutual,mutual.CO+T,superlevel,h1,0.9,0,1,1,
trajectory_000000:8079,mutual,mutual.CO+T,superlevel,h0,0.1,15,9,6,
trajectory_000000:8079,mutual,mutual.CO+T,superlevel,h0,0.25,6,1,5,
trajectory_000000:8079,mutual,mutual.CO+T,superlevel,h0,0.5,1,4,3,
trajectory_000000:8079,mutual,mutual.CO+T,superlevel,h0,0.75,1,4,3,
trajectory_000000:8079,mutual,mutual.CO+T,superlevel,h0,0.9,1,4,3,
trajectory_000000:8079,mutual,mutual.CO+T,superlevel,h1,0.1,0,0,0,
trajectory_000000:8079,mutual,mutual.CO+T,superlevel,h1,0.25,0,3,3,
trajectory_000000:8079,mutual,mutual.CO+T,superlevel,h1,0.5,1,0,1,
trajectory_000000:8079,mutual,mutual.CO+T,superlevel,h1,0.75,1,0,1,
trajectory_000000:8079,mutual,mutual.CO+T,superlevel,h1,0.9,1,0,1,
trajectory_000000:8079,persistence_distance,topology.self.persistence,,,,,,,0.008050843141973019
trajectory_000000:8079,persistence_distance,topology.mutual.persistence,,,,,,,0.0022990708239376545
trajectory_000000:8079,persistence_distance,topology.component_weighted_total_before_outer_family_weight,,,,,,,0.01034991443157196
trajectory_000000:8079,dimension_distance_diagnostic,topology.self.CO.h0,,,,,,,0.02586943842470646
trajectory_000000:8079,dimension_distance_diagnostic,topology.self.CO.h1,,,,,,,0.0009285801206715405
trajectory_000000:8079,dimension_distance_diagnostic,topology.self.T.h0,,,,,,,0.0053151873871684074
trajectory_000000:8079,dimension_distance_diagnostic,topology.self.T.h1,,,,,,,9.016688272822648e-05
trajectory_000000:8079,dimension_distance_diagnostic,topology.mutual.CO+T.h0,,,,,,,0.0038102101534605026
trajectory_000000:8079,dimension_distance_diagnostic,topology.mutual.CO+T.h1,,,,,,,0.0007879314944148064
trajectory_000000:8095,self,self.CO,sublevel,h0,0.1,3,2,1,
trajectory_000000:8095,self,self.CO,sublevel,h0,0.25,3,2,1,
trajectory_000000:8095,self,self.CO,sublevel,h0,0.5,7,8,1,
trajectory_000000:8095,self,self.CO,sublevel,h0,0.75,3,1,2,
trajectory_000000:8095,self,self.CO,sublevel,h0,0.9,1,2,1,
trajectory_000000:8095,self,self.CO,sublevel,h1,0.1,76,0,76,
trajectory_000000:8095,self,self.CO,sublevel,h1,0.25,76,0,76,
trajectory_000000:8095,self,self.CO,sublevel,h1,0.5,0,0,0,
trajectory_000000:8095,self,self.CO,sublevel,h1,0.75,2,0,2,
trajectory_000000:8095,self,self.CO,sublevel,h1,0.9,3,2,1,
trajectory_000000:8095,self,self.T,sublevel,h0,0.1,2,6,4,
trajectory_000000:8095,self,self.T,sublevel,h0,0.25,5,2,3,
trajectory_000000:8095,self,self.T,sublevel,h0,0.5,11,5,6,
trajectory_000000:8095,self,self.T,sublevel,h0,0.75,1,2,1,
trajectory_000000:8095,self,self.T,sublevel,h0,0.9,1,1,0,
trajectory_000000:8095,self,self.T,sublevel,h1,0.1,0,0,0,
trajectory_000000:8095,self,self.T,sublevel,h1,0.25,0,1,1,
trajectory_000000:8095,self,self.T,sublevel,h1,0.5,0,0,0,
trajectory_000000:8095,self,self.T,sublevel,h1,0.75,1,2,1,
trajectory_000000:8095,self,self.T,sublevel,h1,0.9,6,2,4,
trajectory_000000:8095,mutual,mutual.CO+T,sublevel,h0,0.1,2,6,4,
trajectory_000000:8095,mutual,mutual.CO+T,sublevel,h0,0.25,5,2,3,
trajectory_000000:8095,mutual,mutual.CO+T,sublevel,h0,0.5,13,5,8,
trajectory_000000:8095,mutual,mutual.CO+T,sublevel,h0,0.75,8,6,2,
trajectory_000000:8095,mutual,mutual.CO+T,sublevel,h0,0.9,1,2,1,
trajectory_000000:8095,mutual,mutual.CO+T,sublevel,h1,0.1,0,0,0,
trajectory_000000:8095,mutual,mutual.CO+T,sublevel,h1,0.25,0,1,1,
trajectory_000000:8095,mutual,mutual.CO+T,sublevel,h1,0.5,0,0,0,
trajectory_000000:8095,mutual,mutual.CO+T,sublevel,h1,0.75,2,4,2,
trajectory_000000:8095,mutual,mutual.CO+T,sublevel,h1,0.9,5,6,1,
trajectory_000000:8095,mutual,mutual.CO+T,sublevel,h0,0.1,3,2,1,
trajectory_000000:8095,mutual,mutual.CO+T,sublevel,h0,0.25,3,2,1,
trajectory_000000:8095,mutual,mutual.CO+T,sublevel,h0,0.5,10,7,3,
trajectory_000000:8095,mutual,mutual.CO+T,sublevel,h0,0.75,9,6,3,
trajectory_000000:8095,mutual,mutual.CO+T,sublevel,h0,0.9,1,2,1,
trajectory_000000:8095,mutual,mutual.CO+T,sublevel,h1,0.1,76,0,76,
trajectory_000000:8095,mutual,mutual.CO+T,sublevel,h1,0.25,76,0,76,
trajectory_000000:8095,mutual,mutual.CO+T,sublevel,h1,0.5,0,0,0,
trajectory_000000:8095,mutual,mutual.CO+T,sublevel,h1,0.75,2,4,2,
trajectory_000000:8095,mutual,mutual.CO+T,sublevel,h1,0.9,4,7,3,
trajectory_000000:8095,mutual,mutual.CO+T,sublevel,h0,0.1,2,6,4,
trajectory_000000:8095,mutual,mutual.CO+T,sublevel,h0,0.25,5,2,3,
trajectory_000000:8095,mutual,mutual.CO+T,sublevel,h0,0.5,13,8,5,
trajectory_000000:8095,mutual,mutual.CO+T,sublevel,h0,0.75,3,1,2,
trajectory_000000:8095,mutual,mutual.CO+T,sublevel,h0,0.9,1,2,1,
trajectory_000000:8095,mutual,mutual.CO+T,sublevel,h1,0.1,0,0,0,
trajectory_000000:8095,mutual,mutual.CO+T,sublevel,h1,0.25,0,1,1,
trajectory_000000:8095,mutual,mutual.CO+T,sublevel,h1,0.5,0,0,0,
trajectory_000000:8095,mutual,mutual.CO+T,sublevel,h1,0.75,2,0,2,
trajectory_000000:8095,mutual,mutual.CO+T,sublevel,h1,0.9,3,2,1,
trajectory_000000:8095,self,self.CO,superlevel,h0,0.1,5,3,2,
trajectory_000000:8095,self,self.CO,superlevel,h0,0.25,6,1,5,
trajectory_000000:8095,self,self.CO,superlevel,h0,0.5,1,2,1,
trajectory_000000:8095,self,self.CO,superlevel,h0,0.75,1,2,1,
trajectory_000000:8095,self,self.CO,superlevel,h0,0.9,1,2,1,
trajectory_000000:8095,self,self.CO,superlevel,h1,0.1,0,1,1,
trajectory_000000:8095,self,self.CO,superlevel,h1,0.25,2,0,2,
trajectory_000000:8095,self,self.CO,superlevel,h1,0.5,0,0,0,
trajectory_000000:8095,self,self.CO,superlevel,h1,0.75,82,1,81,
trajectory_000000:8095,self,self.CO,superlevel,h1,0.9,82,1,81,
trajectory_000000:8095,self,self.T,superlevel,h0,0.1,8,3,5,
trajectory_000000:8095,self,self.T,superlevel,h0,0.25,2,3,1,
trajectory_000000:8095,self,self.T,superlevel,h0,0.5,1,1,0,
trajectory_000000:8095,self,self.T,superlevel,h0,0.75,3,3,0,
trajectory_000000:8095,self,self.T,superlevel,h0,0.9,1,2,1,
trajectory_000000:8095,self,self.T,superlevel,h1,0.1,0,0,0,
trajectory_000000:8095,self,self.T,superlevel,h1,0.25,0,0,0,
trajectory_000000:8095,self,self.T,superlevel,h1,0.5,0,0,0,
trajectory_000000:8095,self,self.T,superlevel,h1,0.75,1,0,1,
trajectory_000000:8095,self,self.T,superlevel,h1,0.9,0,1,1,
trajectory_000000:8095,mutual,mutual.CO+T,superlevel,h0,0.1,10,3,7,
trajectory_000000:8095,mutual,mutual.CO+T,superlevel,h0,0.25,2,3,1,
trajectory_000000:8095,mutual,mutual.CO+T,superlevel,h0,0.5,1,1,0,
trajectory_000000:8095,mutual,mutual.CO+T,superlevel,h0,0.75,3,3,0,
trajectory_000000:8095,mutual,mutual.CO+T,superlevel,h0,0.9,1,2,1,
trajectory_000000:8095,mutual,mutual.CO+T,superlevel,h1,0.1,0,0,0,
trajectory_000000:8095,mutual,mutual.CO+T,superlevel,h1,0.25,1,0,1,
trajectory_000000:8095,mutual,mutual.CO+T,superlevel,h1,0.5,0,0,0,
trajectory_000000:8095,mutual,mutual.CO+T,superlevel,h1,0.75,1,0,1,
trajectory_000000:8095,mutual,mutual.CO+T,superlevel,h1,0.9,0,1,1,
trajectory_000000:8095,mutual,mutual.CO+T,superlevel,h0,0.1,8,8,0,
trajectory_000000:8095,mutual,mutual.CO+T,superlevel,h0,0.25,5,1,4,
trajectory_000000:8095,mutual,mutual.CO+T,superlevel,h0,0.5,1,1,0,
trajectory_000000:8095,mutual,mutual.CO+T,superlevel,h0,0.75,3,3,0,
trajectory_000000:8095,mutual,mutual.CO+T,superlevel,h0,0.9,1,2,1,
trajectory_000000:8095,mutual,mutual.CO+T,superlevel,h1,0.1,0,2,2,
trajectory_000000:8095,mutual,mutual.CO+T,superlevel,h1,0.25,1,2,1,
trajectory_000000:8095,mutual,mutual.CO+T,superlevel,h1,0.5,0,1,1,
trajectory_000000:8095,mutual,mutual.CO+T,superlevel,h1,0.75,1,0,1,
trajectory_000000:8095,mutual,mutual.CO+T,superlevel,h1,0.9,0,1,1,
trajectory_000000:8095,mutual,mutual.CO+T,superlevel,h0,0.1,6,6,0,
trajectory_000000:8095,mutual,mutual.CO+T,superlevel,h0,0.25,4,1,3,
trajectory_000000:8095,mutual,mutual.CO+T,superlevel,h0,0.5,1,2,1,
trajectory_000000:8095,mutual,mutual.CO+T,superlevel,h0,0.75,1,2,1,
trajectory_000000:8095,mutual,mutual.CO+T,superlevel,h0,0.9,1,2,1,
trajectory_000000:8095,mutual,mutual.CO+T,superlevel,h1,0.1,0,1,1,
trajectory_000000:8095,mutual,mutual.CO+T,superlevel,h1,0.25,1,2,1,
trajectory_000000:8095,mutual,mutual.CO+T,superlevel,h1,0.5,0,0,0,
trajectory_000000:8095,mutual,mutual.CO+T,superlevel,h1,0.75,82,1,81,
trajectory_000000:8095,mutual,mutual.CO+T,superlevel,h1,0.9,82,1,81,
trajectory_000000:8095,persistence_distance,topology.self.persistence,,,,,,,0.011061904951930046
trajectory_000000:8095,persistence_distance,topology.mutual.persistence,,,,,,,0.0032302921172231436
trajectory_000000:8095,persistence_distance,topology.component_weighted_total_before_outer_family_weight,,,,,,,0.014292197301983833
trajectory_000000:8095,dimension_distance_diagnostic,topology.self.CO.h0,,,,,,,0.03985787183046341
trajectory_000000:8095,dimension_distance_diagnostic,topology.self.CO.h1,,,,,,,0.0012472138041630387
trajectory_000000:8095,dimension_distance_diagnostic,topology.self.T.h0,,,,,,,0.0030047311447560787
trajectory_000000:8095,dimension_distance_diagnostic,topology.self.T.h1,,,,,,,0.00013779971050098538
trajectory_000000:8095,dimension_distance_diagnostic,topology.mutual.CO+T.h0,,,,,,,0.005430435296148062
trajectory_000000:8095,dimension_distance_diagnostic,topology.mutual.CO+T.h1,,,,,,,0.0010301489382982254
trajectory_000000:8111,self,self.CO,sublevel,h0,0.1,1,1,0,
trajectory_000000:8111,self,self.CO,sublevel,h0,0.25,1,1,0,
trajectory_000000:8111,self,self.CO,sublevel,h0,0.5,1,1,0,
trajectory_000000:8111,self,self.CO,sublevel,h0,0.75,4,1,3,
trajectory_000000:8111,self,self.CO,sublevel,h0,0.9,3,2,1,
trajectory_000000:8111,self,self.CO,sublevel,h1,0.1,0,0,0,
trajectory_000000:8111,self,self.CO,sublevel,h1,0.25,0,0,0,
trajectory_000000:8111,self,self.CO,sublevel,h1,0.5,0,0,0,
trajectory_000000:8111,self,self.CO,sublevel,h1,0.75,4,1,3,
trajectory_000000:8111,self,self.CO,sublevel,h1,0.9,5,5,0,
trajectory_000000:8111,self,self.T,sublevel,h0,0.1,6,5,1,
trajectory_000000:8111,self,self.T,sublevel,h0,0.25,9,4,5,
trajectory_000000:8111,self,self.T,sublevel,h0,0.5,1,1,0,
trajectory_000000:8111,self,self.T,sublevel,h0,0.75,1,2,1,
trajectory_000000:8111,self,self.T,sublevel,h0,0.9,1,1,0,
trajectory_000000:8111,self,self.T,sublevel,h1,0.1,0,1,1,
trajectory_000000:8111,self,self.T,sublevel,h1,0.25,0,1,1,
trajectory_000000:8111,self,self.T,sublevel,h1,0.5,0,0,0,
trajectory_000000:8111,self,self.T,sublevel,h1,0.75,4,1,3,
trajectory_000000:8111,self,self.T,sublevel,h1,0.9,3,5,2,
trajectory_000000:8111,mutual,mutual.CO+T,sublevel,h0,0.1,6,5,1,
trajectory_000000:8111,mutual,mutual.CO+T,sublevel,h0,0.25,9,4,5,
trajectory_000000:8111,mutual,mutual.CO+T,sublevel,h0,0.5,1,1,0,
trajectory_000000:8111,mutual,mutual.CO+T,sublevel,h0,0.75,16,4,12,
trajectory_000000:8111,mutual,mutual.CO+T,sublevel,h0,0.9,3,2,1,
trajectory_000000:8111,mutual,mutual.CO+T,sublevel,h1,0.1,0,1,1,
trajectory_000000:8111,mutual,mutual.CO+T,sublevel,h1,0.25,0,1,1,
trajectory_000000:8111,mutual,mutual.CO+T,sublevel,h1,0.5,0,0,0,
trajectory_000000:8111,mutual,mutual.CO+T,sublevel,h1,0.75,1,2,1,
trajectory_000000:8111,mutual,mutual.CO+T,sublevel,h1,0.9,8,4,4,
trajectory_000000:8111,mutual,mutual.CO+T,sublevel,h0,0.1,1,1,0,
trajectory_000000:8111,mutual,mutual.CO+T,sublevel,h0,0.25,1,1,0,
trajectory_000000:8111,mutual,mutual.CO+T,sublevel,h0,0.5,1,1,0,
trajectory_000000:8111,mutual,mutual.CO+T,sublevel,h0,0.75,16,4,12,
trajectory_000000:8111,mutual,mutual.CO+T,sublevel,h0,0.9,4,1,3,
trajectory_000000:8111,mutual,mutual.CO+T,sublevel,h1,0.1,0,0,0,
trajectory_000000:8111,mutual,mutual.CO+T,sublevel,h1,0.25,0,0,0,
trajectory_000000:8111,mutual,mutual.CO+T,sublevel,h1,0.5,0,0,0,
trajectory_000000:8111,mutual,mutual.CO+T,sublevel,h1,0.75,1,2,1,
trajectory_000000:8111,mutual,mutual.CO+T,sublevel,h1,0.9,10,4,6,
trajectory_000000:8111,mutual,mutual.CO+T,sublevel,h0,0.1,6,5,1,
trajectory_000000:8111,mutual,mutual.CO+T,sublevel,h0,0.25,9,4,5,
trajectory_000000:8111,mutual,mutual.CO+T,sublevel,h0,0.5,1,1,0,
trajectory_000000:8111,mutual,mutual.CO+T,sublevel,h0,0.75,4,1,3,
trajectory_000000:8111,mutual,mutual.CO+T,sublevel,h0,0.9,3,2,1,
trajectory_000000:8111,mutual,mutual.CO+T,sublevel,h1,0.1,0,1,1,
trajectory_000000:8111,mutual,mutual.CO+T,sublevel,h1,0.25,0,1,1,
trajectory_000000:8111,mutual,mutual.CO+T,sublevel,h1,0.5,0,0,0,
trajectory_000000:8111,mutual,mutual.CO+T,sublevel,h1,0.75,4,1,3,
trajectory_000000:8111,mutual,mutual.CO+T,sublevel,h1,0.9,5,5,0,
trajectory_000000:8111,self,self.CO,superlevel,h0,0.1,12,7,5,
trajectory_000000:8111,self,self.CO,superlevel,h0,0.25,6,2,4,
trajectory_000000:8111,self,self.CO,superlevel,h0,0.5,2,1,1,
trajectory_000000:8111,self,self.CO,superlevel,h0,0.75,1,1,0,
trajectory_000000:8111,self,self.CO,superlevel,h0,0.9,1,1,0,
trajectory_000000:8111,self,self.CO,superlevel,h1,0.1,2,0,2,
trajectory_000000:8111,self,self.CO,superlevel,h1,0.25,3,0,3,
trajectory_000000:8111,self,self.CO,superlevel,h1,0.5,0,0,0,
trajectory_000000:8111,self,self.CO,superlevel,h1,0.75,94,0,94,
trajectory_000000:8111,self,self.CO,superlevel,h1,0.9,94,0,94,
trajectory_000000:8111,self,self.T,superlevel,h0,0.1,4,5,1,
trajectory_000000:8111,self,self.T,superlevel,h0,0.25,5,2,3,
trajectory_000000:8111,self,self.T,superlevel,h0,0.5,2,1,1,
trajectory_000000:8111,self,self.T,superlevel,h0,0.75,1,3,2,
trajectory_000000:8111,self,self.T,superlevel,h0,0.9,1,3,2,
trajectory_000000:8111,self,self.T,superlevel,h1,0.1,0,0,0,
trajectory_000000:8111,self,self.T,superlevel,h1,0.25,0,0,0,
trajectory_000000:8111,self,self.T,superlevel,h1,0.5,0,0,0,
trajectory_000000:8111,self,self.T,superlevel,h1,0.75,1,0,1,
trajectory_000000:8111,self,self.T,superlevel,h1,0.9,3,0,3,
trajectory_000000:8111,mutual,mutual.CO+T,superlevel,h0,0.1,10,3,7,
trajectory_000000:8111,mutual,mutual.CO+T,superlevel,h0,0.25,7,3,4,
trajectory_000000:8111,mutual,mutual.CO+T,superlevel,h0,0.5,2,1,1,
trajectory_000000:8111,mutual,mutual.CO+T,superlevel,h0,0.75,1,3,2,
trajectory_000000:8111,mutual,mutual.CO+T,superlevel,h0,0.9,1,3,2,
trajectory_000000:8111,mutual,mutual.CO+T,superlevel,h1,0.1,0,0,0,
trajectory_000000:8111,mutual,mutual.CO+T,superlevel,h1,0.25,0,1,1,
trajectory_000000:8111,mutual,mutual.CO+T,superlevel,h1,0.5,0,0,0,
trajectory_000000:8111,mutual,mutual.CO+T,superlevel,h1,0.75,1,0,1,
trajectory_000000:8111,mutual,mutual.CO+T,superlevel,h1,0.9,3,0,3,
trajectory_000000:8111,mutual,mutual.CO+T,superlevel,h0,0.1,10,5,5,
trajectory_000000:8111,mutual,mutual.CO+T,superlevel,h0,0.25,6,2,4,
trajectory_000000:8111,mutual,mutual.CO+T,superlevel,h0,0.5,2,1,1,
trajectory_000000:8111,mutual,mutual.CO+T,superlevel,h0,0.75,1,3,2,
trajectory_000000:8111,mutual,mutual.CO+T,superlevel,h0,0.9,1,3,2,
trajectory_000000:8111,mutual,mutual.CO+T,superlevel,h1,0.1,0,0,0,
trajectory_000000:8111,mutual,mutual.CO+T,superlevel,h1,0.25,3,0,3,
trajectory_000000:8111,mutual,mutual.CO+T,superlevel,h1,0.5,0,0,0,
trajectory_000000:8111,mutual,mutual.CO+T,superlevel,h1,0.75,1,0,1,
trajectory_000000:8111,mutual,mutual.CO+T,superlevel,h1,0.9,3,0,3,
trajectory_000000:8111,mutual,mutual.CO+T,superlevel,h0,0.1,15,7,8,
trajectory_000000:8111,mutual,mutual.CO+T,superlevel,h0,0.25,6,3,3,
trajectory_000000:8111,mutual,mutual.CO+T,superlevel,h0,0.5,2,1,1,
trajectory_000000:8111,mutual,mutual.CO+T,superlevel,h0,0.75,1,1,0,
trajectory_000000:8111,mutual,mutual.CO+T,superlevel,h0,0.9,1,1,0,
trajectory_000000:8111,mutual,mutual.CO+T,superlevel,h1,0.1,0,0,0,
trajectory_000000:8111,mutual,mutual.CO+T,superlevel,h1,0.25,2,0,2,
trajectory_000000:8111,mutual,mutual.CO+T,superlevel,h1,0.5,0,0,0,
trajectory_000000:8111,mutual,mutual.CO+T,superlevel,h1,0.75,94,0,94,
trajectory_000000:8111,mutual,mutual.CO+T,superlevel,h1,0.9,94,0,94,
trajectory_000000:8111,persistence_distance,topology.self.persistence,,,,,,,0.02386329136788845
trajectory_000000:8111,persistence_distance,topology.mutual.persistence,,,,,,,0.003715500934049487
trajectory_000000:8111,persistence_distance,topology.component_weighted_total_before_outer_family_weight,,,,,,,0.027578791603446007
trajectory_000000:8111,dimension_distance_diagnostic,topology.self.CO.h0,,,,,,,0.08903315663337708
trajectory_000000:8111,dimension_distance_diagnostic,topology.self.CO.h1,,,,,,,0.0016322956653311849
trajectory_000000:8111,dimension_distance_diagnostic,topology.self.T.h0,,,,,,,0.004620780702680349
trajectory_000000:8111,dimension_distance_diagnostic,topology.self.T.h1,,,,,,,0.0001669391494942829
trajectory_000000:8111,dimension_distance_diagnostic,topology.mutual.CO+T.h0,,,,,,,0.006011779885739088
trajectory_000000:8111,dimension_distance_diagnostic,topology.mutual.CO+T.h1,,,,,,,0.001419222797267139
trajectory_000000:8126,self,self.CO,sublevel,h0,0.1,4,1,3,
trajectory_000000:8126,self,self.CO,sublevel,h0,0.25,4,1,3,
trajectory_000000:8126,self,self.CO,sublevel,h0,0.5,1,1,0,
trajectory_000000:8126,self,self.CO,sublevel,h0,0.75,1,3,2,
trajectory_000000:8126,self,self.CO,sublevel,h0,0.9,3,3,0,
trajectory_000000:8126,self,self.CO,sublevel,h1,0.1,91,0,91,
trajectory_000000:8126,self,self.CO,sublevel,h1,0.25,91,0,91,
trajectory_000000:8126,self,self.CO,sublevel,h1,0.5,0,1,1,
trajectory_000000:8126,self,self.CO,sublevel,h1,0.75,3,2,1,
trajectory_000000:8126,self,self.CO,sublevel,h1,0.9,5,1,4,
trajectory_000000:8126,self,self.T,sublevel,h0,0.1,1,3,2,
trajectory_000000:8126,self,self.T,sublevel,h0,0.25,2,3,1,
trajectory_000000:8126,self,self.T,sublevel,h0,0.5,1,1,0,
trajectory_000000:8126,self,self.T,sublevel,h0,0.75,1,2,1,
trajectory_000000:8126,self,self.T,sublevel,h0,0.9,1,1,0,
trajectory_000000:8126,self,self.T,sublevel,h1,0.1,0,1,1,
trajectory_000000:8126,self,self.T,sublevel,h1,0.25,0,1,1,
trajectory_000000:8126,self,self.T,sublevel,h1,0.5,0,0,0,
trajectory_000000:8126,self,self.T,sublevel,h1,0.75,0,3,3,
trajectory_000000:8126,self,self.T,sublevel,h1,0.9,4,2,2,
trajectory_000000:8126,mutual,mutual.CO+T,sublevel,h0,0.1,1,3,2,
trajectory_000000:8126,mutual,mutual.CO+T,sublevel,h0,0.25,2,3,1,
trajectory_000000:8126,mutual,mutual.CO+T,sublevel,h0,0.5,1,1,0,
trajectory_000000:8126,mutual,mutual.CO+T,sublevel,h0,0.75,13,7,6,
trajectory_000000:8126,mutual,mutual.CO+T,sublevel,h0,0.9,3,4,1,
trajectory_000000:8126,mutual,mutual.CO+T,sublevel,h1,0.1,0,1,1,
trajectory_000000:8126,mutual,mutual.CO+T,sublevel,h1,0.25,0,1,1,
trajectory_000000:8126,mutual,mutual.CO+T,sublevel,h1,0.5,0,0,0,
trajectory_000000:8126,mutual,mutual.CO+T,sublevel,h1,0.75,3,2,1,
trajectory_000000:8126,mutual,mutual.CO+T,sublevel,h1,0.9,7,1,6,
trajectory_000000:8126,mutual,mutual.CO+T,sublevel,h0,0.1,1,1,0,
trajectory_000000:8126,mutual,mutual.CO+T,sublevel,h0,0.25,1,1,0,
trajectory_000000:8126,mutual,mutual.CO+T,sublevel,h0,0.5,1,1,0,
trajectory_000000:8126,mutual,mutual.CO+T,sublevel,h0,0.75,12,6,6,
trajectory_000000:8126,mutual,mutual.CO+T,sublevel,h0,0.9,5,4,1,
trajectory_000000:8126,mutual,mutual.CO+T,sublevel,h1,0.1,1,0,1,
trajectory_000000:8126,mutual,mutual.CO+T,sublevel,h1,0.25,1,0,1,
trajectory_000000:8126,mutual,mutual.CO+T,sublevel,h1,0.5,0,1,1,
trajectory_000000:8126,mutual,mutual.CO+T,sublevel,h1,0.75,4,2,2,
trajectory_000000:8126,mutual,mutual.CO+T,sublevel,h1,0.9,7,1,6,
trajectory_000000:8126,mutual,mutual.CO+T,sublevel,h0,0.1,1,3,2,
trajectory_000000:8126,mutual,mutual.CO+T,sublevel,h0,0.25,2,3,1,
trajectory_000000:8126,mutual,mutual.CO+T,sublevel,h0,0.5,1,1,0,
trajectory_000000:8126,mutual,mutual.CO+T,sublevel,h0,0.75,1,3,2,
trajectory_000000:8126,mutual,mutual.CO+T,sublevel,h0,0.9,3,3,0,
trajectory_000000:8126,mutual,mutual.CO+T,sublevel,h1,0.1,0,1,1,
trajectory_000000:8126,mutual,mutual.CO+T,sublevel,h1,0.25,0,1,1,
trajectory_000000:8126,mutual,mutual.CO+T,sublevel,h1,0.5,0,0,0,
trajectory_000000:8126,mutual,mutual.CO+T,sublevel,h1,0.75,3,2,1,
trajectory_000000:8126,mutual,mutual.CO+T,sublevel,h1,0.9,5,1,4,
trajectory_000000:8126,self,self.CO,superlevel,h0,0.1,7,4,3,
trajectory_000000:8126,self,self.CO,superlevel,h0,0.25,4,3,1,
trajectory_000000:8126,self,self.CO,superlevel,h0,0.5,1,2,1,
trajectory_000000:8126,self,self.CO,superlevel,h0,0.75,1,1,0,
trajectory_000000:8126,self,self.CO,superlevel,h0,0.9,1,1,0,
trajectory_000000:8126,self,self.CO,superlevel,h1,0.1,0,2,2,
trajectory_000000:8126,self,self.CO,superlevel,h1,0.25,0,2,2,
trajectory_000000:8126,self,self.CO,superlevel,h1,0.5,0,0,0,
trajectory_000000:8126,self,self.CO,superlevel,h1,0.75,107,0,107,
trajectory_000000:8126,self,self.CO,superlevel,h1,0.9,107,0,107,
trajectory_000000:8126,self,self.T,superlevel,h0,0.1,6,2,4,
trajectory_000000:8126,self,self.T,superlevel,h0,0.25,2,7,5,
trajectory_000000:8126,self,self.T,superlevel,h0,0.5,1,1,0,
trajectory_000000:8126,self,self.T,superlevel,h0,0.75,1,4,3,
trajectory_000000:8126,self,self.T,superlevel,h0,0.9,1,3,2,
trajectory_000000:8126,self,self.T,superlevel,h1,0.1,0,0,0,
trajectory_000000:8126,self,self.T,superlevel,h1,0.25,0,0,0,
trajectory_000000:8126,self,self.T,superlevel,h1,0.5,0,0,0,
trajectory_000000:8126,self,self.T,superlevel,h1,0.75,1,2,1,
trajectory_000000:8126,self,self.T,superlevel,h1,0.9,0,0,0,
trajectory_000000:8126,mutual,mutual.CO+T,superlevel,h0,0.1,8,2,6,
trajectory_000000:8126,mutual,mutual.CO+T,superlevel,h0,0.25,1,2,1,
trajectory_000000:8126,mutual,mutual.CO+T,superlevel,h0,0.5,1,1,0,
trajectory_000000:8126,mutual,mutual.CO+T,superlevel,h0,0.75,1,4,3,
trajectory_000000:8126,mutual,mutual.CO+T,superlevel,h0,0.9,1,3,2,
trajectory_000000:8126,mutual,mutual.CO+T,superlevel,h1,0.1,0,0,0,
trajectory_000000:8126,mutual,mutual.CO+T,superlevel,h1,0.25,5,1,4,
trajectory_000000:8126,mutual,mutual.CO+T,superlevel,h1,0.5,0,0,0,
trajectory_000000:8126,mutual,mutual.CO+T,superlevel,h1,0.75,1,2,1,
trajectory_000000:8126,mutual,mutual.CO+T,superlevel,h1,0.9,0,0,0,
trajectory_000000:8126,mutual,mutual.CO+T,superlevel,h0,0.1,7,11,4,
trajectory_000000:8126,mutual,mutual.CO+T,superlevel,h0,0.25,5,1,4,
trajectory_000000:8126,mutual,mutual.CO+T,superlevel,h0,0.5,1,1,0,
trajectory_000000:8126,mutual,mutual.CO+T,superlevel,h0,0.75,1,4,3,
trajectory_000000:8126,mutual,mutual.CO+T,superlevel,h0,0.9,1,3,2,
trajectory_000000:8126,mutual,mutual.CO+T,superlevel,h1,0.1,1,1,0,
trajectory_000000:8126,mutual,mutual.CO+T,superlevel,h1,0.25,1,2,1,
trajectory_000000:8126,mutual,mutual.CO+T,superlevel,h1,0.5,0,0,0,
trajectory_000000:8126,mutual,mutual.CO+T,superlevel,h1,0.75,1,2,1,
trajectory_000000:8126,mutual,mutual.CO+T,superlevel,h1,0.9,0,0,0,
trajectory_000000:8126,mutual,mutual.CO+T,superlevel,h0,0.1,7,8,1,
trajectory_000000:8126,mutual,mutual.CO+T,superlevel,h0,0.25,5,2,3,
trajectory_000000:8126,mutual,mutual.CO+T,superlevel,h0,0.5,1,2,1,
trajectory_000000:8126,mutual,mutual.CO+T,superlevel,h0,0.75,1,1,0,
trajectory_000000:8126,mutual,mutual.CO+T,superlevel,h0,0.9,1,1,0,
trajectory_000000:8126,mutual,mutual.CO+T,superlevel,h1,0.1,0,0,0,
trajectory_000000:8126,mutual,mutual.CO+T,superlevel,h1,0.25,1,2,1,
trajectory_000000:8126,mutual,mutual.CO+T,superlevel,h1,0.5,0,0,0,
trajectory_000000:8126,mutual,mutual.CO+T,superlevel,h1,0.75,107,0,107,
trajectory_000000:8126,mutual,mutual.CO+T,superlevel,h1,0.9,107,0,107,
trajectory_000000:8126,persistence_distance,topology.self.persistence,,,,,,,0.01550412829965353
trajectory_000000:8126,persistence_distance,topology.mutual.persistence,,,,,,,0.0034780818969011307
trajectory_000000:8126,persistence_distance,topology.component_weighted_total_before_outer_family_weight,,,,,,,0.018982209265232086
trajectory_000000:8126,dimension_distance_diagnostic,topology.self.CO.h0,,,,,,,0.05353926494717598
trajectory_000000:8126,dimension_distance_diagnostic,topology.self.CO.h1,,,,,,,0.0013482248177751899
trajectory_000000:8126,dimension_distance_diagnostic,topology.self.T.h0,,,,,,,0.007006466388702393
trajectory_000000:8126,dimension_distance_diagnostic,topology.self.T.h1,,,,,,,0.000122555298730731
trajectory_000000:8126,dimension_distance_diagnostic,topology.mutual.CO+T.h0,,,,,,,0.005769057665020227
trajectory_000000:8126,dimension_distance_diagnostic,topology.mutual.CO+T.h1,,,,,,,0.0011871053138747811
trajectory_000000:8142,self,self.CO,sublevel,h0,0.1,2,1,1,
trajectory_000000:8142,self,self.CO,sublevel,h0,0.25,2,1,1,
trajectory_000000:8142,self,self.CO,sublevel,h0,0.5,1,1,0,
trajectory_000000:8142,self,self.CO,sublevel,h0,0.75,1,1,0,
trajectory_000000:8142,self,self.CO,sublevel,h0,0.9,3,3,0,
trajectory_000000:8142,self,self.CO,sublevel,h1,0.1,93,2,91,
trajectory_000000:8142,self,self.CO,sublevel,h1,0.25,93,2,91,
trajectory_000000:8142,self,self.CO,sublevel,h1,0.5,0,0,0,
trajectory_000000:8142,self,self.CO,sublevel,h1,0.75,2,1,1,
trajectory_000000:8142,self,self.CO,sublevel,h1,0.9,4,1,3,
trajectory_000000:8142,self,self.T,sublevel,h0,0.1,1,7,6,
trajectory_000000:8142,self,self.T,sublevel,h0,0.25,1,6,5,
trajectory_000000:8142,self,self.T,sublevel,h0,0.5,1,1,0,
trajectory_000000:8142,self,self.T,sublevel,h0,0.75,1,2,1,
trajectory_000000:8142,self,self.T,sublevel,h0,0.9,3,1,2,
trajectory_000000:8142,self,self.T,sublevel,h1,0.1,0,0,0,
trajectory_000000:8142,self,self.T,sublevel,h1,0.25,0,1,1,
trajectory_000000:8142,self,self.T,sublevel,h1,0.5,0,0,0,
trajectory_000000:8142,self,self.T,sublevel,h1,0.75,0,1,1,
trajectory_000000:8142,self,self.T,sublevel,h1,0.9,4,7,3,
trajectory_000000:8142,mutual,mutual.CO+T,sublevel,h0,0.1,1,7,6,
trajectory_000000:8142,mutual,mutual.CO+T,sublevel,h0,0.25,1,6,5,
trajectory_000000:8142,mutual,mutual.CO+T,sublevel,h0,0.5,1,1,0,
trajectory_000000:8142,mutual,mutual.CO+T,sublevel,h0,0.75,16,3,13,
trajectory_000000:8142,mutual,mutual.CO+T,sublevel,h0,0.9,3,4,1,
trajectory_000000:8142,mutual,mutual.CO+T,sublevel,h1,0.1,0,0,0,
trajectory_000000:8142,mutual,mutual.CO+T,sublevel,h1,0.25,0,1,1,
trajectory_000000:8142,mutual,mutual.CO+T,sublevel,h1,0.5,0,0,0,
trajectory_000000:8142,mutual,mutual.CO+T,sublevel,h1,0.75,2,7,5,
trajectory_000000:8142,mutual,mutual.CO+T,sublevel,h1,0.9,4,1,3,
trajectory_000000:8142,mutual,mutual.CO+T,sublevel,h0,0.1,2,1,1,
trajectory_000000:8142,mutual,mutual.CO+T,sublevel,h0,0.25,2,1,1,
trajectory_000000:8142,mutual,mutual.CO+T,sublevel,h0,0.5,1,1,0,
trajectory_000000:8142,mutual,mutual.CO+T,sublevel,h0,0.75,15,3,12,
trajectory_000000:8142,mutual,mutual.CO+T,sublevel,h0,0.9,3,4,1,
trajectory_000000:8142,mutual,mutual.CO+T,sublevel,h1,0.1,93,2,91,
trajectory_000000:8142,mutual,mutual.CO+T,sublevel,h1,0.25,93,2,91,
trajectory_000000:8142,mutual,mutual.CO+T,sublevel,h1,0.5,0,0,0,
trajectory_000000:8142,mutual,mutual.CO+T,sublevel,h1,0.75,3,8,5,
trajectory_000000:8142,mutual,mutual.CO+T,sublevel,h1,0.9,5,1,4,
trajectory_000000:8142,mutual,mutual.CO+T,sublevel,h0,0.1,1,6,5,
trajectory_000000:8142,mutual,mutual.CO+T,sublevel,h0,0.25,1,6,5,
trajectory_000000:8142,mutual,mutual.CO+T,sublevel,h0,0.5,1,1,0,
trajectory_000000:8142,mutual,mutual.CO+T,sublevel,h0,0.75,1,1,0,
trajectory_000000:8142,mutual,mutual.CO+T,sublevel,h0,0.9,3,3,0,
trajectory_000000:8142,mutual,mutual.CO+T,sublevel,h1,0.1,0,0,0,
trajectory_000000:8142,mutual,mutual.CO+T,sublevel,h1,0.25,0,1,1,
trajectory_000000:8142,mutual,mutual.CO+T,sublevel,h1,0.5,0,0,0,
trajectory_000000:8142,mutual,mutual.CO+T,sublevel,h1,0.75,3,1,2,
trajectory_000000:8142,mutual,mutual.CO+T,sublevel,h1,0.9,4,1,3,
trajectory_000000:8142,self,self.CO,superlevel,h0,0.1,7,4,3,
trajectory_000000:8142,self,self.CO,superlevel,h0,0.25,4,2,2,
trajectory_000000:8142,self,self.CO,superlevel,h0,0.5,1,1,0,
trajectory_000000:8142,self,self.CO,superlevel,h0,0.75,1,7,6,
trajectory_000000:8142,self,self.CO,superlevel,h0,0.9,1,7,6,
trajectory_000000:8142,self,self.CO,superlevel,h1,0.1,1,1,0,
trajectory_000000:8142,self,self.CO,superlevel,h1,0.25,0,0,0,
trajectory_000000:8142,self,self.CO,superlevel,h1,0.5,0,0,0,
trajectory_000000:8142,self,self.CO,superlevel,h1,0.75,108,0,108,
trajectory_000000:8142,self,self.CO,superlevel,h1,0.9,108,0,108,
trajectory_000000:8142,self,self.T,superlevel,h0,0.1,4,7,3,
trajectory_000000:8142,self,self.T,superlevel,h0,0.25,1,2,1,
trajectory_000000:8142,self,self.T,superlevel,h0,0.5,1,2,1,
trajectory_000000:8142,self,self.T,superlevel,h0,0.75,1,3,2,
trajectory_000000:8142,self,self.T,superlevel,h0,0.9,2,1,1,
trajectory_000000:8142,self,self.T,superlevel,h1,0.1,0,0,0,
trajectory_000000:8142,self,self.T,superlevel,h1,0.25,0,1,1,
trajectory_000000:8142,self,self.T,superlevel,h1,0.5,0,0,0,
trajectory_000000:8142,self,self.T,superlevel,h1,0.75,0,2,2,
trajectory_000000:8142,self,self.T,superlevel,h1,0.9,0,3,3,
trajectory_000000:8142,mutual,mutual.CO+T,superlevel,h0,0.1,4,8,4,
trajectory_000000:8142,mutual,mutual.CO+T,superlevel,h0,0.25,8,5,3,
trajectory_000000:8142,mutual,mutual.CO+T,superlevel,h0,0.5,1,2,1,
trajectory_000000:8142,mutual,mutual.CO+T,superlevel,h0,0.75,1,3,2,
trajectory_000000:8142,mutual,mutual.CO+T,superlevel,h0,0.9,2,1,1,
trajectory_000000:8142,mutual,mutual.CO+T,superlevel,h1,0.1,0,0,0,
trajectory_000000:8142,mutual,mutual.CO+T,superlevel,h1,0.25,2,1,1,
trajectory_000000:8142,mutual,mutual.CO+T,superlevel,h1,0.5,0,0,0,
trajectory_000000:8142,mutual,mutual.CO+T,superlevel,h1,0.75,0,2,2,
trajectory_000000:8142,mutual,mutual.CO+T,superlevel,h1,0.9,0,3,3,
trajectory_000000:8142,mutual,mutual.CO+T,superlevel,h0,0.1,7,7,0,
trajectory_000000:8142,mutual,mutual.CO+T,superlevel,h0,0.25,4,4,0,
trajectory_000000:8142,mutual,mutual.CO+T,superlevel,h0,0.5,1,2,1,
trajectory_000000:8142,mutual,mutual.CO+T,superlevel,h0,0.75,1,3,2,
trajectory_000000:8142,mutual,mutual.CO+T,superlevel,h0,0.9,2,1,1,
trajectory_000000:8142,mutual,mutual.CO+T,superlevel,h1,0.1,0,3,3,
trajectory_000000:8142,mutual,mutual.CO+T,superlevel,h1,0.25,0,0,0,
trajectory_000000:8142,mutual,mutual.CO+T,superlevel,h1,0.5,0,0,0,
trajectory_000000:8142,mutual,mutual.CO+T,superlevel,h1,0.75,0,2,2,
trajectory_000000:8142,mutual,mutual.CO+T,superlevel,h1,0.9,0,3,3,
trajectory_000000:8142,mutual,mutual.CO+T,superlevel,h0,0.1,4,5,1,
trajectory_000000:8142,mutual,mutual.CO+T,superlevel,h0,0.25,4,4,0,
trajectory_000000:8142,mutual,mutual.CO+T,superlevel,h0,0.5,1,1,0,
trajectory_000000:8142,mutual,mutual.CO+T,superlevel,h0,0.75,1,7,6,
trajectory_000000:8142,mutual,mutual.CO+T,superlevel,h0,0.9,1,7,6,
trajectory_000000:8142,mutual,mutual.CO+T,superlevel,h1,0.1,0,1,1,
trajectory_000000:8142,mutual,mutual.CO+T,superlevel,h1,0.25,0,0,0,
trajectory_000000:8142,mutual,mutual.CO+T,superlevel,h1,0.5,0,0,0,
trajectory_000000:8142,mutual,mutual.CO+T,superlevel,h1,0.75,108,0,108,
trajectory_000000:8142,mutual,mutual.CO+T,superlevel,h1,0.9,108,0,108,
trajectory_000000:8142,persistence_distance,topology.self.persistence,,,,,,,0.01327518280595541
trajectory_000000:8142,persistence_distance,topology.mutual.persistence,,,,,,,0.002477621426805854
trajectory_000000:8142,persistence_distance,topology.component_weighted_total_before_outer_family_weight,,,,,,,0.015752803534269333
trajectory_000000:8142,dimension_distance_diagnostic,topology.self.CO.h0,,,,,,,0.048625070601701736
trajectory_000000:8142,dimension_distance_diagnostic,topology.self.CO.h1,,,,,,,0.0009070973610505462
trajectory_000000:8142,dimension_distance_diagnostic,topology.self.T.h0,,,,,,,0.0034981160424649715
trajectory_000000:8142,dimension_distance_diagnostic,topology.self.T.h1,,,,,,,7.044694211799651e-05
trajectory_000000:8142,dimension_distance_diagnostic,topology.mutual.CO+T.h0,,,,,,,0.004195166751742363
trajectory_000000:8142,dimension_distance_diagnostic,topology.mutual.CO+T.h1,,,,,,,0.0007600762764923275
trajectory_000000:8158,self,self.CO,sublevel,h0,0.1,3,1,2,
trajectory_000000:8158,self,self.CO,sublevel,h0,0.25,3,1,2,
trajectory_000000:8158,self,self.CO,sublevel,h0,0.5,1,2,1,
trajectory_000000:8158,self,self.CO,sublevel,h0,0.75,3,1,2,
trajectory_000000:8158,self,self.CO,sublevel,h0,0.9,1,1,0,
trajectory_000000:8158,self,self.CO,sublevel,h1,0.1,99,2,97,
trajectory_000000:8158,self,self.CO,sublevel,h1,0.25,99,2,97,
trajectory_000000:8158,self,self.CO,sublevel,h1,0.5,0,2,2,
trajectory_000000:8158,self,self.CO,sublevel,h1,0.75,0,1,1,
trajectory_000000:8158,self,self.CO,sublevel,h1,0.9,1,3,2,
trajectory_000000:8158,self,self.T,sublevel,h0,0.1,1,4,3,
trajectory_000000:8158,self,self.T,sublevel,h0,0.25,2,1,1,
trajectory_000000:8158,self,self.T,sublevel,h0,0.5,1,2,1,
trajectory_000000:8158,self,self.T,sublevel,h0,0.75,1,1,0,
trajectory_000000:8158,self,self.T,sublevel,h0,0.9,1,1,0,
trajectory_000000:8158,self,self.T,sublevel,h1,0.1,0,0,0,
trajectory_000000:8158,self,self.T,sublevel,h1,0.25,0,1,1,
trajectory_000000:8158,self,self.T,sublevel,h1,0.5,0,0,0,
trajectory_000000:8158,self,self.T,sublevel,h1,0.75,1,2,1,
trajectory_000000:8158,self,self.T,sublevel,h1,0.9,4,3,1,
trajectory_000000:8158,mutual,mutual.CO+T,sublevel,h0,0.1,1,4,3,
trajectory_000000:8158,mutual,mutual.CO+T,sublevel,h0,0.25,2,1,1,
trajectory_000000:8158,mutual,mutual.CO+T,sublevel,h0,0.5,1,2,1,
trajectory_000000:8158,mutual,mutual.CO+T,sublevel,h0,0.75,11,6,5,
trajectory_000000:8158,mutual,mutual.CO+T,sublevel,h0,0.9,1,1,0,
trajectory_000000:8158,mutual,mutual.CO+T,sublevel,h1,0.1,0,0,0,
trajectory_000000:8158,mutual,mutual.CO+T,sublevel,h1,0.25,0,1,1,
trajectory_000000:8158,mutual,mutual.CO+T,sublevel,h1,0.5,0,0,0,
trajectory_000000:8158,mutual,mutual.CO+T,sublevel,h1,0.75,0,5,5,
trajectory_000000:8158,mutual,mutual.CO+T,sublevel,h1,0.9,1,3,2,
trajectory_000000:8158,mutual,mutual.CO+T,sublevel,h0,0.1,3,1,2,
trajectory_000000:8158,mutual,mutual.CO+T,sublevel,h0,0.25,3,1,2,
trajectory_000000:8158,mutual,mutual.CO+T,sublevel,h0,0.5,1,2,1,
trajectory_000000:8158,mutual,mutual.CO+T,sublevel,h0,0.75,11,7,4,
trajectory_000000:8158,mutual,mutual.CO+T,sublevel,h0,0.9,1,1,0,
trajectory_000000:8158,mutual,mutual.CO+T,sublevel,h1,0.1,99,2,97,
trajectory_000000:8158,mutual,mutual.CO+T,sublevel,h1,0.25,99,2,97,
trajectory_000000:8158,mutual,mutual.CO+T,sublevel,h1,0.5,0,2,2,
trajectory_000000:8158,mutual,mutual.CO+T,sublevel,h1,0.75,0,5,5,
trajectory_000000:8158,mutual,mutual.CO+T,sublevel,h1,0.9,2,2,0,
trajectory_000000:8158,mutual,mutual.CO+T,sublevel,h0,0.1,1,4,3,
trajectory_000000:8158,mutual,mutual.CO+T,sublevel,h0,0.25,2,2,0,
trajectory_000000:8158,mutual,mutual.CO+T,sublevel,h0,0.5,2,1,1,
trajectory_000000:8158,mutual,mutual.CO+T,sublevel,h0,0.75,5,1,4,
trajectory_000000:8158,mutual,mutual.CO+T,sublevel,h0,0.9,1,1,0,
trajectory_000000:8158,mutual,mutual.CO+T,sublevel,h1,0.1,0,0,0,
trajectory_000000:8158,mutual,mutual.CO+T,sublevel,h1,0.25,0,2,2,
trajectory_000000:8158,mutual,mutual.CO+T,sublevel,h1,0.5,0,0,0,
trajectory_000000:8158,mutual,mutual.CO+T,sublevel,h1,0.75,0,1,1,
trajectory_000000:8158,mutual,mutual.CO+T,sublevel,h1,0.9,1,3,2,
trajectory_000000:8158,self,self.CO,superlevel,h0,0.1,6,5,1,
trajectory_000000:8158,self,self.CO,superlevel,h0,0.25,1,2,1,
trajectory_000000:8158,self,self.CO,superlevel,h0,0.5,1,5,4,
trajectory_000000:8158,self,self.CO,superlevel,h0,0.75,1,5,4,
trajectory_000000:8158,self,self.CO,superlevel,h0,0.9,1,5,4,
trajectory_000000:8158,self,self.CO,superlevel,h1,0.1,0,0,0,
trajectory_000000:8158,self,self.CO,superlevel,h1,0.25,1,0,1,
trajectory_000000:8158,self,self.CO,superlevel,h1,0.5,0,0,0,
trajectory_000000:8158,self,self.CO,superlevel,h1,0.75,118,0,118,
trajectory_000000:8158,self,self.CO,superlevel,h1,0.9,118,0,118,
trajectory_000000:8158,self,self.T,superlevel,h0,0.1,4,4,0,
trajectory_000000:8158,self,self.T,superlevel,h0,0.25,2,3,1,
trajectory_000000:8158,self,self.T,superlevel,h0,0.5,2,7,5,
trajectory_000000:8158,self,self.T,superlevel,h0,0.75,1,4,3,
trajectory_000000:8158,self,self.T,superlevel,h0,0.9,1,2,1,
trajectory_000000:8158,self,self.T,superlevel,h1,0.1,0,0,0,
trajectory_000000:8158,self,self.T,superlevel,h1,0.25,0,0,0,
trajectory_000000:8158,self,self.T,superlevel,h1,0.5,0,0,0,
trajectory_000000:8158,self,self.T,superlevel,h1,0.75,1,0,1,
trajectory_000000:8158,self,self.T,superlevel,h1,0.9,0,0,0,
trajectory_000000:8158,mutual,mutual.CO+T,superlevel,h0,0.1,4,1,3,
trajectory_000000:8158,mutual,mutual.CO+T,superlevel,h0,0.25,5,1,4,
trajectory_000000:8158,mutual,mutual.CO+T,superlevel,h0,0.5,2,7,5,
trajectory_000000:8158,mutual,mutual.CO+T,superlevel,h0,0.75,1,4,3,
trajectory_000000:8158,mutual,mutual.CO+T,superlevel,h0,0.9,1,2,1,
trajectory_000000:8158,mutual,mutual.CO+T,superlevel,h1,0.1,0,0,0,
trajectory_000000:8158,mutual,mutual.CO+T,superlevel,h1,0.25,3,0,3,
trajectory_000000:8158,mutual,mutual.CO+T,superlevel,h1,0.5,0,0,0,
trajectory_000000:8158,mutual,mutual.CO+T,superlevel,h1,0.75,1,0,1,
trajectory_000000:8158,mutual,mutual.CO+T,superlevel,h1,0.9,0,0,0,
trajectory_000000:8158,mutual,mutual.CO+T,superlevel,h0,0.1,8,5,3,
trajectory_000000:8158,mutual,mutual.CO+T,superlevel,h0,0.25,5,2,3,
trajectory_000000:8158,mutual,mutual.CO+T,superlevel,h0,0.5,2,7,5,
trajectory_000000:8158,mutual,mutual.CO+T,superlevel,h0,0.75,1,4,3,
trajectory_000000:8158,mutual,mutual.CO+T,superlevel,h0,0.9,1,2,1,
trajectory_000000:8158,mutual,mutual.CO+T,superlevel,h1,0.1,0,1,1,
trajectory_000000:8158,mutual,mutual.CO+T,superlevel,h1,0.25,2,0,2,
trajectory_000000:8158,mutual,mutual.CO+T,superlevel,h1,0.5,0,0,0,
trajectory_000000:8158,mutual,mutual.CO+T,superlevel,h1,0.75,1,0,1,
trajectory_000000:8158,mutual,mutual.CO+T,superlevel,h1,0.9,0,0,0,
trajectory_000000:8158,mutual,mutual.CO+T,superlevel,h0,0.1,9,3,6,
trajectory_000000:8158,mutual,mutual.CO+T,superlevel,h0,0.25,5,2,3,
trajectory_000000:8158,mutual,mutual.CO+T,superlevel,h0,0.5,1,5,4,
trajectory_000000:8158,mutual,mutual.CO+T,superlevel,h0,0.75,1,5,4,
trajectory_000000:8158,mutual,mutual.CO+T,superlevel,h0,0.9,1,5,4,
trajectory_000000:8158,mutual,mutual.CO+T,superlevel,h1,0.1,0,0,0,
trajectory_000000:8158,mutual,mutual.CO+T,superlevel,h1,0.25,2,0,2,
trajectory_000000:8158,mutual,mutual.CO+T,superlevel,h1,0.5,0,0,0,
trajectory_000000:8158,mutual,mutual.CO+T,superlevel,h1,0.75,118,0,118,
trajectory_000000:8158,mutual,mutual.CO+T,superlevel,h1,0.9,118,0,118,
trajectory_000000:8158,persistence_distance,topology.self.persistence,,,,,,,0.01153347734361887
trajectory_000000:8158,persistence_distance,topology.mutual.persistence,,,,,,,0.001680745743215084
trajectory_000000:8158,persistence_distance,topology.component_weighted_total_before_outer_family_weight,,,,,,,0.013214223086833954
trajectory_000000:8158,dimension_distance_diagnostic,topology.self.CO.h0,,,,,,,0.04376763105392456
trajectory_000000:8158,dimension_distance_diagnostic,topology.self.CO.h1,,,,,,,0.0012605806114152074
trajectory_000000:8158,dimension_distance_diagnostic,topology.self.T.h0,,,,,,,0.0010146943386644125
trajectory_000000:8158,dimension_distance_diagnostic,topology.self.T.h1,,,,,,,9.099996532313526e-05
trajectory_000000:8158,dimension_distance_diagnostic,topology.mutual.CO+T.h0,,,,,,,0.002223604591563344
trajectory_000000:8158,dimension_distance_diagnostic,topology.mutual.CO+T.h1,,,,,,,0.0011378867784515023
trajectory_000000:8174,self,self.CO,sublevel,h0,0.1,5,1,4,
trajectory_000000:8174,self,self.CO,sublevel,h0,0.25,5,1,4,
trajectory_000000:8174,self,self.CO,sublevel,h0,0.5,1,1,0,
trajectory_000000:8174,self,self.CO,sublevel,h0,0.75,1,1,0,
trajectory_000000:8174,self,self.CO,sublevel,h0,0.9,2,2,0,
trajectory_000000:8174,self,self.CO,sublevel,h1,0.1,96,0,96,
trajectory_000000:8174,self,self.CO,sublevel,h1,0.25,96,0,96,
trajectory_000000:8174,self,self.CO,sublevel,h1,0.5,0,0,0,
trajectory_000000:8174,self,self.CO,sublevel,h1,0.75,2,0,2,
trajectory_000000:8174,self,self.CO,sublevel,h1,0.9,4,8,4,
trajectory_000000:8174,self,self.T,sublevel,h0,0.1,2,9,7,
trajectory_000000:8174,self,self.T,sublevel,h0,0.25,3,2,1,
trajectory_000000:8174,self,self.T,sublevel,h0,0.5,1,1,0,
trajectory_000000:8174,self,self.T,sublevel,h0,0.75,1,2,1,
trajectory_000000:8174,self,self.T,sublevel,h0,0.9,1,1,0,
trajectory_000000:8174,self,self.T,sublevel,h1,0.1,1,1,0,
trajectory_000000:8174,self,self.T,sublevel,h1,0.25,0,0,0,
trajectory_000000:8174,self,self.T,sublevel,h1,0.5,0,0,0,
trajectory_000000:8174,self,self.T,sublevel,h1,0.75,4,0,4,
trajectory_000000:8174,self,self.T,sublevel,h1,0.9,3,2,1,
trajectory_000000:8174,mutual,mutual.CO+T,sublevel,h0,0.1,2,9,7,
trajectory_000000:8174,mutual,mutual.CO+T,sublevel,h0,0.25,3,2,1,
trajectory_000000:8174,mutual,mutual.CO+T,sublevel,h0,0.5,1,1,0,
trajectory_000000:8174,mutual,mutual.CO+T,sublevel,h0,0.75,10,2,8,
trajectory_000000:8174,mutual,mutual.CO+T,sublevel,h0,0.9,2,1,1,
trajectory_000000:8174,mutual,mutual.CO+T,sublevel,h1,0.1,1,1,0,
trajectory_000000:8174,mutual,mutual.CO+T,sublevel,h1,0.25,0,0,0,
trajectory_000000:8174,mutual,mutual.CO+T,sublevel,h1,0.5,0,0,0,
trajectory_000000:8174,mutual,mutual.CO+T,sublevel,h1,0.75,4,7,3,
trajectory_000000:8174,mutual,mutual.CO+T,sublevel,h1,0.9,5,9,4,
trajectory_000000:8174,mutual,mutual.CO+T,sublevel,h0,0.1,5,1,4,
trajectory_000000:8174,mutual,mutual.CO+T,sublevel,h0,0.25,5,1,4,
trajectory_000000:8174,mutual,mutual.CO+T,sublevel,h0,0.5,1,1,0,
trajectory_000000:8174,mutual,mutual.CO+T,sublevel,h0,0.75,10,2,8,
trajectory_000000:8174,mutual,mutual.CO+T,sublevel,h0,0.9,3,1,2,
trajectory_000000:8174,mutual,mutual.CO+T,sublevel,h1,0.1,96,0,96,
trajectory_000000:8174,mutual,mutual.CO+T,sublevel,h1,0.25,96,0,96,
trajectory_000000:8174,mutual,mutual.CO+T,sublevel,h1,0.5,0,0,0,
trajectory_000000:8174,mutual,mutual.CO+T,sublevel,h1,0.75,4,8,4,
trajectory_000000:8174,mutual,mutual.CO+T,sublevel,h1,0.9,6,9,3,
trajectory_000000:8174,mutual,mutual.CO+T,sublevel,h0,0.1,2,9,7,
trajectory_000000:8174,mutual,mutual.CO+T,sublevel,h0,0.25,3,2,1,
trajectory_000000:8174,mutual,mutual.CO+T,sublevel,h0,0.5,1,1,0,
trajectory_000000:8174,mutual,mutual.CO+T,sublevel,h0,0.75,1,1,0,
trajectory_000000:8174,mutual,mutual.CO+T,sublevel,h0,0.9,2,2,0,
trajectory_000000:8174,mutual,mutual.CO+T,sublevel,h1,0.1,1,1,0,
trajectory_000000:8174,mutual,mutual.CO+T,sublevel,h1,0.25,0,0,0,
trajectory_000000:8174,mutual,mutual.CO+T,sublevel,h1,0.5,0,0,0,
trajectory_000000:8174,mutual,mutual.CO+T,sublevel,h1,0.75,2,0,2,
trajectory_000000:8174,mutual,mutual.CO+T,sublevel,h1,0.9,4,8,4,
trajectory_000000:8174,self,self.CO,superlevel,h0,0.1,7,11,4,
trajectory_000000:8174,self,self.CO,superlevel,h0,0.25,3,1,2,
trajectory_000000:8174,self,self.CO,superlevel,h0,0.5,1,1,0,
trajectory_000000:8174,self,self.CO,superlevel,h0,0.75,3,3,0,
trajectory_000000:8174,self,self.CO,superlevel,h0,0.9,3,3,0,
trajectory_000000:8174,self,self.CO,superlevel,h1,0.1,0,0,0,
trajectory_000000:8174,self,self.CO,superlevel,h1,0.25,0,0,0,
trajectory_000000:8174,self,self.CO,superlevel,h1,0.5,0,0,0,
trajectory_000000:8174,self,self.CO,superlevel,h1,0.75,107,0,107,
trajectory_000000:8174,self,self.CO,superlevel,h1,0.9,107,0,107,
trajectory_000000:8174,self,self.T,superlevel,h0,0.1,4,3,1,
trajectory_000000:8174,self,self.T,superlevel,h0,0.25,6,1,5,
trajectory_000000:8174,self,self.T,superlevel,h0,0.5,1,1,0,
trajectory_000000:8174,self,self.T,superlevel,h0,0.75,1,3,2,
trajectory_000000:8174,self,self.T,superlevel,h0,0.9,2,6,4,
trajectory_000000:8174,self,self.T,superlevel,h1,0.1,0,0,0,
trajectory_000000:8174,self,self.T,superlevel,h1,0.25,0,1,1,
trajectory_000000:8174,self,self.T,superlevel,h1,0.5,0,0,0,
trajectory_000000:8174,self,self.T,superlevel,h1,0.75,1,0,1,
trajectory_000000:8174,self,self.T,superlevel,h1,0.9,0,2,2,
trajectory_000000:8174,mutual,mutual.CO+T,superlevel,h0,0.1,4,6,2,
trajectory_000000:8174,mutual,mutual.CO+T,superlevel,h0,0.25,2,1,1,
trajectory_000000:8174,mutual,mutual.CO+T,superlevel,h0,0.5,1,1,0,
trajectory_000000:8174,mutual,mutual.CO+T,superlevel,h0,0.75,1,3,2,
trajectory_000000:8174,mutual,mutual.CO+T,superlevel,h0,0.9,2,6,4,
trajectory_000000:8174,mutual,mutual.CO+T,superlevel,h1,0.1,1,0,1,
trajectory_000000:8174,mutual,mutual.CO+T,superlevel,h1,0.25,1,0,1,
trajectory_000000:8174,mutual,mutual.CO+T,superlevel,h1,0.5,0,0,0,
trajectory_000000:8174,mutual,mutual.CO+T,superlevel,h1,0.75,1,0,1,
trajectory_000000:8174,mutual,mutual.CO+T,superlevel,h1,0.9,0,2,2,
trajectory_000000:8174,mutual,mutual.CO+T,superlevel,h0,0.1,5,9,4,
trajectory_000000:8174,mutual,mutual.CO+T,superlevel,h0,0.25,6,3,3,
trajectory_000000:8174,mutual,mutual.CO+T,superlevel,h0,0.5,1,1,0,
trajectory_000000:8174,mutual,mutual.CO+T,superlevel,h0,0.75,1,3,2,
trajectory_000000:8174,mutual,mutual.CO+T,superlevel,h0,0.9,2,6,4,
trajectory_000000:8174,mutual,mutual.CO+T,superlevel,h1,0.1,0,0,0,
trajectory_000000:8174,mutual,mutual.CO+T,superlevel,h1,0.25,2,0,2,
trajectory_000000:8174,mutual,mutual.CO+T,superlevel,h1,0.5,0,0,0,
trajectory_000000:8174,mutual,mutual.CO+T,superlevel,h1,0.75,1,0,1,
trajectory_000000:8174,mutual,mutual.CO+T,superlevel,h1,0.9,0,2,2,
trajectory_000000:8174,mutual,mutual.CO+T,superlevel,h0,0.1,4,3,1,
trajectory_000000:8174,mutual,mutual.CO+T,superlevel,h0,0.25,6,3,3,
trajectory_000000:8174,mutual,mutual.CO+T,superlevel,h0,0.5,1,1,0,
trajectory_000000:8174,mutual,mutual.CO+T,superlevel,h0,0.75,3,3,0,
trajectory_000000:8174,mutual,mutual.CO+T,superlevel,h0,0.9,3,3,0,
trajectory_000000:8174,mutual,mutual.CO+T,superlevel,h1,0.1,2,0,2,
trajectory_000000:8174,mutual,mutual.CO+T,superlevel,h1,0.25,2,0,2,
trajectory_000000:8174,mutual,mutual.CO+T,superlevel,h1,0.5,0,0,0,
trajectory_000000:8174,mutual,mutual.CO+T,superlevel,h1,0.75,107,0,107,
trajectory_000000:8174,mutual,mutual.CO+T,superlevel,h1,0.9,107,0,107,
trajectory_000000:8174,persistence_distance,topology.self.persistence,,,,,,,0.023320555686950684
trajectory_000000:8174,persistence_distance,topology.mutual.persistence,,,,,,,0.002882178872823715
trajectory_000000:8174,persistence_distance,topology.component_weighted_total_before_outer_family_weight,,,,,,,0.0262027345597744
trajectory_000000:8174,dimension_distance_diagnostic,topology.self.CO.h0,,,,,,,0.08708395808935165
trajectory_000000:8174,dimension_distance_diagnostic,topology.self.CO.h1,,,,,,,0.0013687502359971404
trajectory_000000:8174,dimension_distance_diagnostic,topology.self.T.h0,,,,,,,0.00468411622568965
trajectory_000000:8174,dimension_distance_diagnostic,topology.self.T.h1,,,,,,,0.0001453992008464411
trajectory_000000:8174,dimension_distance_diagnostic,topology.mutual.CO+T.h0,,,,,,,0.004557425156235695
trajectory_000000:8174,dimension_distance_diagnostic,topology.mutual.CO+T.h1,,,,,,,0.0012069324729964137
trajectory_000000:8190,self,self.CO,sublevel,h0,0.1,1,3,2,
trajectory_000000:8190,self,self.CO,sublevel,h0,0.25,1,3,2,
trajectory_000000:8190,self,self.CO,sublevel,h0,0.5,1,4,3,
trajectory_000000:8190,self,self.CO,sublevel,h0,0.75,4,3,1,
trajectory_000000:8190,self,self.CO,sublevel,h0,0.9,1,1,0,
trajectory_000000:8190,self,self.CO,sublevel,h1,0.1,104,2,102,
trajectory_000000:8190,self,self.CO,sublevel,h1,0.25,104,2,102,
trajectory_000000:8190,self,self.CO,sublevel,h1,0.5,0,2,2,
trajectory_000000:8190,self,self.CO,sublevel,h1,0.75,1,1,0,
trajectory_000000:8190,self,self.CO,sublevel,h1,0.9,1,1,0,
trajectory_000000:8190,self,self.T,sublevel,h0,0.1,1,4,3,
trajectory_000000:8190,self,self.T,sublevel,h0,0.25,2,2,0,
trajectory_000000:8190,self,self.T,sublevel,h0,0.5,1,1,0,
trajectory_000000:8190,self,self.T,sublevel,h0,0.75,3,1,2,
trajectory_000000:8190,self,self.T,sublevel,h0,0.9,1,1,0,
trajectory_000000:8190,self,self.T,sublevel,h1,0.1,1,0,1,
trajectory_000000:8190,self,self.T,sublevel,h1,0.25,0,0,0,
trajectory_000000:8190,self,self.T,sublevel,h1,0.5,0,0,0,
trajectory_000000:8190,self,self.T,sublevel,h1,0.75,2,3,1,
trajectory_000000:8190,self,self.T,sublevel,h1,0.9,0,0,0,
trajectory_000000:8190,mutual,mutual.CO+T,sublevel,h0,0.1,1,4,3,
trajectory_000000:8190,mutual,mutual.CO+T,sublevel,h0,0.25,2,2,0,
trajectory_000000:8190,mutual,mutual.CO+T,sublevel,h0,0.5,1,1,0,
trajectory_000000:8190,mutual,mutual.CO+T,sublevel,h0,0.75,4,2,2,
trajectory_000000:8190,mutual,mutual.CO+T,sublevel,h0,0.9,1,1,0,
trajectory_000000:8190,mutual,mutual.CO+T,sublevel,h1,0.1,1,0,1,
trajectory_000000:8190,mutual,mutual.CO+T,sublevel,h1,0.25,0,0,0,
trajectory_000000:8190,mutual,mutual.CO+T,sublevel,h1,0.5,0,0,0,
trajectory_000000:8190,mutual,mutual.CO+T,sublevel,h1,0.75,2,2,0,
trajectory_000000:8190,mutual,mutual.CO+T,sublevel,h1,0.9,6,4,2,
trajectory_000000:8190,mutual,mutual.CO+T,sublevel,h0,0.1,1,3,2,
trajectory_000000:8190,mutual,mutual.CO+T,sublevel,h0,0.25,1,3,2,
trajectory_000000:8190,mutual,mutual.CO+T,sublevel,h0,0.5,1,4,3,
trajectory_000000:8190,mutual,mutual.CO+T,sublevel,h0,0.75,4,2,2,
trajectory_000000:8190,mutual,mutual.CO+T,sublevel,h0,0.9,2,1,1,
trajectory_000000:8190,mutual,mutual.CO+T,sublevel,h1,0.1,104,2,102,
trajectory_000000:8190,mutual,mutual.CO+T,sublevel,h1,0.25,104,2,102,
trajectory_000000:8190,mutual,mutual.CO+T,sublevel,h1,0.5,0,2,2,
trajectory_000000:8190,mutual,mutual.CO+T,sublevel,h1,0.75,2,2,0,
trajectory_000000:8190,mutual,mutual.CO+T,sublevel,h1,0.9,7,3,4,
trajectory_000000:8190,mutual,mutual.CO+T,sublevel,h0,0.1,1,4,3,
trajectory_000000:8190,mutual,mutual.CO+T,sublevel,h0,0.25,2,2,0,
trajectory_000000:8190,mutual,mutual.CO+T,sublevel,h0,0.5,1,1,0,
trajectory_000000:8190,mutual,mutual.CO+T,sublevel,h0,0.75,4,3,1,
trajectory_000000:8190,mutual,mutual.CO+T,sublevel,h0,0.9,1,1,0,
trajectory_000000:8190,mutual,mutual.CO+T,sublevel,h1,0.1,1,0,1,
trajectory_000000:8190,mutual,mutual.CO+T,sublevel,h1,0.25,0,0,0,
trajectory_000000:8190,mutual,mutual.CO+T,sublevel,h1,0.5,0,0,0,
trajectory_000000:8190,mutual,mutual.CO+T,sublevel,h1,0.75,1,1,0,
trajectory_000000:8190,mutual,mutual.CO+T,sublevel,h1,0.9,1,1,0,
trajectory_000000:8190,self,self.CO,superlevel,h0,0.1,3,2,1,
trajectory_000000:8190,self,self.CO,superlevel,h0,0.25,4,2,2,
trajectory_000000:8190,self,self.CO,superlevel,h0,0.5,1,7,6,
trajectory_000000:8190,self,self.CO,superlevel,h0,0.75,1,7,6,
trajectory_000000:8190,self,self.CO,superlevel,h0,0.9,1,7,6,
trajectory_000000:8190,self,self.CO,superlevel,h1,0.1,0,0,0,
trajectory_000000:8190,self,self.CO,superlevel,h1,0.25,3,2,1,
trajectory_000000:8190,self,self.CO,superlevel,h1,0.5,0,2,2,
trajectory_000000:8190,self,self.CO,superlevel,h1,0.75,1,1,0,
trajectory_000000:8190,self,self.CO,superlevel,h1,0.9,1,1,0,
trajectory_000000:8190,self,self.T,superlevel,h0,0.1,1,1,0,
trajectory_000000:8190,self,self.T,superlevel,h0,0.25,4,5,1,
trajectory_000000:8190,self,self.T,superlevel,h0,0.5,1,2,1,
trajectory_000000:8190,self,self.T,superlevel,h0,0.75,1,1,0,
trajectory_000000:8190,self,self.T,superlevel,h0,0.9,4,2,2,
trajectory_000000:8190,self,self.T,superlevel,h1,0.1,0,0,0,
trajectory_000000:8190,self,self.T,superlevel,h1,0.25,1,0,1,
trajectory_000000:8190,self,self.T,superlevel,h1,0.5,0,0,0,
trajectory_000000:8190,self,self.T,superlevel,h1,0.75,0,0,0,
trajectory_000000:8190,self,self.T,superlevel,h1,0.9,0,1,1,
trajectory_000000:8190,mutual,mutual.CO+T,superlevel,h0,0.1,2,3,1,
trajectory_000000:8190,mutual,mutual.CO+T,superlevel,h0,0.25,2,2,0,
trajectory_000000:8190,mutual,mutual.CO+T,superlevel,h0,0.5,1,2,1,
trajectory_000000:8190,mutual,mutual.CO+T,superlevel,h0,0.75,1,1,0,
trajectory_000000:8190,mutual,mutual.CO+T,superlevel,h0,0.9,4,2,2,
trajectory_000000:8190,mutual,mutual.CO+T,superlevel,h1,0.1,0,0,0,
trajectory_000000:8190,mutual,mutual.CO+T,superlevel,h1,0.25,2,1,1,
trajectory_000000:8190,mutual,mutual.CO+T,superlevel,h1,0.5,0,0,0,
trajectory_000000:8190,mutual,mutual.CO+T,superlevel,h1,0.75,0,0,0,
trajectory_000000:8190,mutual,mutual.CO+T,superlevel,h1,0.9,0,1,1,
trajectory_000000:8190,mutual,mutual.CO+T,superlevel,h0,0.1,10,5,5,
trajectory_000000:8190,mutual,mutual.CO+T,superlevel,h0,0.25,2,3,1,
trajectory_000000:8190,mutual,mutual.CO+T,superlevel,h0,0.5,1,2,1,
trajectory_000000:8190,mutual,mutual.CO+T,superlevel,h0,0.75,1,1,0,
trajectory_000000:8190,mutual,mutual.CO+T,superlevel,h0,0.9,4,2,2,
trajectory_000000:8190,mutual,mutual.CO+T,superlevel,h1,0.1,0,0,0,
trajectory_000000:8190,mutual,mutual.CO+T,superlevel,h1,0.25,3,1,2,
trajectory_000000:8190,mutual,mutual.CO+T,superlevel,h1,0.5,0,0,0,
trajectory_000000:8190,mutual,mutual.CO+T,superlevel,h1,0.75,0,0,0,
trajectory_000000:8190,mutual,mutual.CO+T,superlevel,h1,0.9,0,1,1,
trajectory_000000:8190,mutual,mutual.CO+T,superlevel,h0,0.1,7,1,6,
trajectory_000000:8190,mutual,mutual.CO+T,superlevel,h0,0.25,1,3,2,
trajectory_000000:8190,mutual,mutual.CO+T,superlevel,h0,0.5,1,7,6,
trajectory_000000:8190,mutual,mutual.CO+T,superlevel,h0,0.75,1,7,6,
trajectory_000000:8190,mutual,mutual.CO+T,superlevel,h0,0.9,1,7,6,
trajectory_000000:8190,mutual,mutual.CO+T,superlevel,h1,0.1,0,0,0,
trajectory_000000:8190,mutual,mutual.CO+T,superlevel,h1,0.25,3,1,2,
trajectory_000000:8190,mutual,mutual.CO+T,superlevel,h1,0.5,0,2,2,
trajectory_000000:8190,mutual,mutual.CO+T,superlevel,h1,0.75,1,1,0,
trajectory_000000:8190,mutual,mutual.CO+T,superlevel,h1,0.9,1,1,0,
trajectory_000000:8190,persistence_distance,topology.self.persistence,,,,,,,0.006938810460269451
trajectory_000000:8190,persistence_distance,topology.mutual.persistence,,,,,,,0.0020257774740457535
trajectory_000000:8190,persistence_distance,topology.component_weighted_total_before_outer_family_weight,,,,,,,0.008964587934315205
trajectory_000000:8190,dimension_distance_diagnostic,topology.self.CO.h0,,,,,,,0.024064484983682632
trajectory_000000:8190,dimension_distance_diagnostic,topology.self.CO.h1,,,,,,,0.0009605733212083578
trajectory_000000:8190,dimension_distance_diagnostic,topology.self.T.h0,,,,,,,0.002473474945873022
trajectory_000000:8190,dimension_distance_diagnostic,topology.self.T.h1,,,,,,,0.000256710743997246
trajectory_000000:8190,dimension_distance_diagnostic,topology.mutual.CO+T.h0,,,,,,,0.0031789878848940134
trajectory_000000:8190,dimension_distance_diagnostic,topology.mutual.CO+T.h1,,,,,,,0.0008725668885745108
trajectory_000000:8206,self,self.CO,sublevel,h0,0.1,5,1,4,
trajectory_000000:8206,self,self.CO,sublevel,h0,0.25,5,1,4,
trajectory_000000:8206,self,self.CO,sublevel,h0,0.5,1,1,0,
trajectory_000000:8206,self,self.CO,sublevel,h0,0.75,6,7,1,
trajectory_000000:8206,self,self.CO,sublevel,h0,0.9,6,1,5,
trajectory_000000:8206,self,self.CO,sublevel,h1,0.1,100,4,96,
trajectory_000000:8206,self,self.CO,sublevel,h1,0.25,100,4,96,
trajectory_000000:8206,self,self.CO,sublevel,h1,0.5,0,3,3,
trajectory_000000:8206,self,self.CO,sublevel,h1,0.75,1,2,1,
trajectory_000000:8206,self,self.CO,sublevel,h1,0.9,6,10,4,
trajectory_000000:8206,self,self.T,sublevel,h0,0.1,4,2,2,
trajectory_000000:8206,self,self.T,sublevel,h0,0.25,1,3,2,
trajectory_000000:8206,self,self.T,sublevel,h0,0.5,1,1,0,
trajectory_000000:8206,self,self.T,sublevel,h0,0.75,3,3,0,
trajectory_000000:8206,self,self.T,sublevel,h0,0.9,2,2,0,
trajectory_000000:8206,self,self.T,sublevel,h1,0.1,0,3,3,
trajectory_000000:8206,self,self.T,sublevel,h1,0.25,0,0,0,
trajectory_000000:8206,self,self.T,sublevel,h1,0.5,1,1,0,
trajectory_000000:8206,self,self.T,sublevel,h1,0.75,5,3,2,
trajectory_000000:8206,self,self.T,sublevel,h1,0.9,3,1,2,
trajectory_000000:8206,mutual,mutual.CO+T,sublevel,h0,0.1,4,2,2,
trajectory_000000:8206,mutual,mutual.CO+T,sublevel,h0,0.25,1,3,2,
trajectory_000000:8206,mutual,mutual.CO+T,sublevel,h0,0.5,1,1,0,
trajectory_000000:8206,mutual,mutual.CO+T,sublevel,h0,0.75,9,4,5,
trajectory_000000:8206,mutual,mutual.CO+T,sublevel,h0,0.9,4,1,3,
trajectory_000000:8206,mutual,mutual.CO+T,sublevel,h1,0.1,0,3,3,
trajectory_000000:8206,mutual,mutual.CO+T,sublevel,h1,0.25,0,0,0,
trajectory_000000:8206,mutual,mutual.CO+T,sublevel,h1,0.5,1,1,0,
trajectory_000000:8206,mutual,mutual.CO+T,sublevel,h1,0.75,3,7,4,
trajectory_000000:8206,mutual,mutual.CO+T,sublevel,h1,0.9,8,11,3,
trajectory_000000:8206,mutual,mutual.CO+T,sublevel,h0,0.1,1,1,0,
trajectory_000000:8206,mutual,mutual.CO+T,sublevel,h0,0.25,1,1,0,
trajectory_000000:8206,mutual,mutual.CO+T,sublevel,h0,0.5,1,1,0,
trajectory_000000:8206,mutual,mutual.CO+T,sublevel,h0,0.75,9,5,4,
trajectory_000000:8206,mutual,mutual.CO+T,sublevel,h0,0.9,4,2,2,
trajectory_000000:8206,mutual,mutual.CO+T,sublevel,h1,0.1,1,4,3,
trajectory_000000:8206,mutual,mutual.CO+T,sublevel,h1,0.25,1,4,3,
trajectory_000000:8206,mutual,mutual.CO+T,sublevel,h1,0.5,0,3,3,
trajectory_000000:8206,mutual,mutual.CO+T,sublevel,h1,0.75,3,6,3,
trajectory_000000:8206,mutual,mutual.CO+T,sublevel,h1,0.9,11,11,0,
trajectory_000000:8206,mutual,mutual.CO+T,sublevel,h0,0.1,4,2,2,
trajectory_000000:8206,mutual,mutual.CO+T,sublevel,h0,0.25,1,3,2,
trajectory_000000:8206,mutual,mutual.CO+T,sublevel,h0,0.5,1,1,0,
trajectory_000000:8206,mutual,mutual.CO+T,sublevel,h0,0.75,6,7,1,
trajectory_000000:8206,mutual,mutual.CO+T,sublevel,h0,0.9,6,1,5,
trajectory_000000:8206,mutual,mutual.CO+T,sublevel,h1,0.1,0,3,3,
trajectory_000000:8206,mutual,mutual.CO+T,sublevel,h1,0.25,0,0,0,
trajectory_000000:8206,mutual,mutual.CO+T,sublevel,h1,0.5,1,1,0,
trajectory_000000:8206,mutual,mutual.CO+T,sublevel,h1,0.75,1,2,1,
trajectory_000000:8206,mutual,mutual.CO+T,sublevel,h1,0.9,6,10,4,
trajectory_000000:8206,self,self.CO,superlevel,h0,0.1,9,12,3,
trajectory_000000:8206,self,self.CO,superlevel,h0,0.25,4,4,0,
trajectory_000000:8206,self,self.CO,superlevel,h0,0.5,1,5,4,
trajectory_000000:8206,self,self.CO,superlevel,h0,0.75,1,6,5,
trajectory_000000:8206,self,self.CO,superlevel,h0,0.9,1,6,5,
trajectory_000000:8206,self,self.CO,superlevel,h1,0.1,1,0,1,
trajectory_000000:8206,self,self.CO,superlevel,h1,0.25,3,2,1,
trajectory_000000:8206,self,self.CO,superlevel,h1,0.5,0,0,0,
trajectory_000000:8206,self,self.CO,superlevel,h1,0.75,117,0,117,
trajectory_000000:8206,self,self.CO,superlevel,h1,0.9,117,0,117,
trajectory_000000:8206,self,self.T,superlevel,h0,0.1,4,2,2,
trajectory_000000:8206,self,self.T,superlevel,h0,0.25,7,5,2,
trajectory_000000:8206,self,self.T,superlevel,h0,0.5,2,3,1,
trajectory_000000:8206,self,self.T,superlevel,h0,0.75,1,1,0,
trajectory_000000:8206,self,self.T,superlevel,h0,0.9,1,4,3,
trajectory_000000:8206,self,self.T,superlevel,h1,0.1,0,0,0,
trajectory_000000:8206,self,self.T,superlevel,h1,0.25,1,1,0,
trajectory_000000:8206,self,self.T,superlevel,h1,0.5,0,0,0,
trajectory_000000:8206,self,self.T,superlevel,h1,0.75,0,0,0,
trajectory_000000:8206,self,self.T,superlevel,h1,0.9,2,0,2,
trajectory_000000:8206,mutual,mutual.CO+T,superlevel,h0,0.1,10,3,7,
trajectory_000000:8206,mutual,mutual.CO+T,superlevel,h0,0.25,7,5,2,
trajectory_000000:8206,mutual,mutual.CO+T,superlevel,h0,0.5,2,3,1,
trajectory_000000:8206,mutual,mutual.CO+T,superlevel,h0,0.75,1,1,0,
trajectory_000000:8206,mutual,mutual.CO+T,superlevel,h0,0.9,1,4,3,
trajectory_000000:8206,mutual,mutual.CO+T,superlevel,h1,0.1,0,0,0,
trajectory_000000:8206,mutual,mutual.CO+T,superlevel,h1,0.25,2,0,2,
trajectory_000000:8206,mutual,mutual.CO+T,superlevel,h1,0.5,0,0,0,
trajectory_000000:8206,mutual,mutual.CO+T,superlevel,h1,0.75,0,0,0,
trajectory_000000:8206,mutual,mutual.CO+T,superlevel,h1,0.9,2,0,2,
trajectory_000000:8206,mutual,mutual.CO+T,superlevel,h0,0.1,17,14,3,
trajectory_000000:8206,mutual,mutual.CO+T,superlevel,h0,0.25,2,6,4,
trajectory_000000:8206,mutual,mutual.CO+T,superlevel,h0,0.5,2,3,1,
trajectory_000000:8206,mutual,mutual.CO+T,superlevel,h0,0.75,1,1,0,
trajectory_000000:8206,mutual,mutual.CO+T,superlevel,h0,0.9,1,4,3,
trajectory_000000:8206,mutual,mutual.CO+T,superlevel,h1,0.1,0,1,1,
trajectory_000000:8206,mutual,mutual.CO+T,superlevel,h1,0.25,4,1,3,
trajectory_000000:8206,mutual,mutual.CO+T,superlevel,h1,0.5,0,0,0,
trajectory_000000:8206,mutual,mutual.CO+T,superlevel,h1,0.75,0,0,0,
trajectory_000000:8206,mutual,mutual.CO+T,superlevel,h1,0.9,2,0,2,
trajectory_000000:8206,mutual,mutual.CO+T,superlevel,h0,0.1,19,6,13,
trajectory_000000:8206,mutual,mutual.CO+T,superlevel,h0,0.25,2,6,4,
trajectory_000000:8206,mutual,mutual.CO+T,superlevel,h0,0.5,1,5,4,
trajectory_000000:8206,mutual,mutual.CO+T,superlevel,h0,0.75,1,6,5,
trajectory_000000:8206,mutual,mutual.CO+T,superlevel,h0,0.9,1,6,5,
trajectory_000000:8206,mutual,mutual.CO+T,superlevel,h1,0.1,1,0,1,
trajectory_000000:8206,mutual,mutual.CO+T,superlevel,h1,0.25,4,1,3,
trajectory_000000:8206,mutual,mutual.CO+T,superlevel,h1,0.5,0,0,0,
trajectory_000000:8206,mutual,mutual.CO+T,superlevel,h1,0.75,117,0,117,
trajectory_000000:8206,mutual,mutual.CO+T,superlevel,h1,0.9,117,0,117,
trajectory_000000:8206,persistence_distance,topology.self.persistence,,,,,,,0.007185607682913542
trajectory_000000:8206,persistence_distance,topology.mutual.persistence,,,,,,,0.0027503380551934242
trajectory_000000:8206,persistence_distance,topology.component_weighted_total_before_outer_family_weight,,,,,,,0.009935945272445679
trajectory_000000:8206,dimension_distance_diagnostic,topology.self.CO.h0,,,,,,,0.022247670218348503
trajectory_000000:8206,dimension_distance_diagnostic,topology.self.CO.h1,,,,,,,0.001601898344233632
trajectory_000000:8206,dimension_distance_diagnostic,topology.self.T.h0,,,,,,,0.004580831620842218
trajectory_000000:8206,dimension_distance_diagnostic,topology.self.T.h1,,,,,,,0.0003120318870060146
trajectory_000000:8206,dimension_distance_diagnostic,topology.mutual.CO+T.h0,,,,,,,0.004111161921173334
trajectory_000000:8206,dimension_distance_diagnostic,topology.mutual.CO+T.h1,,,,,,,0.0013895140727981925
trajectory_000000:8222,self,self.CO,sublevel,h0,0.1,5,1,4,
trajectory_000000:8222,self,self.CO,sublevel,h0,0.25,5,1,4,
trajectory_000000:8222,self,self.CO,sublevel,h0,0.5,1,1,0,
trajectory_000000:8222,self,self.CO,sublevel,h0,0.75,9,1,8,
trajectory_000000:8222,self,self.CO,sublevel,h0,0.9,1,2,1,
trajectory_000000:8222,self,self.CO,sublevel,h1,0.1,98,0,98,
trajectory_000000:8222,self,self.CO,sublevel,h1,0.25,98,0,98,
trajectory_000000:8222,self,self.CO,sublevel,h1,0.5,0,0,0,
trajectory_000000:8222,self,self.CO,sublevel,h1,0.75,0,2,2,
trajectory_000000:8222,self,self.CO,sublevel,h1,0.9,11,6,5,
trajectory_000000:8222,self,self.T,sublevel,h0,0.1,2,9,7,
trajectory_000000:8222,self,self.T,sublevel,h0,0.25,2,7,5,
trajectory_000000:8222,self,self.T,sublevel,h0,0.5,1,2,1,
trajectory_000000:8222,self,self.T,sublevel,h0,0.75,6,2,4,
trajectory_000000:8222,self,self.T,sublevel,h0,0.9,1,1,0,
trajectory_000000:8222,self,self.T,sublevel,h1,0.1,0,0,0,
trajectory_000000:8222,self,self.T,sublevel,h1,0.25,0,2,2,
trajectory_000000:8222,self,self.T,sublevel,h1,0.5,0,2,2,
trajectory_000000:8222,self,self.T,sublevel,h1,0.75,5,3,2,
trajectory_000000:8222,self,self.T,sublevel,h1,0.9,5,4,1,
trajectory_000000:8222,mutual,mutual.CO+T,sublevel,h0,0.1,2,9,7,
trajectory_000000:8222,mutual,mutual.CO+T,sublevel,h0,0.25,2,7,5,
trajectory_000000:8222,mutual,mutual.CO+T,sublevel,h0,0.5,1,2,1,
trajectory_000000:8222,mutual,mutual.CO+T,sublevel,h0,0.75,5,7,2,
trajectory_000000:8222,mutual,mutual.CO+T,sublevel,h0,0.9,1,1,0,
trajectory_000000:8222,mutual,mutual.CO+T,sublevel,h1,0.1,0,0,0,
trajectory_000000:8222,mutual,mutual.CO+T,sublevel,h1,0.25,0,2,2,
trajectory_000000:8222,mutual,mutual.CO+T,sublevel,h1,0.5,0,2,2,
trajectory_000000:8222,mutual,mutual.CO+T,sublevel,h1,0.75,6,3,3,
trajectory_000000:8222,mutual,mutual.CO+T,sublevel,h1,0.9,14,3,11,
trajectory_000000:8222,mutual,mutual.CO+T,sublevel,h0,0.1,1,1,0,
trajectory_000000:8222,mutual,mutual.CO+T,sublevel,h0,0.25,1,1,0,
trajectory_000000:8222,mutual,mutual.CO+T,sublevel,h0,0.5,1,1,0,
trajectory_000000:8222,mutual,mutual.CO+T,sublevel,h0,0.75,5,9,4,
trajectory_000000:8222,mutual,mutual.CO+T,sublevel,h0,0.9,2,1,1,
trajectory_000000:8222,mutual,mutual.CO+T,sublevel,h1,0.1,0,0,0,
trajectory_000000:8222,mutual,mutual.CO+T,sublevel,h1,0.25,0,0,0,
trajectory_000000:8222,mutual,mutual.CO+T,sublevel,h1,0.5,0,0,0,
trajectory_000000:8222,mutual,mutual.CO+T,sublevel,h1,0.75,7,3,4,
trajectory_000000:8222,mutual,mutual.CO+T,sublevel,h1,0.9,18,7,11,
trajectory_000000:8222,mutual,mutual.CO+T,sublevel,h0,0.1,2,9,7,
trajectory_000000:8222,mutual,mutual.CO+T,sublevel,h0,0.25,2,7,5,
trajectory_000000:8222,mutual,mutual.CO+T,sublevel,h0,0.5,1,2,1,
trajectory_000000:8222,mutual,mutual.CO+T,sublevel,h0,0.75,7,1,6,
trajectory_000000:8222,mutual,mutual.CO+T,sublevel,h0,0.9,1,2,1,
trajectory_000000:8222,mutual,mutual.CO+T,sublevel,h1,0.1,0,0,0,
trajectory_000000:8222,mutual,mutual.CO+T,sublevel,h1,0.25,0,2,2,
trajectory_000000:8222,mutual,mutual.CO+T,sublevel,h1,0.5,0,2,2,
trajectory_000000:8222,mutual,mutual.CO+T,sublevel,h1,0.75,1,2,1,
trajectory_000000:8222,mutual,mutual.CO+T,sublevel,h1,0.9,11,6,5,
trajectory_000000:8222,self,self.CO,superlevel,h0,0.1,14,9,5,
trajectory_000000:8222,self,self.CO,superlevel,h0,0.25,4,4,0,
trajectory_000000:8222,self,self.CO,superlevel,h0,0.5,1,2,1,
trajectory_000000:8222,self,self.CO,superlevel,h0,0.75,1,2,1,
trajectory_000000:8222,self,self.CO,superlevel,h0,0.9,1,2,1,
trajectory_000000:8222,self,self.CO,superlevel,h1,0.1,0,1,1,
trajectory_000000:8222,self,self.CO,superlevel,h1,0.25,5,0,5,
trajectory_000000:8222,self,self.CO,superlevel,h1,0.5,0,0,0,
trajectory_000000:8222,self,self.CO,superlevel,h1,0.75,112,0,112,
trajectory_000000:8222,self,self.CO,superlevel,h1,0.9,112,0,112,
trajectory_000000:8222,self,self.T,superlevel,h0,0.1,6,4,2,
trajectory_000000:8222,self,self.T,superlevel,h0,0.25,6,5,1,
trajectory_000000:8222,self,self.T,superlevel,h0,0.5,2,3,1,
trajectory_000000:8222,self,self.T,superlevel,h0,0.75,2,5,3,
trajectory_000000:8222,self,self.T,superlevel,h0,0.9,1,3,2,
trajectory_000000:8222,self,self.T,superlevel,h1,0.1,0,0,0,
trajectory_000000:8222,self,self.T,superlevel,h1,0.25,4,1,3,
trajectory_000000:8222,self,self.T,superlevel,h1,0.5,0,0,0,
trajectory_000000:8222,self,self.T,superlevel,h1,0.75,0,1,1,
trajectory_000000:8222,self,self.T,superlevel,h1,0.9,0,1,1,
trajectory_000000:8222,mutual,mutual.CO+T,superlevel,h0,0.1,2,12,10,
trajectory_000000:8222,mutual,mutual.CO+T,superlevel,h0,0.25,8,2,6,
trajectory_000000:8222,mutual,mutual.CO+T,superlevel,h0,0.5,2,3,1,
trajectory_000000:8222,mutual,mutual.CO+T,superlevel,h0,0.75,2,5,3,
trajectory_000000:8222,mutual,mutual.CO+T,superlevel,h0,0.9,1,3,2,
trajectory_000000:8222,mutual,mutual.CO+T,superlevel,h1,0.1,0,0,0,
trajectory_000000:8222,mutual,mutual.CO+T,superlevel,h1,0.25,0,2,2,
trajectory_000000:8222,mutual,mutual.CO+T,superlevel,h1,0.5,0,0,0,
trajectory_000000:8222,mutual,mutual.CO+T,superlevel,h1,0.75,0,1,1,
trajectory_000000:8222,mutual,mutual.CO+T,superlevel,h1,0.9,0,1,1,
trajectory_000000:8222,mutual,mutual.CO+T,superlevel,h0,0.1,21,7,14,
trajectory_000000:8222,mutual,mutual.CO+T,superlevel,h0,0.25,5,3,2,
trajectory_000000:8222,mutual,mutual.CO+T,superlevel,h0,0.5,2,3,1,
trajectory_000000:8222,mutual,mutual.CO+T,superlevel,h0,0.75,2,5,3,
trajectory_000000:8222,mutual,mutual.CO+T,superlevel,h0,0.9,1,3,2,
trajectory_000000:8222,mutual,mutual.CO+T,superlevel,h1,0.1,0,3,3,
trajectory_000000:8222,mutual,mutual.CO+T,superlevel,h1,0.25,3,1,2,
trajectory_000000:8222,mutual,mutual.CO+T,superlevel,h1,0.5,0,0,0,
trajectory_000000:8222,mutual,mutual.CO+T,superlevel,h1,0.75,0,1,1,
trajectory_000000:8222,mutual,mutual.CO+T,superlevel,h1,0.9,0,1,1,
trajectory_000000:8222,mutual,mutual.CO+T,superlevel,h0,0.1,17,4,13,
trajectory_000000:8222,mutual,mutual.CO+T,superlevel,h0,0.25,5,3,2,
trajectory_000000:8222,mutual,mutual.CO+T,superlevel,h0,0.5,1,2,1,
trajectory_000000:8222,mutual,mutual.CO+T,superlevel,h0,0.75,1,2,1,
trajectory_000000:8222,mutual,mutual.CO+T,superlevel,h0,0.9,1,2,1,
trajectory_000000:8222,mutual,mutual.CO+T,superlevel,h1,0.1,1,1,0,
trajectory_000000:8222,mutual,mutual.CO+T,superlevel,h1,0.25,2,1,1,
trajectory_000000:8222,mutual,mutual.CO+T,superlevel,h1,0.5,0,0,0,
trajectory_000000:8222,mutual,mutual.CO+T,superlevel,h1,0.75,112,0,112,
trajectory_000000:8222,mutual,mutual.CO+T,superlevel,h1,0.9,112,0,112,
trajectory_000000:8222,persistence_distance,topology.self.persistence,,,,,,,0.022622469812631607
trajectory_000000:8222,persistence_distance,topology.mutual.persistence,,,,,,,0.0033955893013626337
trajectory_000000:8222,persistence_distance,topology.component_weighted_total_before_outer_family_weight,,,,,,,0.026018058881163597
trajectory_000000:8222,dimension_distance_diagnostic,topology.self.CO.h0,,,,,,,0.08346366137266159
trajectory_000000:8222,dimension_distance_diagnostic,topology.self.CO.h1,,,,,,,0.0020137946121394634
trajectory_000000:8222,dimension_distance_diagnostic,topology.self.T.h0,,,,,,,0.00470082787796855
trajectory_000000:8222,dimension_distance_diagnostic,topology.self.T.h1,,,,,,,0.0003115949803031981
trajectory_000000:8222,dimension_distance_diagnostic,topology.mutual.CO+T.h0,,,,,,,0.005075051914900541
trajectory_000000:8222,dimension_distance_diagnostic,topology.mutual.CO+T.h1,,,,,,,0.0017161263385787606
trajectory_000000:8237,self,self.CO,sublevel,h0,0.1,4,1,3,
trajectory_000000:8237,self,self.CO,sublevel,h0,0.25,4,1,3,
trajectory_000000:8237,self,self.CO,sublevel,h0,0.5,2,3,1,
trajectory_000000:8237,self,self.CO,sublevel,h0,0.75,3,3,0,
trajectory_000000:8237,self,self.CO,sublevel,h0,0.9,1,1,0,
trajectory_000000:8237,self,self.CO,sublevel,h1,0.1,87,0,87,
trajectory_000000:8237,self,self.CO,sublevel,h1,0.25,87,0,87,
trajectory_000000:8237,self,self.CO,sublevel,h1,0.5,0,0,0,
trajectory_000000:8237,self,self.CO,sublevel,h1,0.75,4,0,4,
trajectory_000000:8237,self,self.CO,sublevel,h1,0.9,9,4,5,
trajectory_000000:8237,self,self.T,sublevel,h0,0.1,5,1,4,
trajectory_000000:8237,self,self.T,sublevel,h0,0.25,3,2,1,
trajectory_000000:8237,self,self.T,sublevel,h0,0.5,1,1,0,
trajectory_000000:8237,self,self.T,sublevel,h0,0.75,1,1,0,
trajectory_000000:8237,self,self.T,sublevel,h0,0.9,1,1,0,
trajectory_000000:8237,self,self.T,sublevel,h1,0.1,0,0,0,
trajectory_000000:8237,self,self.T,sublevel,h1,0.25,0,0,0,
trajectory_000000:8237,self,self.T,sublevel,h1,0.5,0,0,0,
trajectory_000000:8237,self,self.T,sublevel,h1,0.75,2,0,2,
trajectory_000000:8237,self,self.T,sublevel,h1,0.9,3,4,1,
trajectory_000000:8237,mutual,mutual.CO+T,sublevel,h0,0.1,5,1,4,
trajectory_000000:8237,mutual,mutual.CO+T,sublevel,h0,0.25,3,2,1,
trajectory_000000:8237,mutual,mutual.CO+T,sublevel,h0,0.5,1,1,0,
trajectory_000000:8237,mutual,mutual.CO+T,sublevel,h0,0.75,11,5,6,
trajectory_000000:8237,mutual,mutual.CO+T,sublevel,h0,0.9,1,1,0,
trajectory_000000:8237,mutual,mutual.CO+T,sublevel,h1,0.1,0,0,0,
trajectory_000000:8237,mutual,mutual.CO+T,sublevel,h1,0.25,0,0,0,
trajectory_000000:8237,mutual,mutual.CO+T,sublevel,h1,0.5,0,0,0,
trajectory_000000:8237,mutual,mutual.CO+T,sublevel,h1,0.75,3,1,2,
trajectory_000000:8237,mutual,mutual.CO+T,sublevel,h1,0.9,14,6,8,
trajectory_000000:8237,mutual,mutual.CO+T,sublevel,h0,0.1,4,1,3,
trajectory_000000:8237,mutual,mutual.CO+T,sublevel,h0,0.25,4,1,3,
trajectory_000000:8237,mutual,mutual.CO+T,sublevel,h0,0.5,1,1,0,
trajectory_000000:8237,mutual,mutual.CO+T,sublevel,h0,0.75,12,4,8,
trajectory_000000:8237,mutual,mutual.CO+T,sublevel,h0,0.9,1,1,0,
trajectory_000000:8237,mutual,mutual.CO+T,sublevel,h1,0.1,87,0,87,
trajectory_000000:8237,mutual,mutual.CO+T,sublevel,h1,0.25,87,0,87,
trajectory_000000:8237,mutual,mutual.CO+T,sublevel,h1,0.5,0,0,0,
trajectory_000000:8237,mutual,mutual.CO+T,sublevel,h1,0.75,2,1,1,
trajectory_000000:8237,mutual,mutual.CO+T,sublevel,h1,0.9,14,6,8,
trajectory_000000:8237,mutual,mutual.CO+T,sublevel,h0,0.1,5,1,4,
trajectory_000000:8237,mutual,mutual.CO+T,sublevel,h0,0.25,3,2,1,
trajectory_000000:8237,mutual,mutual.CO+T,sublevel,h0,0.5,1,1,0,
trajectory_000000:8237,mutual,mutual.CO+T,sublevel,h0,0.75,3,3,0,
trajectory_000000:8237,mutual,mutual.CO+T,sublevel,h0,0.9,1,1,0,
trajectory_000000:8237,mutual,mutual.CO+T,sublevel,h1,0.1,0,0,0,
trajectory_000000:8237,mutual,mutual.CO+T,sublevel,h1,0.25,0,0,0,
trajectory_000000:8237,mutual,mutual.CO+T,sublevel,h1,0.5,0,0,0,
trajectory_000000:8237,mutual,mutual.CO+T,sublevel,h1,0.75,4,0,4,
trajectory_000000:8237,mutual,mutual.CO+T,sublevel,h1,0.9,9,4,5,
trajectory_000000:8237,self,self.CO,superlevel,h0,0.1,13,7,6,
trajectory_000000:8237,self,self.CO,superlevel,h0,0.25,5,2,3,
trajectory_000000:8237,self,self.CO,superlevel,h0,0.5,1,1,0,
trajectory_000000:8237,self,self.CO,superlevel,h0,0.75,1,3,2,
trajectory_000000:8237,self,self.CO,superlevel,h0,0.9,1,3,2,
trajectory_000000:8237,self,self.CO,superlevel,h1,0.1,0,0,0,
trajectory_000000:8237,self,self.CO,superlevel,h1,0.25,0,2,2,
trajectory_000000:8237,self,self.CO,superlevel,h1,0.5,0,0,0,
trajectory_000000:8237,self,self.CO,superlevel,h1,0.75,97,0,97,
trajectory_000000:8237,self,self.CO,superlevel,h1,0.9,97,0,97,
trajectory_000000:8237,self,self.T,superlevel,h0,0.1,4,4,0,
trajectory_000000:8237,self,self.T,superlevel,h0,0.25,4,1,3,
trajectory_000000:8237,self,self.T,superlevel,h0,0.5,1,1,0,
trajectory_000000:8237,self,self.T,superlevel,h0,0.75,3,1,2,
trajectory_000000:8237,self,self.T,superlevel,h0,0.9,1,1,0,
trajectory_000000:8237,self,self.T,superlevel,h1,0.1,0,0,0,
trajectory_000000:8237,self,self.T,superlevel,h1,0.25,0,0,0,
trajectory_000000:8237,self,self.T,superlevel,h1,0.5,0,0,0,
trajectory_000000:8237,self,self.T,superlevel,h1,0.75,0,1,1,
trajectory_000000:8237,self,self.T,superlevel,h1,0.9,1,0,1,
trajectory_000000:8237,mutual,mutual.CO+T,superlevel,h0,0.1,5,5,0,
trajectory_000000:8237,mutual,mutual.CO+T,superlevel,h0,0.25,2,1,1,
trajectory_000000:8237,mutual,mutual.CO+T,superlevel,h0,0.5,1,1,0,
trajectory_000000:8237,mutual,mutual.CO+T,superlevel,h0,0.75,3,1,2,
trajectory_000000:8237,mutual,mutual.CO+T,superlevel,h0,0.9,1,1,0,
trajectory_000000:8237,mutual,mutual.CO+T,superlevel,h1,0.1,0,0,0,
trajectory_000000:8237,mutual,mutual.CO+T,superlevel,h1,0.25,1,1,0,
trajectory_000000:8237,mutual,mutual.CO+T,superlevel,h1,0.5,0,0,0,
trajectory_000000:8237,mutual,mutual.CO+T,superlevel,h1,0.75,0,1,1,
trajectory_000000:8237,mutual,mutual.CO+T,superlevel,h1,0.9,1,0,1,
trajectory_000000:8237,mutual,mutual.CO+T,superlevel,h0,0.1,13,7,6,
trajectory_000000:8237,mutual,mutual.CO+T,superlevel,h0,0.25,8,2,6,
trajectory_000000:8237,mutual,mutual.CO+T,superlevel,h0,0.5,1,1,0,
trajectory_000000:8237,mutual,mutual.CO+T,superlevel,h0,0.75,3,1,2,
trajectory_000000:8237,mutual,mutual.CO+T,superlevel,h0,0.9,1,1,0,
trajectory_000000:8237,mutual,mutual.CO+T,superlevel,h1,0.1,2,0,2,
trajectory_000000:8237,mutual,mutual.CO+T,superlevel,h1,0.25,1,2,1,
trajectory_000000:8237,mutual,mutual.CO+T,superlevel,h1,0.5,0,0,0,
trajectory_000000:8237,mutual,mutual.CO+T,superlevel,h1,0.75,0,1,1,
trajectory_000000:8237,mutual,mutual.CO+T,superlevel,h1,0.9,1,0,1,
trajectory_000000:8237,mutual,mutual.CO+T,superlevel,h0,0.1,10,6,4,
trajectory_000000:8237,mutual,mutual.CO+T,superlevel,h0,0.25,6,2,4,
trajectory_000000:8237,mutual,mutual.CO+T,superlevel,h0,0.5,1,1,0,
trajectory_000000:8237,mutual,mutual.CO+T,superlevel,h0,0.75,1,3,2,
trajectory_000000:8237,mutual,mutual.CO+T,superlevel,h0,0.9,1,3,2,
trajectory_000000:8237,mutual,mutual.CO+T,superlevel,h1,0.1,0,0,0,
trajectory_000000:8237,mutual,mutual.CO+T,superlevel,h1,0.25,1,1,0,
trajectory_000000:8237,mutual,mutual.CO+T,superlevel,h1,0.5,0,0,0,
trajectory_000000:8237,mutual,mutual.CO+T,superlevel,h1,0.75,97,0,97,
trajectory_000000:8237,mutual,mutual.CO+T,superlevel,h1,0.9,97,0,97,
trajectory_000000:8237,persistence_distance,topology.self.persistence,,,,,,,0.00554560637101531
trajectory_000000:8237,persistence_distance,topology.mutual.persistence,,,,,,,0.0033897459506988525
trajectory_000000:8237,persistence_distance,topology.component_weighted_total_before_outer_family_weight,,,,,,,0.00893535278737545
trajectory_000000:8237,dimension_distance_diagnostic,topology.self.CO.h0,,,,,,,0.014897286891937256
trajectory_000000:8237,dimension_distance_diagnostic,topology.self.CO.h1,,,,,,,0.0015886262990534306
trajectory_000000:8237,dimension_distance_diagnostic,topology.self.T.h0,,,,,,,0.005590393673628569
trajectory_000000:8237,dimension_distance_diagnostic,topology.self.T.h1,,,,,,,0.00010611932520987466
trajectory_000000:8237,dimension_distance_diagnostic,topology.mutual.CO+T.h0,,,,,,,0.005461393389850855
trajectory_000000:8237,dimension_distance_diagnostic,topology.mutual.CO+T.h1,,,,,,,0.0013180976966395974
trajectory_000000:8253,self,self.CO,sublevel,h0,0.1,2,1,1,
trajectory_000000:8253,self,self.CO,sublevel,h0,0.25,2,1,1,
trajectory_000000:8253,self,self.CO,sublevel,h0,0.5,5,3,2,
trajectory_000000:8253,self,self.CO,sublevel,h0,0.75,5,1,4,
trajectory_000000:8253,self,self.CO,sublevel,h0,0.9,2,1,1,
trajectory_000000:8253,self,self.CO,sublevel,h1,0.1,87,1,86,
trajectory_000000:8253,self,self.CO,sublevel,h1,0.25,87,1,86,
trajectory_000000:8253,self,self.CO,sublevel,h1,0.5,1,0,1,
trajectory_000000:8253,self,self.CO,sublevel,h1,0.75,4,2,2,
trajectory_000000:8253,self,self.CO,sublevel,h1,0.9,10,6,4,
trajectory_000000:8253,self,self.T,sublevel,h0,0.1,6,7,1,
trajectory_000000:8253,self,self.T,sublevel,h0,0.25,4,6,2,
trajectory_000000:8253,self,self.T,sublevel,h0,0.5,2,1,1,
trajectory_000000:8253,self,self.T,sublevel,h0,0.75,2,1,1,
trajectory_000000:8253,self,self.T,sublevel,h0,0.9,1,1,0,
trajectory_000000:8253,self,self.T,sublevel,h1,0.1,0,3,3,
trajectory_000000:8253,self,self.T,sublevel,h1,0.25,0,4,4,
trajectory_000000:8253,self,self.T,sublevel,h1,0.5,0,0,0,
trajectory_000000:8253,self,self.T,sublevel,h1,0.75,2,0,2,
trajectory_000000:8253,self,self.T,sublevel,h1,0.9,4,1,3,
trajectory_000000:8253,mutual,mutual.CO+T,sublevel,h0,0.1,6,7,1,
trajectory_000000:8253,mutual,mutual.CO+T,sublevel,h0,0.25,4,6,2,
trajectory_000000:8253,mutual,mutual.CO+T,sublevel,h0,0.5,2,1,1,
trajectory_000000:8253,mutual,mutual.CO+T,sublevel,h0,0.75,15,1,14,
trajectory_000000:8253,mutual,mutual.CO+T,sublevel,h0,0.9,2,1,1,
trajectory_000000:8253,mutual,mutual.CO+T,sublevel,h1,0.1,0,3,3,
trajectory_000000:8253,mutual,mutual.CO+T,sublevel,h1,0.25,0,4,4,
trajectory_000000:8253,mutual,mutual.CO+T,sublevel,h1,0.5,0,0,0,
trajectory_000000:8253,mutual,mutual.CO+T,sublevel,h1,0.75,6,10,4,
trajectory_000000:8253,mutual,mutual.CO+T,sublevel,h1,0.9,10,6,4,
trajectory_000000:8253,mutual,mutual.CO+T,sublevel,h0,0.1,1,1,0,
trajectory_000000:8253,mutual,mutual.CO+T,sublevel,h0,0.25,1,1,0,
trajectory_000000:8253,mutual,mutual.CO+T,sublevel,h0,0.5,1,1,0,
trajectory_000000:8253,mutual,mutual.CO+T,sublevel,h0,0.75,14,1,13,
trajectory_000000:8253,mutual,mutual.CO+T,sublevel,h0,0.9,2,1,1,
trajectory_000000:8253,mutual,mutual.CO+T,sublevel,h1,0.1,0,1,1,
trajectory_000000:8253,mutual,mutual.CO+T,sublevel,h1,0.25,0,1,1,
trajectory_000000:8253,mutual,mutual.CO+T,sublevel,h1,0.5,1,0,1,
trajectory_000000:8253,mutual,mutual.CO+T,sublevel,h1,0.75,6,9,3,
trajectory_000000:8253,mutual,mutual.CO+T,sublevel,h1,0.9,10,6,4,
trajectory_000000:8253,mutual,mutual.CO+T,sublevel,h0,0.1,6,7,1,
trajectory_000000:8253,mutual,mutual.CO+T,sublevel,h0,0.25,4,6,2,
trajectory_000000:8253,mutual,mutual.CO+T,sublevel,h0,0.5,3,1,2,
trajectory_000000:8253,mutual,mutual.CO+T,sublevel,h0,0.75,5,1,4,
trajectory_000000:8253,mutual,mutual.CO+T,sublevel,h0,0.9,2,1,1,
trajectory_000000:8253,mutual,mutual.CO+T,sublevel,h1,0.1,0,3,3,
trajectory_000000:8253,mutual,mutual.CO+T,sublevel,h1,0.25,0,4,4,
trajectory_000000:8253,mutual,mutual.CO+T,sublevel,h1,0.5,1,0,1,
trajectory_000000:8253,mutual,mutual.CO+T,sublevel,h1,0.75,4,2,2,
trajectory_000000:8253,mutual,mutual.CO+T,sublevel,h1,0.9,10,6,4,
trajectory_000000:8253,self,self.CO,superlevel,h0,0.1,11,11,0,
trajectory_000000:8253,self,self.CO,superlevel,h0,0.25,7,3,4,
trajectory_000000:8253,self,self.CO,superlevel,h0,0.5,2,1,1,
trajectory_000000:8253,self,self.CO,superlevel,h0,0.75,1,8,7,
trajectory_000000:8253,self,self.CO,superlevel,h0,0.9,1,8,7,
trajectory_000000:8253,self,self.CO,superlevel,h1,0.1,1,0,1,
trajectory_000000:8253,self,self.CO,superlevel,h1,0.25,2,0,2,
trajectory_000000:8253,self,self.CO,superlevel,h1,0.5,2,1,1,
trajectory_000000:8253,self,self.CO,superlevel,h1,0.75,97,0,97,
trajectory_000000:8253,self,self.CO,superlevel,h1,0.9,97,0,97,
trajectory_000000:8253,self,self.T,superlevel,h0,0.1,5,1,4,
trajectory_000000:8253,self,self.T,superlevel,h0,0.25,3,1,2,
trajectory_000000:8253,self,self.T,superlevel,h0,0.5,1,1,0,
trajectory_000000:8253,self,self.T,superlevel,h0,0.75,2,5,3,
trajectory_000000:8253,self,self.T,superlevel,h0,0.9,2,5,3,
trajectory_000000:8253,self,self.T,superlevel,h1,0.1,0,0,0,
trajectory_000000:8253,self,self.T,superlevel,h1,0.25,0,0,0,
trajectory_000000:8253,self,self.T,superlevel,h1,0.5,0,0,0,
trajectory_000000:8253,self,self.T,superlevel,h1,0.75,1,2,1,
trajectory_000000:8253,self,self.T,superlevel,h1,0.9,0,1,1,
trajectory_000000:8253,mutual,mutual.CO+T,superlevel,h0,0.1,13,4,9,
trajectory_000000:8253,mutual,mutual.CO+T,superlevel,h0,0.25,5,2,3,
trajectory_000000:8253,mutual,mutual.CO+T,superlevel,h0,0.5,1,1,0,
trajectory_000000:8253,mutual,mutual.CO+T,superlevel,h0,0.75,2,5,3,
trajectory_000000:8253,mutual,mutual.CO+T,superlevel,h0,0.9,2,5,3,
trajectory_000000:8253,mutual,mutual.CO+T,superlevel,h1,0.1,0,0,0,
trajectory_000000:8253,mutual,mutual.CO+T,superlevel,h1,0.25,1,0,1,
trajectory_000000:8253,mutual,mutual.CO+T,superlevel,h1,0.5,0,0,0,
trajectory_000000:8253,mutual,mutual.CO+T,superlevel,h1,0.75,1,2,1,
trajectory_000000:8253,mutual,mutual.CO+T,superlevel,h1,0.9,0,1,1,
trajectory_000000:8253,mutual,mutual.CO+T,superlevel,h0,0.1,12,9,3,
trajectory_000000:8253,mutual,mutual.CO+T,superlevel,h0,0.25,7,1,6,
trajectory_000000:8253,mutual,mutual.CO+T,superlevel,h0,0.5,1,1,0,
trajectory_000000:8253,mutual,mutual.CO+T,superlevel,h0,0.75,2,5,3,
trajectory_000000:8253,mutual,mutual.CO+T,superlevel,h0,0.9,2,5,3,
trajectory_000000:8253,mutual,mutual.CO+T,superlevel,h1,0.1,0,0,0,
trajectory_000000:8253,mutual,mutual.CO+T,superlevel,h1,0.25,1,0,1,
trajectory_000000:8253,mutual,mutual.CO+T,superlevel,h1,0.5,0,0,0,
trajectory_000000:8253,mutual,mutual.CO+T,superlevel,h1,0.75,1,2,1,
trajectory_000000:8253,mutual,mutual.CO+T,superlevel,h1,0.9,0,1,1,
trajectory_000000:8253,mutual,mutual.CO+T,superlevel,h0,0.1,10,3,7,
trajectory_000000:8253,mutual,mutual.CO+T,superlevel,h0,0.25,7,2,5,
trajectory_000000:8253,mutual,mutual.CO+T,superlevel,h0,0.5,2,1,1,
trajectory_000000:8253,mutual,mutual.CO+T,superlevel,h0,0.75,1,8,7,
trajectory_000000:8253,mutual,mutual.CO+T,superlevel,h0,0.9,1,8,7,
trajectory_000000:8253,mutual,mutual.CO+T,superlevel,h1,0.1,0,0,0,
trajectory_000000:8253,mutual,mutual.CO+T,superlevel,h1,0.25,0,0,0,
trajectory_000000:8253,mutual,mutual.CO+T,superlevel,h1,0.5,2,1,1,
trajectory_000000:8253,mutual,mutual.CO+T,superlevel,h1,0.75,97,0,97,
trajectory_000000:8253,mutual,mutual.CO+T,superlevel,h1,0.9,97,0,97,
trajectory_000000:8253,persistence_distance,topology.self.persistence,,,,,,,0.007509836461395025
trajectory_000000:8253,persistence_distance,topology.mutual.persistence,,,,,,,0.0023656522389501333
trajectory_000000:8253,persistence_distance,topology.component_weighted_total_before_outer_family_weight,,,,,,,0.009875488467514515
trajectory_000000:8253,dimension_distance_diagnostic,topology.self.CO.h0,,,,,,,0.024761563166975975
trajectory_000000:8253,dimension_distance_diagnostic,topology.self.CO.h1,,,,,,,0.0015103917103260756
trajectory_000000:8253,dimension_distance_diagnostic,topology.self.T.h0,,,,,,,0.0035989265888929367
trajectory_000000:8253,dimension_distance_diagnostic,topology.self.T.h1,,,,,,,0.00016846280777826905
trajectory_000000:8253,dimension_distance_diagnostic,topology.mutual.CO+T.h0,,,,,,,0.0035106604918837547
trajectory_000000:8253,dimension_distance_diagnostic,topology.mutual.CO+T.h1,,,,,,,0.0012206443352624774
trajectory_000000:8269,self,self.CO,sublevel,h0,0.1,3,1,2,
trajectory_000000:8269,self,self.CO,sublevel,h0,0.25,3,1,2,
trajectory_000000:8269,self,self.CO,sublevel,h0,0.5,7,3,4,
trajectory_000000:8269,self,self.CO,sublevel,h0,0.75,4,2,2,
trajectory_000000:8269,self,self.CO,sublevel,h0,0.9,6,1,5,
trajectory_000000:8269,self,self.CO,sublevel,h1,0.1,80,0,80,
trajectory_000000:8269,self,self.CO,sublevel,h1,0.25,80,0,80,
trajectory_000000:8269,self,self.CO,sublevel,h1,0.5,0,0,0,
trajectory_000000:8269,self,self.CO,sublevel,h1,0.75,3,1,2,
trajectory_000000:8269,self,self.CO,sublevel,h1,0.9,3,2,1,
trajectory_000000:8269,self,self.T,sublevel,h0,0.1,5,7,2,
trajectory_000000:8269,self,self.T,sublevel,h0,0.25,3,13,10,
trajectory_000000:8269,self,self.T,sublevel,h0,0.5,3,1,2,
trajectory_000000:8269,self,self.T,sublevel,h0,0.75,2,1,1,
trajectory_000000:8269,self,self.T,sublevel,h0,0.9,1,2,1,
trajectory_000000:8269,self,self.T,sublevel,h1,0.1,0,2,2,
trajectory_000000:8269,self,self.T,sublevel,h1,0.25,0,0,0,
trajectory_000000:8269,self,self.T,sublevel,h1,0.5,0,0,0,
trajectory_000000:8269,self,self.T,sublevel,h1,0.75,1,0,1,
trajectory_000000:8269,self,self.T,sublevel,h1,0.9,2,5,3,
trajectory_000000:8269,mutual,mutual.CO+T,sublevel,h0,0.1,5,7,2,
trajectory_000000:8269,mutual,mutual.CO+T,sublevel,h0,0.25,3,13,10,
trajectory_000000:8269,mutual,mutual.CO+T,sublevel,h0,0.5,3,1,2,
trajectory_000000:8269,mutual,mutual.CO+T,sublevel,h0,0.75,17,7,10,
trajectory_000000:8269,mutual,mutual.CO+T,sublevel,h0,0.9,6,2,4,
trajectory_000000:8269,mutual,mutual.CO+T,sublevel,h1,0.1,0,2,2,
trajectory_000000:8269,mutual,mutual.CO+T,sublevel,h1,0.25,0,0,0,
trajectory_000000:8269,mutual,mutual.CO+T,sublevel,h1,0.5,0,0,0,
trajectory_000000:8269,mutual,mutual.CO+T,sublevel,h1,0.75,5,5,0,
trajectory_000000:8269,mutual,mutual.CO+T,sublevel,h1,0.9,5,2,3,
trajectory_000000:8269,mutual,mutual.CO+T,sublevel,h0,0.1,3,1,2,
trajectory_000000:8269,mutual,mutual.CO+T,sublevel,h0,0.25,3,1,2,
trajectory_000000:8269,mutual,mutual.CO+T,sublevel,h0,0.5,5,3,2,
trajectory_000000:8269,mutual,mutual.CO+T,sublevel,h0,0.75,14,12,2,
trajectory_000000:8269,mutual,mutual.CO+T,sublevel,h0,0.9,6,2,4,
trajectory_000000:8269,mutual,mutual.CO+T,sublevel,h1,0.1,80,0,80,
trajectory_000000:8269,mutual,mutual.CO+T,sublevel,h1,0.25,80,0,80,
trajectory_000000:8269,mutual,mutual.CO+T,sublevel,h1,0.5,0,0,0,
trajectory_000000:8269,mutual,mutual.CO+T,sublevel,h1,0.75,5,3,2,
trajectory_000000:8269,mutual,mutual.CO+T,sublevel,h1,0.9,5,2,3,
trajectory_000000:8269,mutual,mutual.CO+T,sublevel,h0,0.1,5,7,2,
trajectory_000000:8269,mutual,mutual.CO+T,sublevel,h0,0.25,3,13,10,
trajectory_000000:8269,mutual,mutual.CO+T,sublevel,h0,0.5,6,2,4,
trajectory_000000:8269,mutual,mutual.CO+T,sublevel,h0,0.75,4,2,2,
trajectory_000000:8269,mutual,mutual.CO+T,sublevel,h0,0.9,6,1,5,
trajectory_000000:8269,mutual,mutual.CO+T,sublevel,h1,0.1,0,2,2,
trajectory_000000:8269,mutual,mutual.CO+T,sublevel,h1,0.25,0,0,0,
trajectory_000000:8269,mutual,mutual.CO+T,sublevel,h1,0.5,0,0,0,
trajectory_000000:8269,mutual,mutual.CO+T,sublevel,h1,0.75,3,1,2,
trajectory_000000:8269,mutual,mutual.CO+T,sublevel,h1,0.9,3,2,1,
trajectory_000000:8269,self,self.CO,superlevel,h0,0.1,8,4,4,
trajectory_000000:8269,self,self.CO,superlevel,h0,0.25,4,3,1,
trajectory_000000:8269,self,self.CO,superlevel,h0,0.5,1,1,0,
trajectory_000000:8269,self,self.CO,superlevel,h0,0.75,1,1,0,
trajectory_000000:8269,self,self.CO,superlevel,h0,0.9,1,1,0,
trajectory_000000:8269,self,self.CO,superlevel,h1,0.1,1,0,1,
trajectory_000000:8269,self,self.CO,superlevel,h1,0.25,2,1,1,
trajectory_000000:8269,self,self.CO,superlevel,h1,0.5,0,0,0,
trajectory_000000:8269,self,self.CO,superlevel,h1,0.75,87,0,87,
trajectory_000000:8269,self,self.CO,superlevel,h1,0.9,87,0,87,
trajectory_000000:8269,self,self.T,superlevel,h0,0.1,3,6,3,
trajectory_000000:8269,self,self.T,superlevel,h0,0.25,2,1,1,
trajectory_000000:8269,self,self.T,superlevel,h0,0.5,1,1,0,
trajectory_000000:8269,self,self.T,superlevel,h0,0.75,2,2,0,
trajectory_000000:8269,self,self.T,superlevel,h0,0.9,1,3,2,
trajectory_000000:8269,self,self.T,superlevel,h1,0.1,0,0,0,
trajectory_000000:8269,self,self.T,superlevel,h1,0.25,0,0,0,
trajectory_000000:8269,self,self.T,superlevel,h1,0.5,0,0,0,
trajectory_000000:8269,self,self.T,superlevel,h1,0.75,1,7,6,
trajectory_000000:8269,self,self.T,superlevel,h1,0.9,2,2,0,
trajectory_000000:8269,mutual,mutual.CO+T,superlevel,h0,0.1,4,6,2,
trajectory_000000:8269,mutual,mutual.CO+T,superlevel,h0,0.25,1,2,1,
trajectory_000000:8269,mutual,mutual.CO+T,superlevel,h0,0.5,1,1,0,
trajectory_000000:8269,mutual,mutual.CO+T,superlevel,h0,0.75,2,2,0,
trajectory_000000:8269,mutual,mutual.CO+T,superlevel,h0,0.9,1,3,2,
trajectory_000000:8269,mutual,mutual.CO+T,superlevel,h1,0.1,0,0,0,
trajectory_000000:8269,mutual,mutual.CO+T,superlevel,h1,0.25,1,0,1,
trajectory_000000:8269,mutual,mutual.CO+T,superlevel,h1,0.5,0,0,0,
trajectory_000000:8269,mutual,mutual.CO+T,superlevel,h1,0.75,1,7,6,
trajectory_000000:8269,mutual,mutual.CO+T,superlevel,h1,0.9,2,2,0,
trajectory_000000:8269,mutual,mutual.CO+T,superlevel,h0,0.1,6,2,4,
trajectory_000000:8269,mutual,mutual.CO+T,superlevel,h0,0.25,5,4,1,
trajectory_000000:8269,mutual,mutual.CO+T,superlevel,h0,0.5,1,1,0,
trajectory_000000:8269,mutual,mutual.CO+T,superlevel,h0,0.75,2,2,0,
trajectory_000000:8269,mutual,mutual.CO+T,superlevel,h0,0.9,1,3,2,
trajectory_000000:8269,mutual,mutual.CO+T,superlevel,h1,0.1,0,1,1,
trajectory_000000:8269,mutual,mutual.CO+T,superlevel,h1,0.25,1,0,1,
trajectory_000000:8269,mutual,mutual.CO+T,superlevel,h1,0.5,0,0,0,
trajectory_000000:8269,mutual,mutual.CO+T,superlevel,h1,0.75,1,7,6,
trajectory_000000:8269,mutual,mutual.CO+T,superlevel,h1,0.9,2,2,0,
trajectory_000000:8269,mutual,mutual.CO+T,superlevel,h0,0.1,9,8,1,
trajectory_000000:8269,mutual,mutual.CO+T,superlevel,h0,0.25,4,2,2,
trajectory_000000:8269,mutual,mutual.CO+T,superlevel,h0,0.5,1,1,0,
trajectory_000000:8269,mutual,mutual.CO+T,superlevel,h0,0.75,1,1,0,
trajectory_000000:8269,mutual,mutual.CO+T,superlevel,h0,0.9,1,1,0,
trajectory_000000:8269,mutual,mutual.CO+T,superlevel,h1,0.1,0,1,1,
trajectory_000000:8269,mutual,mutual.CO+T,superlevel,h1,0.25,1,0,1,
trajectory_000000:8269,mutual,mutual.CO+T,superlevel,h1,0.5,0,0,0,
trajectory_000000:8269,mutual,mutual.CO+T,superlevel,h1,0.75,87,0,87,
trajectory_000000:8269,mutual,mutual.CO+T,superlevel,h1,0.9,87,0,87,
trajectory_000000:8269,persistence_distance,topology.self.persistence,,,,,,,0.0033212825655937195
trajectory_000000:8269,persistence_distance,topology.mutual.persistence,,,,,,,0.0024357831571251154
trajectory_000000:8269,persistence_distance,topology.component_weighted_total_before_outer_family_weight,,,,,,,0.005757065489888191
trajectory_000000:8269,dimension_distance_diagnostic,topology.self.CO.h0,,,,,,,0.008407111279666424
trajectory_000000:8269,dimension_distance_diagnostic,topology.self.CO.h1,,,,,,,0.0013079409254714847
trajectory_000000:8269,dimension_distance_diagnostic,topology.self.T.h0,,,,,,,0.0034645814448595047
trajectory_000000:8269,dimension_distance_diagnostic,topology.self.T.h1,,,,,,,0.00010549699072726071
trajectory_000000:8269,dimension_distance_diagnostic,topology.mutual.CO+T.h0,,,,,,,0.0037902994081377983
trajectory_000000:8269,dimension_distance_diagnostic,topology.mutual.CO+T.h1,,,,,,,0.001081266556866467
trajectory_000000:8285,self,self.CO,sublevel,h0,0.1,2,1,1,
trajectory_000000:8285,self,self.CO,sublevel,h0,0.25,2,1,1,
trajectory_000000:8285,self,self.CO,sublevel,h0,0.5,3,6,3,
trajectory_000000:8285,self,self.CO,sublevel,h0,0.75,6,2,4,
trajectory_000000:8285,self,self.CO,sublevel,h0,0.9,1,3,2,
trajectory_000000:8285,self,self.CO,sublevel,h1,0.1,83,0,83,
trajectory_000000:8285,self,self.CO,sublevel,h1,0.25,83,0,83,
trajectory_000000:8285,self,self.CO,sublevel,h1,0.5,0,0,0,
trajectory_000000:8285,self,self.CO,sublevel,h1,0.75,5,3,2,
trajectory_000000:8285,self,self.CO,sublevel,h1,0.9,5,2,3,
trajectory_000000:8285,self,self.T,sublevel,h0,0.1,6,7,1,
trajectory_000000:8285,self,self.T,sublevel,h0,0.25,1,8,7,
trajectory_000000:8285,self,self.T,sublevel,h0,0.5,6,2,4,
trajectory_000000:8285,self,self.T,sublevel,h0,0.75,2,1,1,
trajectory_000000:8285,self,self.T,sublevel,h0,0.9,1,1,0,
trajectory_000000:8285,self,self.T,sublevel,h1,0.1,0,2,2,
trajectory_000000:8285,self,self.T,sublevel,h1,0.25,0,2,2,
trajectory_000000:8285,self,self.T,sublevel,h1,0.5,0,0,0,
trajectory_000000:8285,self,self.T,sublevel,h1,0.75,3,0,3,
trajectory_000000:8285,self,self.T,sublevel,h1,0.9,3,3,0,
trajectory_000000:8285,mutual,mutual.CO+T,sublevel,h0,0.1,6,7,1,
trajectory_000000:8285,mutual,mutual.CO+T,sublevel,h0,0.25,1,8,7,
trajectory_000000:8285,mutual,mutual.CO+T,sublevel,h0,0.5,9,2,7,
trajectory_000000:8285,mutual,mutual.CO+T,sublevel,h0,0.75,6,8,2,
trajectory_000000:8285,mutual,mutual.CO+T,sublevel,h0,0.9,1,3,2,
trajectory_000000:8285,mutual,mutual.CO+T,sublevel,h1,0.1,0,2,2,
trajectory_000000:8285,mutual,mutual.CO+T,sublevel,h1,0.25,0,2,2,
trajectory_000000:8285,mutual,mutual.CO+T,sublevel,h1,0.5,0,0,0,
trajectory_000000:8285,mutual,mutual.CO+T,sublevel,h1,0.75,6,3,3,
trajectory_000000:8285,mutual,mutual.CO+T,sublevel,h1,0.9,6,4,2,
trajectory_000000:8285,mutual,mutual.CO+T,sublevel,h0,0.1,2,1,1,
trajectory_000000:8285,mutual,mutual.CO+T,sublevel,h0,0.25,2,1,1,
trajectory_000000:8285,mutual,mutual.CO+T,sublevel,h0,0.5,14,12,2,
trajectory_000000:8285,mutual,mutual.CO+T,sublevel,h0,0.75,9,4,5,
trajectory_000000:8285,mutual,mutual.CO+T,sublevel,h0,0.9,1,5,4,
trajectory_000000:8285,mutual,mutual.CO+T,sublevel,h1,0.1,83,0,83,
trajectory_000000:8285,mutual,mutual.CO+T,sublevel,h1,0.25,83,0,83,
trajectory_000000:8285,mutual,mutual.CO+T,sublevel,h1,0.5,0,0,0,
trajectory_000000:8285,mutual,mutual.CO+T,sublevel,h1,0.75,6,3,3,
trajectory_000000:8285,mutual,mutual.CO+T,sublevel,h1,0.9,6,4,2,
trajectory_000000:8285,mutual,mutual.CO+T,sublevel,h0,0.1,6,7,1,
trajectory_000000:8285,mutual,mutual.CO+T,sublevel,h0,0.25,1,8,7,
trajectory_000000:8285,mutual,mutual.CO+T,sublevel,h0,0.5,16,13,3,
trajectory_000000:8285,mutual,mutual.CO+T,sublevel,h0,0.75,6,2,4,
trajectory_000000:8285,mutual,mutual.CO+T,sublevel,h0,0.9,1,3,2,
trajectory_000000:8285,mutual,mutual.CO+T,sublevel,h1,0.1,0,2,2,
trajectory_000000:8285,mutual,mutual.CO+T,sublevel,h1,0.25,0,2,2,
trajectory_000000:8285,mutual,mutual.CO+T,sublevel,h1,0.5,0,0,0,
trajectory_000000:8285,mutual,mutual.CO+T,sublevel,h1,0.75,5,3,2,
trajectory_000000:8285,mutual,mutual.CO+T,sublevel,h1,0.9,5,2,3,
trajectory_000000:8285,self,self.CO,superlevel,h0,0.1,6,4,2,
trajectory_000000:8285,self,self.CO,superlevel,h0,0.25,6,4,2,
trajectory_000000:8285,self,self.CO,superlevel,h0,0.5,1,1,0,
trajectory_000000:8285,self,self.CO,superlevel,h0,0.75,1,1,0,
trajectory_000000:8285,self,self.CO,superlevel,h0,0.9,1,1,0,
trajectory_000000:8285,self,self.CO,superlevel,h1,0.1,0,1,1,
trajectory_000000:8285,self,self.CO,superlevel,h1,0.25,4,0,4,
trajectory_000000:8285,self,self.CO,superlevel,h1,0.5,0,0,0,
trajectory_000000:8285,self,self.CO,superlevel,h1,0.75,90,0,90,
trajectory_000000:8285,self,self.CO,superlevel,h1,0.9,90,0,90,
trajectory_000000:8285,self,self.T,superlevel,h0,0.1,4,3,1,
trajectory_000000:8285,self,self.T,superlevel,h0,0.25,4,1,3,
trajectory_000000:8285,self,self.T,superlevel,h0,0.5,1,1,0,
trajectory_000000:8285,self,self.T,superlevel,h0,0.75,3,4,1,
trajectory_000000:8285,self,self.T,superlevel,h0,0.9,1,4,3,
trajectory_000000:8285,self,self.T,superlevel,h1,0.1,0,0,0,
trajectory_000000:8285,self,self.T,superlevel,h1,0.25,0,0,0,
trajectory_000000:8285,self,self.T,superlevel,h1,0.5,0,0,0,
trajectory_000000:8285,self,self.T,superlevel,h1,0.75,0,0,0,
trajectory_000000:8285,self,self.T,superlevel,h1,0.9,3,0,3,
trajectory_000000:8285,mutual,mutual.CO+T,superlevel,h0,0.1,2,2,0,
trajectory_000000:8285,mutual,mutual.CO+T,superlevel,h0,0.25,8,2,6,
trajectory_000000:8285,mutual,mutual.CO+T,superlevel,h0,0.5,1,1,0,
trajectory_000000:8285,mutual,mutual.CO+T,superlevel,h0,0.75,3,4,1,
trajectory_000000:8285,mutual,mutual.CO+T,superlevel,h0,0.9,1,4,3,
trajectory_000000:8285,mutual,mutual.CO+T,superlevel,h1,0.1,0,0,0,
trajectory_000000:8285,mutual,mutual.CO+T,superlevel,h1,0.25,1,0,1,
trajectory_000000:8285,mutual,mutual.CO+T,superlevel,h1,0.5,0,0,0,
trajectory_000000:8285,mutual,mutual.CO+T,superlevel,h1,0.75,0,0,0,
trajectory_000000:8285,mutual,mutual.CO+T,superlevel,h1,0.9,3,0,3,
trajectory_000000:8285,mutual,mutual.CO+T,superlevel,h0,0.1,7,1,6,
trajectory_000000:8285,mutual,mutual.CO+T,superlevel,h0,0.25,7,3,4,
trajectory_000000:8285,mutual,mutual.CO+T,superlevel,h0,0.5,1,1,0,
trajectory_000000:8285,mutual,mutual.CO+T,superlevel,h0,0.75,3,4,1,
trajectory_000000:8285,mutual,mutual.CO+T,superlevel,h0,0.9,1,4,3,
trajectory_000000:8285,mutual,mutual.CO+T,superlevel,h1,0.1,0,1,1,
trajectory_000000:8285,mutual,mutual.CO+T,superlevel,h1,0.25,4,1,3,
trajectory_000000:8285,mutual,mutual.CO+T,superlevel,h1,0.5,0,0,0,
trajectory_000000:8285,mutual,mutual.CO+T,superlevel,h1,0.75,0,0,0,
trajectory_000000:8285,mutual,mutual.CO+T,superlevel,h1,0.9,3,0,3,
trajectory_000000:8285,mutual,mutual.CO+T,superlevel,h0,0.1,9,2,7,
trajectory_000000:8285,mutual,mutual.CO+T,superlevel,h0,0.25,7,3,4,
trajectory_000000:8285,mutual,mutual.CO+T,superlevel,h0,0.5,1,1,0,
trajectory_000000:8285,mutual,mutual.CO+T,superlevel,h0,0.75,1,1,0,
trajectory_000000:8285,mutual,mutual.CO+T,superlevel,h0,0.9,1,1,0,
trajectory_000000:8285,mutual,mutual.CO+T,superlevel,h1,0.1,0,1,1,
trajectory_000000:8285,mutual,mutual.CO+T,superlevel,h1,0.25,5,1,4,
trajectory_000000:8285,mutual,mutual.CO+T,superlevel,h1,0.5,0,0,0,
trajectory_000000:8285,mutual,mutual.CO+T,superlevel,h1,0.75,90,0,90,
trajectory_000000:8285,mutual,mutual.CO+T,superlevel,h1,0.9,90,0,90,
trajectory_000000:8285,persistence_distance,topology.self.persistence,,,,,,,0.013419498689472675
trajectory_000000:8285,persistence_distance,topology.mutual.persistence,,,,,,,0.003735537640750408
trajectory_000000:8285,persistence_distance,topology.component_weighted_total_before_outer_family_weight,,,,,,,0.017155036330223083
trajectory_000000:8285,dimension_distance_diagnostic,topology.self.CO.h0,,,,,,,0.04549898952245712
trajectory_000000:8285,dimension_distance_diagnostic,topology.self.CO.h1,,,,,,,0.0015162293566390872
trajectory_000000:8285,dimension_distance_diagnostic,topology.self.T.h0,,,,,,,0.006525945849716663
trajectory_000000:8285,dimension_distance_diagnostic,topology.self.T.h1,,,,,,,0.00013682869030162692
trajectory_000000:8285,dimension_distance_diagnostic,topology.mutual.CO+T.h0,,,,,,,0.006160266697406769
trajectory_000000:8285,dimension_distance_diagnostic,topology.mutual.CO+T.h1,,,,,,,0.0013108081184327602
trajectory_000000:8301,self,self.CO,sublevel,h0,0.1,5,1,4,
trajectory_000000:8301,self,self.CO,sublevel,h0,0.25,5,1,4,
trajectory_000000:8301,self,self.CO,sublevel,h0,0.5,4,3,1,
trajectory_000000:8301,self,self.CO,sublevel,h0,0.75,3,1,2,
trajectory_000000:8301,self,self.CO,sublevel,h0,0.9,1,1,0,
trajectory_000000:8301,self,self.CO,sublevel,h1,0.1,79,1,78,
trajectory_000000:8301,self,self.CO,sublevel,h1,0.25,79,1,78,
trajectory_000000:8301,self,self.CO,sublevel,h1,0.5,0,0,0,
trajectory_000000:8301,self,self.CO,sublevel,h1,0.75,1,3,2,
trajectory_000000:8301,self,self.CO,sublevel,h1,0.9,5,2,3,
trajectory_000000:8301,self,self.T,sublevel,h0,0.1,2,2,0,
trajectory_000000:8301,self,self.T,sublevel,h0,0.25,5,4,1,
trajectory_000000:8301,self,self.T,sublevel,h0,0.5,1,1,0,
trajectory_000000:8301,self,self.T,sublevel,h0,0.75,2,1,1,
trajectory_000000:8301,self,self.T,sublevel,h0,0.9,2,1,1,
trajectory_000000:8301,self,self.T,sublevel,h1,0.1,1,1,0,
trajectory_000000:8301,self,self.T,sublevel,h1,0.25,0,1,1,
trajectory_000000:8301,self,self.T,sublevel,h1,0.5,0,0,0,
trajectory_000000:8301,self,self.T,sublevel,h1,0.75,1,2,1,
trajectory_000000:8301,self,self.T,sublevel,h1,0.9,2,0,2,
trajectory_000000:8301,mutual,mutual.CO+T,sublevel,h0,0.1,2,2,0,
trajectory_000000:8301,mutual,mutual.CO+T,sublevel,h0,0.25,5,4,1,
trajectory_000000:8301,mutual,mutual.CO+T,sublevel,h0,0.5,1,1,0,
trajectory_000000:8301,mutual,mutual.CO+T,sublevel,h0,0.75,5,2,3,
trajectory_000000:8301,mutual,mutual.CO+T,sublevel,h0,0.9,1,1,0,
trajectory_000000:8301,mutual,mutual.CO+T,sublevel,h1,0.1,1,1,0,
trajectory_000000:8301,mutual,mutual.CO+T,sublevel,h1,0.25,0,1,1,
trajectory_000000:8301,mutual,mutual.CO+T,sublevel,h1,0.5,0,0,0,
trajectory_000000:8301,mutual,mutual.CO+T,sublevel,h1,0.75,5,6,1,
trajectory_000000:8301,mutual,mutual.CO+T,sublevel,h1,0.9,6,2,4,
trajectory_000000:8301,mutual,mutual.CO+T,sublevel,h0,0.1,1,1,0,
trajectory_000000:8301,mutual,mutual.CO+T,sublevel,h0,0.25,1,1,0,
trajectory_000000:8301,mutual,mutual.CO+T,sublevel,h0,0.5,4,1,3,
trajectory_000000:8301,mutual,mutual.CO+T,sublevel,h0,0.75,3,2,1,
trajectory_000000:8301,mutual,mutual.CO+T,sublevel,h0,0.9,1,1,0,
trajectory_000000:8301,mutual,mutual.CO+T,sublevel,h1,0.1,1,1,0,
trajectory_000000:8301,mutual,mutual.CO+T,sublevel,h1,0.25,1,1,0,
trajectory_000000:8301,mutual,mutual.CO+T,sublevel,h1,0.5,1,0,1,
trajectory_000000:8301,mutual,mutual.CO+T,sublevel,h1,0.75,5,7,2,
trajectory_000000:8301,mutual,mutual.CO+T,sublevel,h1,0.9,5,2,3,
trajectory_000000:8301,mutual,mutual.CO+T,sublevel,h0,0.1,2,2,0,
trajectory_000000:8301,mutual,mutual.CO+T,sublevel,h0,0.25,5,4,1,
trajectory_000000:8301,mutual,mutual.CO+T,sublevel,h0,0.5,4,1,3,
trajectory_000000:8301,mutual,mutual.CO+T,sublevel,h0,0.75,3,1,2,
trajectory_000000:8301,mutual,mutual.CO+T,sublevel,h0,0.9,1,1,0,
trajectory_000000:8301,mutual,mutual.CO+T,sublevel,h1,0.1,1,1,0,
trajectory_000000:8301,mutual,mutual.CO+T,sublevel,h1,0.25,0,1,1,
trajectory_000000:8301,mutual,mutual.CO+T,sublevel,h1,0.5,1,0,1,
trajectory_000000:8301,mutual,mutual.CO+T,sublevel,h1,0.75,1,3,2,
trajectory_000000:8301,mutual,mutual.CO+T,sublevel,h1,0.9,5,2,3,
trajectory_000000:8301,self,self.CO,superlevel,h0,0.1,6,5,1,
trajectory_000000:8301,self,self.CO,superlevel,h0,0.25,4,5,1,
trajectory_000000:8301,self,self.CO,superlevel,h0,0.5,1,1,0,
trajectory_000000:8301,self,self.CO,superlevel,h0,0.75,1,5,4,
trajectory_000000:8301,self,self.CO,superlevel,h0,0.9,1,5,4,
trajectory_000000:8301,self,self.CO,superlevel,h1,0.1,0,0,0,
trajectory_000000:8301,self,self.CO,superlevel,h1,0.25,0,0,0,
trajectory_000000:8301,self,self.CO,superlevel,h1,0.5,0,0,0,
trajectory_000000:8301,self,self.CO,superlevel,h1,0.75,91,0,91,
trajectory_000000:8301,self,self.CO,superlevel,h1,0.9,91,0,91,
trajectory_000000:8301,self,self.T,superlevel,h0,0.1,3,0,3,
trajectory_000000:8301,self,self.T,superlevel,h0,0.25,2,3,1,
trajectory_000000:8301,self,self.T,superlevel,h0,0.5,1,1,0,
trajectory_000000:8301,self,self.T,superlevel,h0,0.75,1,2,1,
trajectory_000000:8301,self,self.T,superlevel,h0,0.9,2,2,0,
trajectory_000000:8301,self,self.T,superlevel,h1,0.1,1,0,1,
trajectory_000000:8301,self,self.T,superlevel,h1,0.25,1,0,1,
trajectory_000000:8301,self,self.T,superlevel,h1,0.5,0,0,0,
trajectory_000000:8301,self,self.T,superlevel,h1,0.75,2,2,0,
trajectory_000000:8301,self,self.T,superlevel,h1,0.9,1,0,1,
trajectory_000000:8301,mutual,mutual.CO+T,superlevel,h0,0.1,4,0,4,
trajectory_000000:8301,mutual,mutual.CO+T,superlevel,h0,0.25,2,2,0,
trajectory_000000:8301,mutual,mutual.CO+T,superlevel,h0,0.5,1,1,0,
trajectory_000000:8301,mutual,mutual.CO+T,superlevel,h0,0.75,1,2,1,
trajectory_000000:8301,mutual,mutual.CO+T,superlevel,h0,0.9,2,2,0,
trajectory_000000:8301,mutual,mutual.CO+T,superlevel,h1,0.1,0,0,0,
trajectory_000000:8301,mutual,mutual.CO+T,superlevel,h1,0.25,3,0,3,
trajectory_000000:8301,mutual,mutual.CO+T,superlevel,h1,0.5,0,0,0,
trajectory_000000:8301,mutual,mutual.CO+T,superlevel,h1,0.75,2,2,0,
trajectory_000000:8301,mutual,mutual.CO+T,superlevel,h1,0.9,1,0,1,
trajectory_000000:8301,mutual,mutual.CO+T,superlevel,h0,0.1,11,4,7,
trajectory_000000:8301,mutual,mutual.CO+T,superlevel,h0,0.25,10,7,3,
trajectory_000000:8301,mutual,mutual.CO+T,superlevel,h0,0.5,1,1,0,
trajectory_000000:8301,mutual,mutual.CO+T,superlevel,h0,0.75,1,2,1,
trajectory_000000:8301,mutual,mutual.CO+T,superlevel,h0,0.9,2,2,0,
trajectory_000000:8301,mutual,mutual.CO+T,superlevel,h1,0.1,1,0,1,
trajectory_000000:8301,mutual,mutual.CO+T,superlevel,h1,0.25,1,0,1,
trajectory_000000:8301,mutual,mutual.CO+T,superlevel,h1,0.5,0,0,0,
trajectory_000000:8301,mutual,mutual.CO+T,superlevel,h1,0.75,2,2,0,
trajectory_000000:8301,mutual,mutual.CO+T,superlevel,h1,0.9,1,0,1,
trajectory_000000:8301,mutual,mutual.CO+T,superlevel,h0,0.1,4,3,1,
trajectory_000000:8301,mutual,mutual.CO+T,superlevel,h0,0.25,10,7,3,
trajectory_000000:8301,mutual,mutual.CO+T,superlevel,h0,0.5,1,1,0,
trajectory_000000:8301,mutual,mutual.CO+T,superlevel,h0,0.75,1,5,4,
trajectory_000000:8301,mutual,mutual.CO+T,superlevel,h0,0.9,1,5,4,
trajectory_000000:8301,mutual,mutual.CO+T,superlevel,h1,0.1,0,0,0,
trajectory_000000:8301,mutual,mutual.CO+T,superlevel,h1,0.25,1,0,1,
trajectory_000000:8301,mutual,mutual.CO+T,superlevel,h1,0.5,0,0,0,
trajectory_000000:8301,mutual,mutual.CO+T,superlevel,h1,0.75,91,0,91,
trajectory_000000:8301,mutual,mutual.CO+T,superlevel,h1,0.9,91,0,91,
trajectory_000000:8301,persistence_distance,topology.self.persistence,,,,,,,0.021335497498512268
trajectory_000000:8301,persistence_distance,topology.mutual.persistence,,,,,,,0.003329794155433774
trajectory_000000:8301,persistence_distance,topology.component_weighted_total_before_outer_family_weight,,,,,,,0.024665292352437973
trajectory_000000:8301,dimension_distance_diagnostic,topology.self.CO.h0,,,,,,,0.0772610753774643
trajectory_000000:8301,dimension_distance_diagnostic,topology.self.CO.h1,,,,,,,0.001451173098757863
trajectory_000000:8301,dimension_distance_diagnostic,topology.self.T.h0,,,,,,,0.006557443179190159
trajectory_000000:8301,dimension_distance_diagnostic,topology.self.T.h1,,,,,,,7.229748007375747e-05
trajectory_000000:8301,dimension_distance_diagnostic,topology.mutual.CO+T.h0,,,,,,,0.005358875263482332
trajectory_000000:8301,dimension_distance_diagnostic,topology.mutual.CO+T.h1,,,,,,,0.0013007125817239285
trajectory_000000:8317,self,self.CO,sublevel,h0,0.1,1,1,0,
trajectory_000000:8317,self,self.CO,sublevel,h0,0.25,1,1,0,
trajectory_000000:8317,self,self.CO,sublevel,h0,0.5,5,4,1,
trajectory_000000:8317,self,self.CO,sublevel,h0,0.75,2,4,2,
trajectory_000000:8317,self,self.CO,sublevel,h0,0.9,1,1,0,
trajectory_000000:8317,self,self.CO,sublevel,h1,0.1,75,1,74,
trajectory_000000:8317,self,self.CO,sublevel,h1,0.25,75,1,74,
trajectory_000000:8317,self,self.CO,sublevel,h1,0.5,0,0,0,
trajectory_000000:8317,self,self.CO,sublevel,h1,0.75,2,0,2,
trajectory_000000:8317,self,self.CO,sublevel,h1,0.9,7,3,4,
trajectory_000000:8317,self,self.T,sublevel,h0,0.1,1,12,11,
trajectory_000000:8317,self,self.T,sublevel,h0,0.25,1,5,4,
trajectory_000000:8317,self,self.T,sublevel,h0,0.5,8,1,7,
trajectory_000000:8317,self,self.T,sublevel,h0,0.75,1,1,0,
trajectory_000000:8317,self,self.T,sublevel,h0,0.9,1,1,0,
trajectory_000000:8317,self,self.T,sublevel,h1,0.1,0,0,0,
trajectory_000000:8317,self,self.T,sublevel,h1,0.25,0,2,2,
trajectory_000000:8317,self,self.T,sublevel,h1,0.5,0,0,0,
trajectory_000000:8317,self,self.T,sublevel,h1,0.75,2,0,2,
trajectory_000000:8317,self,self.T,sublevel,h1,0.9,3,4,1,
trajectory_000000:8317,mutual,mutual.CO+T,sublevel,h0,0.1,1,12,11,
trajectory_000000:8317,mutual,mutual.CO+T,sublevel,h0,0.25,1,5,4,
trajectory_000000:8317,mutual,mutual.CO+T,sublevel,h0,0.5,8,1,7,
trajectory_000000:8317,mutual,mutual.CO+T,sublevel,h0,0.75,6,6,0,
trajectory_000000:8317,mutual,mutual.CO+T,sublevel,h0,0.9,1,1,0,
trajectory_000000:8317,mutual,mutual.CO+T,sublevel,h1,0.1,0,0,0,
trajectory_000000:8317,mutual,mutual.CO+T,sublevel,h1,0.25,0,2,2,
trajectory_000000:8317,mutual,mutual.CO+T,sublevel,h1,0.5,0,0,0,
trajectory_000000:8317,mutual,mutual.CO+T,sublevel,h1,0.75,4,4,0,
trajectory_000000:8317,mutual,mutual.CO+T,sublevel,h1,0.9,7,4,3,
trajectory_000000:8317,mutual,mutual.CO+T,sublevel,h0,0.1,1,1,0,
trajectory_000000:8317,mutual,mutual.CO+T,sublevel,h0,0.25,1,1,0,
trajectory_000000:8317,mutual,mutual.CO+T,sublevel,h0,0.5,9,1,8,
trajectory_000000:8317,mutual,mutual.CO+T,sublevel,h0,0.75,9,5,4,
trajectory_000000:8317,mutual,mutual.CO+T,sublevel,h0,0.9,1,1,0,
trajectory_000000:8317,mutual,mutual.CO+T,sublevel,h1,0.1,75,1,74,
trajectory_000000:8317,mutual,mutual.CO+T,sublevel,h1,0.25,75,1,74,
trajectory_000000:8317,mutual,mutual.CO+T,sublevel,h1,0.5,0,0,0,
trajectory_000000:8317,mutual,mutual.CO+T,sublevel,h1,0.75,4,4,0,
trajectory_000000:8317,mutual,mutual.CO+T,sublevel,h1,0.9,7,4,3,
trajectory_000000:8317,mutual,mutual.CO+T,sublevel,h0,0.1,1,12,11,
trajectory_000000:8317,mutual,mutual.CO+T,sublevel,h0,0.25,1,5,4,
trajectory_000000:8317,mutual,mutual.CO+T,sublevel,h0,0.5,8,3,5,
trajectory_000000:8317,mutual,mutual.CO+T,sublevel,h0,0.75,2,4,2,
trajectory_000000:8317,mutual,mutual.CO+T,sublevel,h0,0.9,1,1,0,
trajectory_000000:8317,mutual,mutual.CO+T,sublevel,h1,0.1,0,0,0,
trajectory_000000:8317,mutual,mutual.CO+T,sublevel,h1,0.25,0,2,2,
trajectory_000000:8317,mutual,mutual.CO+T,sublevel,h1,0.5,0,0,0,
trajectory_000000:8317,mutual,mutual.CO+T,sublevel,h1,0.75,2,0,2,
trajectory_000000:8317,mutual,mutual.CO+T,sublevel,h1,0.9,7,3,4,
trajectory_000000:8317,self,self.CO,superlevel,h0,0.1,12,5,7,
trajectory_000000:8317,self,self.CO,superlevel,h0,0.25,5,1,4,
trajectory_000000:8317,self,self.CO,superlevel,h0,0.5,1,1,0,
trajectory_000000:8317,self,self.CO,superlevel,h0,0.75,1,4,3,
trajectory_000000:8317,self,self.CO,superlevel,h0,0.9,1,4,3,
trajectory_000000:8317,self,self.CO,superlevel,h1,0.1,0,0,0,
trajectory_000000:8317,self,self.CO,superlevel,h1,0.25,1,1,0,
trajectory_000000:8317,self,self.CO,superlevel,h1,0.5,0,1,1,
trajectory_000000:8317,self,self.CO,superlevel,h1,0.75,90,0,90,
trajectory_000000:8317,self,self.CO,superlevel,h1,0.9,90,0,90,
trajectory_000000:8317,self,self.T,superlevel,h0,0.1,6,5,1,
trajectory_000000:8317,self,self.T,superlevel,h0,0.25,3,1,2,
trajectory_000000:8317,self,self.T,superlevel,h0,0.5,1,1,0,
trajectory_000000:8317,self,self.T,superlevel,h0,0.75,1,6,5,
trajectory_000000:8317,self,self.T,superlevel,h0,0.9,1,1,0,
trajectory_000000:8317,self,self.T,superlevel,h1,0.1,0,0,0,
trajectory_000000:8317,self,self.T,superlevel,h1,0.25,0,0,0,
trajectory_000000:8317,self,self.T,superlevel,h1,0.5,1,0,1,
trajectory_000000:8317,self,self.T,superlevel,h1,0.75,0,1,1,
trajectory_000000:8317,self,self.T,superlevel,h1,0.9,0,1,1,
trajectory_000000:8317,mutual,mutual.CO+T,superlevel,h0,0.1,6,3,3,
trajectory_000000:8317,mutual,mutual.CO+T,superlevel,h0,0.25,7,2,5,
trajectory_000000:8317,mutual,mutual.CO+T,superlevel,h0,0.5,1,1,0,
trajectory_000000:8317,mutual,mutual.CO+T,superlevel,h0,0.75,1,6,5,
trajectory_000000:8317,mutual,mutual.CO+T,superlevel,h0,0.9,1,1,0,
trajectory_000000:8317,mutual,mutual.CO+T,superlevel,h1,0.1,0,0,0,
trajectory_000000:8317,mutual,mutual.CO+T,superlevel,h1,0.25,2,3,1,
trajectory_000000:8317,mutual,mutual.CO+T,superlevel,h1,0.5,1,0,1,
trajectory_000000:8317,mutual,mutual.CO+T,superlevel,h1,0.75,0,1,1,
trajectory_000000:8317,mutual,mutual.CO+T,superlevel,h1,0.9,0,1,1,
trajectory_000000:8317,mutual,mutual.CO+T,superlevel,h0,0.1,14,6,8,
trajectory_000000:8317,mutual,mutual.CO+T,superlevel,h0,0.25,5,1,4,
trajectory_000000:8317,mutual,mutual.CO+T,superlevel,h0,0.5,1,1,0,
trajectory_000000:8317,mutual,mutual.CO+T,superlevel,h0,0.75,1,6,5,
trajectory_000000:8317,mutual,mutual.CO+T,superlevel,h0,0.9,1,1,0,
trajectory_000000:8317,mutual,mutual.CO+T,superlevel,h1,0.1,0,0,0,
trajectory_000000:8317,mutual,mutual.CO+T,superlevel,h1,0.25,1,3,2,
trajectory_000000:8317,mutual,mutual.CO+T,superlevel,h1,0.5,1,0,1,
trajectory_000000:8317,mutual,mutual.CO+T,superlevel,h1,0.75,0,1,1,
trajectory_000000:8317,mutual,mutual.CO+T,superlevel,h1,0.9,0,1,1,
trajectory_000000:8317,mutual,mutual.CO+T,superlevel,h0,0.1,3,8,5,
trajectory_000000:8317,mutual,mutual.CO+T,superlevel,h0,0.25,5,1,4,
trajectory_000000:8317,mutual,mutual.CO+T,superlevel,h0,0.5,1,1,0,
trajectory_000000:8317,mutual,mutual.CO+T,superlevel,h0,0.75,1,4,3,
trajectory_000000:8317,mutual,mutual.CO+T,superlevel,h0,0.9,1,4,3,
trajectory_000000:8317,mutual,mutual.CO+T,superlevel,h1,0.1,1,0,1,
trajectory_000000:8317,mutual,mutual.CO+T,superlevel,h1,0.25,1,3,2,
trajectory_000000:8317,mutual,mutual.CO+T,superlevel,h1,0.5,0,1,1,
trajectory_000000:8317,mutual,mutual.CO+T,superlevel,h1,0.75,90,0,90,
trajectory_000000:8317,mutual,mutual.CO+T,superlevel,h1,0.9,90,0,90,
trajectory_000000:8317,persistence_distance,topology.self.persistence,,,,,,,0.007496141828596592
trajectory_000000:8317,persistence_distance,topology.mutual.persistence,,,,,,,0.0026146431919187307
trajectory_000000:8317,persistence_distance,topology.component_weighted_total_before_outer_family_weight,,,,,,,0.010110785253345966
trajectory_000000:8317,dimension_distance_diagnostic,topology.self.CO.h0,,,,,,,0.023818813264369965
trajectory_000000:8317,dimension_distance_diagnostic,topology.self.CO.h1,,,,,,,0.001346891513094306
trajectory_000000:8317,dimension_distance_diagnostic,topology.self.T.h0,,,,,,,0.0046760584227740765
trajectory_000000:8317,dimension_distance_diagnostic,topology.self.T.h1,,,,,,,0.0001428033283445984
trajectory_000000:8317,dimension_distance_diagnostic,topology.mutual.CO+T.h0,,,,,,,0.004027288872748613
trajectory_000000:8317,dimension_distance_diagnostic,topology.mutual.CO+T.h1,,,,,,,0.0012019975110888481
trajectory_000000:8333,self,self.CO,sublevel,h0,0.1,1,5,4,
trajectory_000000:8333,self,self.CO,sublevel,h0,0.25,1,5,4,
trajectory_000000:8333,self,self.CO,sublevel,h0,0.5,15,7,8,
trajectory_000000:8333,self,self.CO,sublevel,h0,0.75,6,1,5,
trajectory_000000:8333,self,self.CO,sublevel,h0,0.9,2,1,1,
trajectory_000000:8333,self,self.CO,sublevel,h1,0.1,0,2,2,
trajectory_000000:8333,self,self.CO,sublevel,h1,0.25,0,2,2,
trajectory_000000:8333,self,self.CO,sublevel,h1,0.5,0,0,0,
trajectory_000000:8333,self,self.CO,sublevel,h1,0.75,2,1,1,
trajectory_000000:8333,self,self.CO,sublevel,h1,0.9,12,4,8,
trajectory_000000:8333,self,self.T,sublevel,h0,0.1,1,7,6,
trajectory_000000:8333,self,self.T,sublevel,h0,0.25,3,3,0,
trajectory_000000:8333,self,self.T,sublevel,h0,0.5,15,7,8,
trajectory_000000:8333,self,self.T,sublevel,h0,0.75,1,2,1,
trajectory_000000:8333,self,self.T,sublevel,h0,0.9,2,2,0,
trajectory_000000:8333,self,self.T,sublevel,h1,0.1,0,2,2,
trajectory_000000:8333,self,self.T,sublevel,h1,0.25,0,1,1,
trajectory_000000:8333,self,self.T,sublevel,h1,0.5,0,1,1,
trajectory_000000:8333,self,self.T,sublevel,h1,0.75,6,0,6,
trajectory_000000:8333,self,self.T,sublevel,h1,0.9,4,2,2,
trajectory_000000:8333,mutual,mutual.CO+T,sublevel,h0,0.1,1,7,6,
trajectory_000000:8333,mutual,mutual.CO+T,sublevel,h0,0.25,3,3,0,
trajectory_000000:8333,mutual,mutual.CO+T,sublevel,h0,0.5,18,15,3,
trajectory_000000:8333,mutual,mutual.CO+T,sublevel,h0,0.75,19,3,16,
trajectory_000000:8333,mutual,mutual.CO+T,sublevel,h0,0.9,2,1,1,
trajectory_000000:8333,mutual,mutual.CO+T,sublevel,h1,0.1,0,2,2,
trajectory_000000:8333,mutual,mutual.CO+T,sublevel,h1,0.25,0,1,1,
trajectory_000000:8333,mutual,mutual.CO+T,sublevel,h1,0.5,0,1,1,
trajectory_000000:8333,mutual,mutual.CO+T,sublevel,h1,0.75,10,5,5,
trajectory_000000:8333,mutual,mutual.CO+T,sublevel,h1,0.9,12,4,8,
trajectory_000000:8333,mutual,mutual.CO+T,sublevel,h0,0.1,1,5,4,
trajectory_000000:8333,mutual,mutual.CO+T,sublevel,h0,0.25,1,5,4,
trajectory_000000:8333,mutual,mutual.CO+T,sublevel,h0,0.5,18,16,2,
trajectory_000000:8333,mutual,mutual.CO+T,sublevel,h0,0.75,17,5,12,
trajectory_000000:8333,mutual,mutual.CO+T,sublevel,h0,0.9,2,1,1,
trajectory_000000:8333,mutual,mutual.CO+T,sublevel,h1,0.1,0,2,2,
trajectory_000000:8333,mutual,mutual.CO+T,sublevel,h1,0.25,0,2,2,
trajectory_000000:8333,mutual,mutual.CO+T,sublevel,h1,0.5,0,1,1,
trajectory_000000:8333,mutual,mutual.CO+T,sublevel,h1,0.75,11,7,4,
trajectory_000000:8333,mutual,mutual.CO+T,sublevel,h1,0.9,12,4,8,
trajectory_000000:8333,mutual,mutual.CO+T,sublevel,h0,0.1,1,7,6,
trajectory_000000:8333,mutual,mutual.CO+T,sublevel,h0,0.25,3,3,0,
trajectory_000000:8333,mutual,mutual.CO+T,sublevel,h0,0.5,15,13,2,
trajectory_000000:8333,mutual,mutual.CO+T,sublevel,h0,0.75,6,1,5,
trajectory_000000:8333,mutual,mutual.CO+T,sublevel,h0,0.9,2,1,1,
trajectory_000000:8333,mutual,mutual.CO+T,sublevel,h1,0.1,0,2,2,
trajectory_000000:8333,mutual,mutual.CO+T,sublevel,h1,0.25,0,1,1,
trajectory_000000:8333,mutual,mutual.CO+T,sublevel,h1,0.5,0,1,1,
trajectory_000000:8333,mutual,mutual.CO+T,sublevel,h1,0.75,2,1,1,
trajectory_000000:8333,mutual,mutual.CO+T,sublevel,h1,0.9,12,4,8,
trajectory_000000:8333,self,self.CO,superlevel,h0,0.1,17,5,12,
trajectory_000000:8333,self,self.CO,superlevel,h0,0.25,3,3,0,
trajectory_000000:8333,self,self.CO,superlevel,h0,0.5,2,2,0,
trajectory_000000:8333,self,self.CO,superlevel,h0,0.75,1,3,2,
trajectory_000000:8333,self,self.CO,superlevel,h0,0.9,1,3,2,
trajectory_000000:8333,self,self.CO,superlevel,h1,0.1,1,0,1,
trajectory_000000:8333,self,self.CO,superlevel,h1,0.25,3,0,3,
trajectory_000000:8333,self,self.CO,superlevel,h1,0.5,4,2,2,
trajectory_000000:8333,self,self.CO,superlevel,h1,0.75,86,0,86,
trajectory_000000:8333,self,self.CO,superlevel,h1,0.9,86,0,86,
trajectory_000000:8333,self,self.T,superlevel,h0,0.1,5,3,2,
trajectory_000000:8333,self,self.T,superlevel,h0,0.25,9,1,8,
trajectory_000000:8333,self,self.T,superlevel,h0,0.5,1,2,1,
trajectory_000000:8333,self,self.T,superlevel,h0,0.75,1,7,6,
trajectory_000000:8333,self,self.T,superlevel,h0,0.9,1,4,3,
trajectory_000000:8333,self,self.T,superlevel,h1,0.1,0,0,0,
trajectory_000000:8333,self,self.T,superlevel,h1,0.25,0,0,0,
trajectory_000000:8333,self,self.T,superlevel,h1,0.5,2,0,2,
trajectory_000000:8333,self,self.T,superlevel,h1,0.75,0,1,1,
trajectory_000000:8333,self,self.T,superlevel,h1,0.9,0,1,1,
trajectory_000000:8333,mutual,mutual.CO+T,superlevel,h0,0.1,1,4,3,
trajectory_000000:8333,mutual,mutual.CO+T,superlevel,h0,0.25,5,3,2,
trajectory_000000:8333,mutual,mutual.CO+T,superlevel,h0,0.5,1,1,0,
trajectory_000000:8333,mutual,mutual.CO+T,superlevel,h0,0.75,1,7,6,
trajectory_000000:8333,mutual,mutual.CO+T,superlevel,h0,0.9,1,4,3,
trajectory_000000:8333,mutual,mutual.CO+T,superlevel,h1,0.1,0,0,0,
trajectory_000000:8333,mutual,mutual.CO+T,superlevel,h1,0.25,0,0,0,
trajectory_000000:8333,mutual,mutual.CO+T,superlevel,h1,0.5,2,0,2,
trajectory_000000:8333,mutual,mutual.CO+T,superlevel,h1,0.75,0,1,1,
trajectory_000000:8333,mutual,mutual.CO+T,superlevel,h1,0.9,0,1,1,
trajectory_000000:8333,mutual,mutual.CO+T,superlevel,h0,0.1,18,3,15,
trajectory_000000:8333,mutual,mutual.CO+T,superlevel,h0,0.25,5,7,2,
trajectory_000000:8333,mutual,mutual.CO+T,superlevel,h0,0.5,1,1,0,
trajectory_000000:8333,mutual,mutual.CO+T,superlevel,h0,0.75,1,7,6,
trajectory_000000:8333,mutual,mutual.CO+T,superlevel,h0,0.9,1,4,3,
trajectory_000000:8333,mutual,mutual.CO+T,superlevel,h1,0.1,0,1,1,
trajectory_000000:8333,mutual,mutual.CO+T,superlevel,h1,0.25,1,0,1,
trajectory_000000:8333,mutual,mutual.CO+T,superlevel,h1,0.5,2,0,2,
trajectory_000000:8333,mutual,mutual.CO+T,superlevel,h1,0.75,0,1,1,
trajectory_000000:8333,mutual,mutual.CO+T,superlevel,h1,0.9,0,1,1,
trajectory_000000:8333,mutual,mutual.CO+T,superlevel,h0,0.1,14,6,8,
trajectory_000000:8333,mutual,mutual.CO+T,superlevel,h0,0.25,7,6,1,
trajectory_000000:8333,mutual,mutual.CO+T,superlevel,h0,0.5,2,2,0,
trajectory_000000:8333,mutual,mutual.CO+T,superlevel,h0,0.75,1,3,2,
trajectory_000000:8333,mutual,mutual.CO+T,superlevel,h0,0.9,1,3,2,
trajectory_000000:8333,mutual,mutual.CO+T,superlevel,h1,0.1,0,0,0,
trajectory_000000:8333,mutual,mutual.CO+T,superlevel,h1,0.25,2,0,2,
trajectory_000000:8333,mutual,mutual.CO+T,superlevel,h1,0.5,4,2,2,
trajectory_000000:8333,mutual,mutual.CO+T,superlevel,h1,0.75,86,0,86,
trajectory_000000:8333,mutual,mutual.CO+T,superlevel,h1,0.9,86,0,86,
trajectory_000000:8333,persistence_distance,topology.self.persistence,,,,,,,0.004582657478749752
trajectory_000000:8333,persistence_distance,topology.mutual.persistence,,,,,,,0.002524648793041706
trajectory_000000:8333,persistence_distance,topology.component_weighted_total_before_outer_family_weight,,,,,,,0.007107306271791458
trajectory_000000:8333,dimension_distance_diagnostic,topology.self.CO.h0,,,,,,,0.01307477243244648
trajectory_000000:8333,dimension_distance_diagnostic,topology.self.CO.h1,,,,,,,0.0014014110201969743
trajectory_000000:8333,dimension_distance_diagnostic,topology.self.T.h0,,,,,,,0.003605377161875367
trajectory_000000:8333,dimension_distance_diagnostic,topology.self.T.h1,,,,,,,0.0002490695915184915
trajectory_000000:8333,dimension_distance_diagnostic,topology.mutual.CO+T.h0,,,,,,,0.0038429955020546913
trajectory_000000:8333,dimension_distance_diagnostic,topology.mutual.CO+T.h1,,,,,,,0.0012063022004440427
trajectory_000000:8348,self,self.CO,sublevel,h0,0.1,3,2,1,
trajectory_000000:8348,self,self.CO,sublevel,h0,0.25,3,2,1,
trajectory_000000:8348,self,self.CO,sublevel,h0,0.5,15,7,8,
trajectory_000000:8348,self,self.CO,sublevel,h0,0.75,3,1,2,
trajectory_000000:8348,self,self.CO,sublevel,h0,0.9,4,1,3,
trajectory_000000:8348,self,self.CO,sublevel,h1,0.1,74,0,74,
trajectory_000000:8348,self,self.CO,sublevel,h1,0.25,74,0,74,
trajectory_000000:8348,self,self.CO,sublevel,h1,0.5,0,0,0,
trajectory_000000:8348,self,self.CO,sublevel,h1,0.75,3,2,1,
trajectory_000000:8348,self,self.CO,sublevel,h1,0.9,7,5,2,
trajectory_000000:8348,self,self.T,sublevel,h0,0.1,1,4,3,
trajectory_000000:8348,self,self.T,sublevel,h0,0.25,3,3,0,
trajectory_000000:8348,self,self.T,sublevel,h0,0.5,18,1,17,
trajectory_000000:8348,self,self.T,sublevel,h0,0.75,2,2,0,
trajectory_000000:8348,self,self.T,sublevel,h0,0.9,1,1,0,
trajectory_000000:8348,self,self.T,sublevel,h1,0.1,0,1,1,
trajectory_000000:8348,self,self.T,sublevel,h1,0.25,0,3,3,
trajectory_000000:8348,self,self.T,sublevel,h1,0.5,0,0,0,
trajectory_000000:8348,self,self.T,sublevel,h1,0.75,2,2,0,
trajectory_000000:8348,self,self.T,sublevel,h1,0.9,4,3,1,
trajectory_000000:8348,mutual,mutual.CO+T,sublevel,h0,0.1,1,4,3,
trajectory_000000:8348,mutual,mutual.CO+T,sublevel,h0,0.25,3,3,0,
trajectory_000000:8348,mutual,mutual.CO+T,sublevel,h0,0.5,17,2,15,
trajectory_000000:8348,mutual,mutual.CO+T,sublevel,h0,0.75,9,2,7,
trajectory_000000:8348,mutual,mutual.CO+T,sublevel,h0,0.9,4,1,3,
trajectory_000000:8348,mutual,mutual.CO+T,sublevel,h1,0.1,0,1,1,
trajectory_000000:8348,mutual,mutual.CO+T,sublevel,h1,0.25,0,3,3,
trajectory_000000:8348,mutual,mutual.CO+T,sublevel,h1,0.5,0,0,0,
trajectory_000000:8348,mutual,mutual.CO+T,sublevel,h1,0.75,4,7,3,
trajectory_000000:8348,mutual,mutual.CO+T,sublevel,h1,0.9,7,5,2,
trajectory_000000:8348,mutual,mutual.CO+T,sublevel,h0,0.1,1,2,1,
trajectory_000000:8348,mutual,mutual.CO+T,sublevel,h0,0.25,1,2,1,
trajectory_000000:8348,mutual,mutual.CO+T,sublevel,h0,0.5,18,9,9,
trajectory_000000:8348,mutual,mutual.CO+T,sublevel,h0,0.75,11,1,10,
trajectory_000000:8348,mutual,mutual.CO+T,sublevel,h0,0.9,4,1,3,
trajectory_000000:8348,mutual,mutual.CO+T,sublevel,h1,0.1,0,0,0,
trajectory_000000:8348,mutual,mutual.CO+T,sublevel,h1,0.25,0,0,0,
trajectory_000000:8348,mutual,mutual.CO+T,sublevel,h1,0.5,0,0,0,
trajectory_000000:8348,mutual,mutual.CO+T,sublevel,h1,0.75,4,5,1,
trajectory_000000:8348,mutual,mutual.CO+T,sublevel,h1,0.9,7,5,2,
trajectory_000000:8348,mutual,mutual.CO+T,sublevel,h0,0.1,1,4,3,
trajectory_000000:8348,mutual,mutual.CO+T,sublevel,h0,0.25,3,3,0,
trajectory_000000:8348,mutual,mutual.CO+T,sublevel,h0,0.5,20,7,13,
trajectory_000000:8348,mutual,mutual.CO+T,sublevel,h0,0.75,3,1,2,
trajectory_000000:8348,mutual,mutual.CO+T,sublevel,h0,0.9,4,1,3,
trajectory_000000:8348,mutual,mutual.CO+T,sublevel,h1,0.1,0,1,1,
trajectory_000000:8348,mutual,mutual.CO+T,sublevel,h1,0.25,0,3,3,
trajectory_000000:8348,mutual,mutual.CO+T,sublevel,h1,0.5,0,0,0,
trajectory_000000:8348,mutual,mutual.CO+T,sublevel,h1,0.75,3,2,1,
trajectory_000000:8348,mutual,mutual.CO+T,sublevel,h1,0.9,7,5,2,
trajectory_000000:8348,self,self.CO,superlevel,h0,0.1,14,11,3,
trajectory_000000:8348,self,self.CO,superlevel,h0,0.25,5,5,0,
trajectory_000000:8348,self,self.CO,superlevel,h0,0.5,2,1,1,
trajectory_000000:8348,self,self.CO,superlevel,h0,0.75,1,3,2,
trajectory_000000:8348,self,self.CO,superlevel,h0,0.9,1,3,2,
trajectory_000000:8348,self,self.CO,superlevel,h1,0.1,3,0,3,
trajectory_000000:8348,self,self.CO,superlevel,h1,0.25,2,0,2,
trajectory_000000:8348,self,self.CO,superlevel,h1,0.5,3,1,2,
trajectory_000000:8348,self,self.CO,superlevel,h1,0.75,88,0,88,
trajectory_000000:8348,self,self.CO,superlevel,h1,0.9,88,0,88,
trajectory_000000:8348,self,self.T,superlevel,h0,0.1,5,3,2,
trajectory_000000:8348,self,self.T,superlevel,h0,0.25,3,3,0,
trajectory_000000:8348,self,self.T,superlevel,h0,0.5,1,1,0,
trajectory_000000:8348,self,self.T,superlevel,h0,0.75,2,4,2,
trajectory_000000:8348,self,self.T,superlevel,h0,0.9,2,2,0,
trajectory_000000:8348,self,self.T,superlevel,h1,0.1,0,0,0,
trajectory_000000:8348,self,self.T,superlevel,h1,0.25,1,0,1,
trajectory_000000:8348,self,self.T,superlevel,h1,0.5,0,0,0,
trajectory_000000:8348,self,self.T,superlevel,h1,0.75,1,0,1,
trajectory_000000:8348,self,self.T,superlevel,h1,0.9,0,0,0,
trajectory_000000:8348,mutual,mutual.CO+T,superlevel,h0,0.1,6,4,2,
trajectory_000000:8348,mutual,mutual.CO+T,superlevel,h0,0.25,4,5,1,
trajectory_000000:8348,mutual,mutual.CO+T,superlevel,h0,0.5,1,1,0,
trajectory_000000:8348,mutual,mutual.CO+T,superlevel,h0,0.75,2,4,2,
trajectory_000000:8348,mutual,mutual.CO+T,superlevel,h0,0.9,2,2,0,
trajectory_000000:8348,mutual,mutual.CO+T,superlevel,h1,0.1,0,0,0,
trajectory_000000:8348,mutual,mutual.CO+T,superlevel,h1,0.25,1,0,1,
trajectory_000000:8348,mutual,mutual.CO+T,superlevel,h1,0.5,0,0,0,
trajectory_000000:8348,mutual,mutual.CO+T,superlevel,h1,0.75,1,0,1,
trajectory_000000:8348,mutual,mutual.CO+T,superlevel,h1,0.9,0,0,0,
trajectory_000000:8348,mutual,mutual.CO+T,superlevel,h0,0.1,18,7,11,
trajectory_000000:8348,mutual,mutual.CO+T,superlevel,h0,0.25,6,3,3,
trajectory_000000:8348,mutual,mutual.CO+T,superlevel,h0,0.5,1,1,0,
trajectory_000000:8348,mutual,mutual.CO+T,superlevel,h0,0.75,2,4,2,
trajectory_000000:8348,mutual,mutual.CO+T,superlevel,h0,0.9,2,2,0,
trajectory_000000:8348,mutual,mutual.CO+T,superlevel,h1,0.1,0,0,0,
trajectory_000000:8348,mutual,mutual.CO+T,superlevel,h1,0.25,2,1,1,
trajectory_000000:8348,mutual,mutual.CO+T,superlevel,h1,0.5,0,0,0,
trajectory_000000:8348,mutual,mutual.CO+T,superlevel,h1,0.75,1,0,1,
trajectory_000000:8348,mutual,mutual.CO+T,superlevel,h1,0.9,0,0,0,
trajectory_000000:8348,mutual,mutual.CO+T,superlevel,h0,0.1,19,3,16,
trajectory_000000:8348,mutual,mutual.CO+T,superlevel,h0,0.25,6,3,3,
trajectory_000000:8348,mutual,mutual.CO+T,superlevel,h0,0.5,2,1,1,
trajectory_000000:8348,mutual,mutual.CO+T,superlevel,h0,0.75,1,3,2,
trajectory_000000:8348,mutual,mutual.CO+T,superlevel,h0,0.9,1,3,2,
trajectory_000000:8348,mutual,mutual.CO+T,superlevel,h1,0.1,0,0,0,
trajectory_000000:8348,mutual,mutual.CO+T,superlevel,h1,0.25,4,2,2,
trajectory_000000:8348,mutual,mutual.CO+T,superlevel,h1,0.5,3,1,2,
trajectory_000000:8348,mutual,mutual.CO+T,superlevel,h1,0.75,88,0,88,
trajectory_000000:8348,mutual,mutual.CO+T,superlevel,h1,0.9,88,0,88,
trajectory_000000:8348,persistence_distance,topology.self.persistence,,,,,,,0.01024903729557991
trajectory_000000:8348,persistence_distance,topology.mutual.persistence,,,,,,,0.0027590200770646334
trajectory_000000:8348,persistence_distance,topology.component_weighted_total_before_outer_family_weight,,,,,,,0.0130080571398139
trajectory_000000:8348,dimension_distance_diagnostic,topology.self.CO.h0,,,,,,,0.03350256010890007
trajectory_000000:8348,dimension_distance_diagnostic,topology.self.CO.h1,,,,,,,0.001773922354914248
trajectory_000000:8348,dimension_distance_diagnostic,topology.self.T.h0,,,,,,,0.005506071262061596
trajectory_000000:8348,dimension_distance_diagnostic,topology.self.T.h1,,,,,,,0.00021359608217608184
trajectory_000000:8348,dimension_distance_diagnostic,topology.mutual.CO+T.h0,,,,,,,0.003933997359126806
trajectory_000000:8348,dimension_distance_diagnostic,topology.mutual.CO+T.h1,,,,,,,0.0015840432606637478
trajectory_000000:8364,self,self.CO,sublevel,h0,0.1,1,1,0,
trajectory_000000:8364,self,self.CO,sublevel,h0,0.25,1,1,0,
trajectory_000000:8364,self,self.CO,sublevel,h0,0.5,7,7,0,
trajectory_000000:8364,self,self.CO,sublevel,h0,0.75,2,3,1,
trajectory_000000:8364,self,self.CO,sublevel,h0,0.9,4,1,3,
trajectory_000000:8364,self,self.CO,sublevel,h1,0.1,0,0,0,
trajectory_000000:8364,self,self.CO,sublevel,h1,0.25,0,0,0,
trajectory_000000:8364,self,self.CO,sublevel,h1,0.5,0,0,0,
trajectory_000000:8364,self,self.CO,sublevel,h1,0.75,3,0,3,
trajectory_000000:8364,self,self.CO,sublevel,h1,0.9,7,6,1,
trajectory_000000:8364,self,self.T,sublevel,h0,0.1,4,4,0,
trajectory_000000:8364,self,self.T,sublevel,h0,0.25,5,5,0,
trajectory_000000:8364,self,self.T,sublevel,h0,0.5,9,1,8,
trajectory_000000:8364,self,self.T,sublevel,h0,0.75,2,2,0,
trajectory_000000:8364,self,self.T,sublevel,h0,0.9,2,1,1,
trajectory_000000:8364,self,self.T,sublevel,h1,0.1,0,0,0,
trajectory_000000:8364,self,self.T,sublevel,h1,0.25,0,1,1,
trajectory_000000:8364,self,self.T,sublevel,h1,0.5,0,0,0,
trajectory_000000:8364,self,self.T,sublevel,h1,0.75,0,0,0,
trajectory_000000:8364,self,self.T,sublevel,h1,0.9,8,5,3,
trajectory_000000:8364,mutual,mutual.CO+T,sublevel,h0,0.1,4,4,0,
trajectory_000000:8364,mutual,mutual.CO+T,sublevel,h0,0.25,5,5,0,
trajectory_000000:8364,mutual,mutual.CO+T,sublevel,h0,0.5,9,1,8,
trajectory_000000:8364,mutual,mutual.CO+T,sublevel,h0,0.75,13,4,9,
trajectory_000000:8364,mutual,mutual.CO+T,sublevel,h0,0.9,4,1,3,
trajectory_000000:8364,mutual,mutual.CO+T,sublevel,h1,0.1,0,0,0,
trajectory_000000:8364,mutual,mutual.CO+T,sublevel,h1,0.25,0,1,1,
trajectory_000000:8364,mutual,mutual.CO+T,sublevel,h1,0.5,0,0,0,
trajectory_000000:8364,mutual,mutual.CO+T,sublevel,h1,0.75,8,8,0,
trajectory_000000:8364,mutual,mutual.CO+T,sublevel,h1,0.9,7,6,1,
trajectory_000000:8364,mutual,mutual.CO+T,sublevel,h0,0.1,1,1,0,
trajectory_000000:8364,mutual,mutual.CO+T,sublevel,h0,0.25,1,1,0,
trajectory_000000:8364,mutual,mutual.CO+T,sublevel,h0,0.5,17,6,11,
trajectory_000000:8364,mutual,mutual.CO+T,sublevel,h0,0.75,13,1,12,
trajectory_000000:8364,mutual,mutual.CO+T,sublevel,h0,0.9,4,1,3,
trajectory_000000:8364,mutual,mutual.CO+T,sublevel,h1,0.1,0,0,0,
trajectory_000000:8364,mutual,mutual.CO+T,sublevel,h1,0.25,0,0,0,
trajectory_000000:8364,mutual,mutual.CO+T,sublevel,h1,0.5,0,0,0,
trajectory_000000:8364,mutual,mutual.CO+T,sublevel,h1,0.75,8,7,1,
trajectory_000000:8364,mutual,mutual.CO+T,sublevel,h1,0.9,7,6,1,
trajectory_000000:8364,mutual,mutual.CO+T,sublevel,h0,0.1,4,4,0,
trajectory_000000:8364,mutual,mutual.CO+T,sublevel,h0,0.25,5,5,0,
trajectory_000000:8364,mutual,mutual.CO+T,sublevel,h0,0.5,17,9,8,
trajectory_000000:8364,mutual,mutual.CO+T,sublevel,h0,0.75,2,3,1,
trajectory_000000:8364,mutual,mutual.CO+T,sublevel,h0,0.9,4,1,3,
trajectory_000000:8364,mutual,mutual.CO+T,sublevel,h1,0.1,0,0,0,
trajectory_000000:8364,mutual,mutual.CO+T,sublevel,h1,0.25,0,1,1,
trajectory_000000:8364,mutual,mutual.CO+T,sublevel,h1,0.5,0,0,0,
trajectory_000000:8364,mutual,mutual.CO+T,sublevel,h1,0.75,3,0,3,
trajectory_000000:8364,mutual,mutual.CO+T,sublevel,h1,0.9,7,6,1,
trajectory_000000:8364,self,self.CO,superlevel,h0,0.1,9,10,1,
trajectory_000000:8364,self,self.CO,superlevel,h0,0.25,11,5,6,
trajectory_000000:8364,self,self.CO,superlevel,h0,0.5,1,2,1,
trajectory_000000:8364,self,self.CO,superlevel,h0,0.75,1,2,1,
trajectory_000000:8364,self,self.CO,superlevel,h0,0.9,1,2,1,
trajectory_000000:8364,self,self.CO,superlevel,h1,0.1,2,0,2,
trajectory_000000:8364,self,self.CO,superlevel,h1,0.25,1,1,0,
trajectory_000000:8364,self,self.CO,superlevel,h1,0.5,2,0,2,
trajectory_000000:8364,self,self.CO,superlevel,h1,0.75,96,0,96,
trajectory_000000:8364,self,self.CO,superlevel,h1,0.9,96,0,96,
trajectory_000000:8364,self,self.T,superlevel,h0,0.1,12,5,7,
trajectory_000000:8364,self,self.T,superlevel,h0,0.25,2,1,1,
trajectory_000000:8364,self,self.T,superlevel,h0,0.5,1,1,0,
trajectory_000000:8364,self,self.T,superlevel,h0,0.75,1,4,3,
trajectory_000000:8364,self,self.T,superlevel,h0,0.9,1,2,1,
trajectory_000000:8364,self,self.T,superlevel,h1,0.1,0,0,0,
trajectory_000000:8364,self,self.T,superlevel,h1,0.25,0,0,0,
trajectory_000000:8364,self,self.T,superlevel,h1,0.5,0,0,0,
trajectory_000000:8364,self,self.T,superlevel,h1,0.75,0,2,2,
trajectory_000000:8364,self,self.T,superlevel,h1,0.9,0,1,1,
trajectory_000000:8364,mutual,mutual.CO+T,superlevel,h0,0.1,11,6,5,
trajectory_000000:8364,mutual,mutual.CO+T,superlevel,h0,0.25,4,2,2,
trajectory_000000:8364,mutual,mutual.CO+T,superlevel,h0,0.5,1,1,0,
trajectory_000000:8364,mutual,mutual.CO+T,superlevel,h0,0.75,1,4,3,
trajectory_000000:8364,mutual,mutual.CO+T,superlevel,h0,0.9,1,2,1,
trajectory_000000:8364,mutual,mutual.CO+T,superlevel,h1,0.1,0,0,0,
trajectory_000000:8364,mutual,mutual.CO+T,superlevel,h1,0.25,1,0,1,
trajectory_000000:8364,mutual,mutual.CO+T,superlevel,h1,0.5,0,0,0,
trajectory_000000:8364,mutual,mutual.CO+T,superlevel,h1,0.75,0,2,2,
trajectory_000000:8364,mutual,mutual.CO+T,superlevel,h1,0.9,0,1,1,
trajectory_000000:8364,mutual,mutual.CO+T,superlevel,h0,0.1,13,11,2,
trajectory_000000:8364,mutual,mutual.CO+T,superlevel,h0,0.25,11,6,5,
trajectory_000000:8364,mutual,mutual.CO+T,superlevel,h0,0.5,1,1,0,
trajectory_000000:8364,mutual,mutual.CO+T,superlevel,h0,0.75,1,4,3,
trajectory_000000:8364,mutual,mutual.CO+T,superlevel,h0,0.9,1,2,1,
trajectory_000000:8364,mutual,mutual.CO+T,superlevel,h1,0.1,0,0,0,
trajectory_000000:8364,mutual,mutual.CO+T,superlevel,h1,0.25,0,2,2,
trajectory_000000:8364,mutual,mutual.CO+T,superlevel,h1,0.5,0,0,0,
trajectory_000000:8364,mutual,mutual.CO+T,superlevel,h1,0.75,0,2,2,
trajectory_000000:8364,mutual,mutual.CO+T,superlevel,h1,0.9,0,1,1,
trajectory_000000:8364,mutual,mutual.CO+T,superlevel,h0,0.1,9,7,2,
trajectory_000000:8364,mutual,mutual.CO+T,superlevel,h0,0.25,9,7,2,
trajectory_000000:8364,mutual,mutual.CO+T,superlevel,h0,0.5,1,2,1,
trajectory_000000:8364,mutual,mutual.CO+T,superlevel,h0,0.75,1,2,1,
trajectory_000000:8364,mutual,mutual.CO+T,superlevel,h0,0.9,1,2,1,
trajectory_000000:8364,mutual,mutual.CO+T,superlevel,h1,0.1,0,0,0,
trajectory_000000:8364,mutual,mutual.CO+T,superlevel,h1,0.25,0,1,1,
trajectory_000000:8364,mutual,mutual.CO+T,superlevel,h1,0.5,2,0,2,
trajectory_000000:8364,mutual,mutual.CO+T,superlevel,h1,0.75,96,0,96,
trajectory_000000:8364,mutual,mutual.CO+T,superlevel,h1,0.9,96,0,96,
trajectory_000000:8364,persistence_distance,topology.self.persistence,,,,,,,0.012974405661225319
trajectory_000000:8364,persistence_distance,topology.mutual.persistence,,,,,,,0.002785301534458995
trajectory_000000:8364,persistence_distance,topology.component_weighted_total_before_outer_family_weight,,,,,,,0.015759706497192383
trajectory_000000:8364,dimension_distance_diagnostic,topology.self.CO.h0,,,,,,,0.04687400907278061
trajectory_000000:8364,dimension_distance_diagnostic,topology.self.CO.h1,,,,,,,0.001251561101526022
trajectory_000000:8364,dimension_distance_diagnostic,topology.self.T.h0,,,,,,,0.0036402668338268995
trajectory_000000:8364,dimension_distance_diagnostic,topology.self.T.h1,,,,,,,0.0001317878341069445
trajectory_000000:8364,dimension_distance_diagnostic,topology.mutual.CO+T.h0,,,,,,,0.004507532808929682
trajectory_000000:8364,dimension_distance_diagnostic,topology.mutual.CO+T.h1,,,,,,,0.001063070958480239
trajectory_000000:8380,self,self.CO,sublevel,h0,0.1,1,1,0,
trajectory_000000:8380,self,self.CO,sublevel,h0,0.25,1,1,0,
trajectory_000000:8380,self,self.CO,sublevel,h0,0.5,1,1,0,
trajectory_000000:8380,self,self.CO,sublevel,h0,0.75,3,2,1,
trajectory_000000:8380,self,self.CO,sublevel,h0,0.9,2,1,1,
trajectory_000000:8380,self,self.CO,sublevel,h1,0.1,0,0,0,
trajectory_000000:8380,self,self.CO,sublevel,h1,0.25,0,0,0,
trajectory_000000:8380,self,self.CO,sublevel,h1,0.5,0,0,0,
trajectory_000000:8380,self,self.CO,sublevel,h1,0.75,2,0,2,
trajectory_000000:8380,self,self.CO,sublevel,h1,0.9,4,6,2,
trajectory_000000:8380,self,self.T,sublevel,h0,0.1,4,5,1,
trajectory_000000:8380,self,self.T,sublevel,h0,0.25,2,2,0,
trajectory_000000:8380,self,self.T,sublevel,h0,0.5,1,4,3,
trajectory_000000:8380,self,self.T,sublevel,h0,0.75,1,1,0,
trajectory_000000:8380,self,self.T,sublevel,h0,0.9,1,1,0,
trajectory_000000:8380,self,self.T,sublevel,h1,0.1,0,0,0,
trajectory_000000:8380,self,self.T,sublevel,h1,0.25,0,2,2,
trajectory_000000:8380,self,self.T,sublevel,h1,0.5,1,0,1,
trajectory_000000:8380,self,self.T,sublevel,h1,0.75,3,0,3,
trajectory_000000:8380,self,self.T,sublevel,h1,0.9,2,7,5,
trajectory_000000:8380,mutual,mutual.CO+T,sublevel,h0,0.1,4,5,1,
trajectory_000000:8380,mutual,mutual.CO+T,sublevel,h0,0.25,2,2,0,
trajectory_000000:8380,mutual,mutual.CO+T,sublevel,h0,0.5,1,4,3,
trajectory_000000:8380,mutual,mutual.CO+T,sublevel,h0,0.75,9,2,7,
trajectory_000000:8380,mutual,mutual.CO+T,sublevel,h0,0.9,2,1,1,
trajectory_000000:8380,mutual,mutual.CO+T,sublevel,h1,0.1,0,0,0,
trajectory_000000:8380,mutual,mutual.CO+T,sublevel,h1,0.25,0,2,2,
trajectory_000000:8380,mutual,mutual.CO+T,sublevel,h1,0.5,1,0,1,
trajectory_000000:8380,mutual,mutual.CO+T,sublevel,h1,0.75,4,11,7,
trajectory_000000:8380,mutual,mutual.CO+T,sublevel,h1,0.9,8,6,2,
trajectory_000000:8380,mutual,mutual.CO+T,sublevel,h0,0.1,1,1,0,
trajectory_000000:8380,mutual,mutual.CO+T,sublevel,h0,0.25,1,1,0,
trajectory_000000:8380,mutual,mutual.CO+T,sublevel,h0,0.5,1,1,0,
trajectory_000000:8380,mutual,mutual.CO+T,sublevel,h0,0.75,11,2,9,
trajectory_000000:8380,mutual,mutual.CO+T,sublevel,h0,0.9,2,1,1,
trajectory_000000:8380,mutual,mutual.CO+T,sublevel,h1,0.1,0,0,0,
trajectory_000000:8380,mutual,mutual.CO+T,sublevel,h1,0.25,0,0,0,
trajectory_000000:8380,mutual,mutual.CO+T,sublevel,h1,0.5,0,0,0,
trajectory_000000:8380,mutual,mutual.CO+T,sublevel,h1,0.75,3,12,9,
trajectory_000000:8380,mutual,mutual.CO+T,sublevel,h1,0.9,10,5,5,
trajectory_000000:8380,mutual,mutual.CO+T,sublevel,h0,0.1,4,5,1,
trajectory_000000:8380,mutual,mutual.CO+T,sublevel,h0,0.25,2,2,0,
trajectory_000000:8380,mutual,mutual.CO+T,sublevel,h0,0.5,1,5,4,
trajectory_000000:8380,mutual,mutual.CO+T,sublevel,h0,0.75,3,2,1,
trajectory_000000:8380,mutual,mutual.CO+T,sublevel,h0,0.9,2,1,1,
trajectory_000000:8380,mutual,mutual.CO+T,sublevel,h1,0.1,0,0,0,
trajectory_000000:8380,mutual,mutual.CO+T,sublevel,h1,0.25,0,2,2,
trajectory_000000:8380,mutual,mutual.CO+T,sublevel,h1,0.5,0,0,0,
trajectory_000000:8380,mutual,mutual.CO+T,sublevel,h1,0.75,2,0,2,
trajectory_000000:8380,mutual,mutual.CO+T,sublevel,h1,0.9,4,6,2,
trajectory_000000:8380,self,self.CO,superlevel,h0,0.1,6,8,2,
trajectory_000000:8380,self,self.CO,superlevel,h0,0.25,4,3,1,
trajectory_000000:8380,self,self.CO,superlevel,h0,0.5,1,1,0,
trajectory_000000:8380,self,self.CO,superlevel,h0,0.75,1,3,2,
trajectory_000000:8380,self,self.CO,superlevel,h0,0.9,1,3,2,
trajectory_000000:8380,self,self.CO,superlevel,h1,0.1,0,0,0,
trajectory_000000:8380,self,self.CO,superlevel,h1,0.25,2,0,2,
trajectory_000000:8380,self,self.CO,superlevel,h1,0.5,0,0,0,
trajectory_000000:8380,self,self.CO,superlevel,h1,0.75,98,0,98,
trajectory_000000:8380,self,self.CO,superlevel,h1,0.9,98,0,98,
trajectory_000000:8380,self,self.T,superlevel,h0,0.1,2,7,5,
trajectory_000000:8380,self,self.T,superlevel,h0,0.25,4,1,3,
trajectory_000000:8380,self,self.T,superlevel,h0,0.5,2,1,1,
trajectory_000000:8380,self,self.T,superlevel,h0,0.75,1,4,3,
trajectory_000000:8380,self,self.T,superlevel,h0,0.9,1,2,1,
trajectory_000000:8380,self,self.T,superlevel,h1,0.1,0,0,0,
trajectory_000000:8380,self,self.T,superlevel,h1,0.25,0,0,0,
trajectory_000000:8380,self,self.T,superlevel,h1,0.5,0,0,0,
trajectory_000000:8380,self,self.T,superlevel,h1,0.75,0,0,0,
trajectory_000000:8380,self,self.T,superlevel,h1,0.9,1,2,1,
trajectory_000000:8380,mutual,mutual.CO+T,superlevel,h0,0.1,1,5,4,
trajectory_000000:8380,mutual,mutual.CO+T,superlevel,h0,0.25,5,2,3,
trajectory_000000:8380,mutual,mutual.CO+T,superlevel,h0,0.5,2,1,1,
trajectory_000000:8380,mutual,mutual.CO+T,superlevel,h0,0.75,1,4,3,
trajectory_000000:8380,mutual,mutual.CO+T,superlevel,h0,0.9,1,2,1,
trajectory_000000:8380,mutual,mutual.CO+T,superlevel,h1,0.1,0,0,0,
trajectory_000000:8380,mutual,mutual.CO+T,superlevel,h1,0.25,0,0,0,
trajectory_000000:8380,mutual,mutual.CO+T,superlevel,h1,0.5,0,0,0,
trajectory_000000:8380,mutual,mutual.CO+T,superlevel,h1,0.75,0,0,0,
trajectory_000000:8380,mutual,mutual.CO+T,superlevel,h1,0.9,1,2,1,
trajectory_000000:8380,mutual,mutual.CO+T,superlevel,h0,0.1,7,7,0,
trajectory_000000:8380,mutual,mutual.CO+T,superlevel,h0,0.25,4,1,3,
trajectory_000000:8380,mutual,mutual.CO+T,superlevel,h0,0.5,2,1,1,
trajectory_000000:8380,mutual,mutual.CO+T,superlevel,h0,0.75,1,4,3,
trajectory_000000:8380,mutual,mutual.CO+T,superlevel,h0,0.9,1,2,1,
trajectory_000000:8380,mutual,mutual.CO+T,superlevel,h1,0.1,0,0,0,
trajectory_000000:8380,mutual,mutual.CO+T,superlevel,h1,0.25,1,1,0,
trajectory_000000:8380,mutual,mutual.CO+T,superlevel,h1,0.5,0,0,0,
trajectory_000000:8380,mutual,mutual.CO+T,superlevel,h1,0.75,0,0,0,
trajectory_000000:8380,mutual,mutual.CO+T,superlevel,h1,0.9,1,2,1,
trajectory_000000:8380,mutual,mutual.CO+T,superlevel,h0,0.1,13,6,7,
trajectory_000000:8380,mutual,mutual.CO+T,superlevel,h0,0.25,5,2,3,
trajectory_000000:8380,mutual,mutual.CO+T,superlevel,h0,0.5,1,1,0,
trajectory_000000:8380,mutual,mutual.CO+T,superlevel,h0,0.75,1,3,2,
trajectory_000000:8380,mutual,mutual.CO+T,superlevel,h0,0.9,1,3,2,
trajectory_000000:8380,mutual,mutual.CO+T,superlevel,h1,0.1,1,0,1,
trajectory_000000:8380,mutual,mutual.CO+T,superlevel,h1,0.25,2,1,1,
trajectory_000000:8380,mutual,mutual.CO+T,superlevel,h1,0.5,0,0,0,
trajectory_000000:8380,mutual,mutual.CO+T,superlevel,h1,0.75,98,0,98,
trajectory_000000:8380,mutual,mutual.CO+T,superlevel,h1,0.9,98,0,98,
trajectory_000000:8380,persistence_distance,topology.self.persistence,,,,,,,0.019692184403538704
trajectory_000000:8380,persistence_distance,topology.mutual.persistence,,,,,,,0.0033760147634893656
trajectory_000000:8380,persistence_distance,topology.component_weighted_total_before_outer_family_weight,,,,,,,0.023068198934197426
trajectory_000000:8380,dimension_distance_diagnostic,topology.self.CO.h0,,,,,,,0.07151895016431808
trajectory_000000:8380,dimension_distance_diagnostic,topology.self.CO.h1,,,,,,,0.001317567890509963
trajectory_000000:8380,dimension_distance_diagnostic,topology.self.T.h0,,,,,,,0.005843766964972019
trajectory_000000:8380,dimension_distance_diagnostic,topology.self.T.h1,,,,,,,8.844258263707161e-05
trajectory_000000:8380,dimension_distance_diagnostic,topology.mutual.CO+T.h0,,,,,,,0.005557933356612921
trajectory_000000:8380,dimension_distance_diagnostic,topology.mutual.CO+T.h1,,,,,,,0.0011940962867811322
trajectory_000000:8396,self,self.CO,sublevel,h0,0.1,3,1,2,
trajectory_000000:8396,self,self.CO,sublevel,h0,0.25,3,1,2,
trajectory_000000:8396,self,self.CO,sublevel,h0,0.5,1,1,0,
trajectory_000000:8396,self,self.CO,sublevel,h0,0.75,4,1,3,
trajectory_000000:8396,self,self.CO,sublevel,h0,0.9,2,3,1,
trajectory_000000:8396,self,self.CO,sublevel,h1,0.1,101,1,100,
trajectory_000000:8396,self,self.CO,sublevel,h1,0.25,101,1,100,
trajectory_000000:8396,self,self.CO,sublevel,h1,0.5,0,1,1,
trajectory_000000:8396,self,self.CO,sublevel,h1,0.75,1,0,1,
trajectory_000000:8396,self,self.CO,sublevel,h1,0.9,4,2,2,
trajectory_000000:8396,self,self.T,sublevel,h0,0.1,4,4,0,
trajectory_000000:8396,self,self.T,sublevel,h0,0.25,3,4,1,
trajectory_000000:8396,self,self.T,sublevel,h0,0.5,1,2,1,
trajectory_000000:8396,self,self.T,sublevel,h0,0.75,1,1,0,
trajectory_000000:8396,self,self.T,sublevel,h0,0.9,1,1,0,
trajectory_000000:8396,self,self.T,sublevel,h1,0.1,0,1,1,
trajectory_000000:8396,self,self.T,sublevel,h1,0.25,0,1,1,
trajectory_000000:8396,self,self.T,sublevel,h1,0.5,1,4,3,
trajectory_000000:8396,self,self.T,sublevel,h1,0.75,2,1,1,
trajectory_000000:8396,self,self.T,sublevel,h1,0.9,3,4,1,
trajectory_000000:8396,mutual,mutual.CO+T,sublevel,h0,0.1,4,4,0,
trajectory_000000:8396,mutual,mutual.CO+T,sublevel,h0,0.25,3,4,1,
trajectory_000000:8396,mutual,mutual.CO+T,sublevel,h0,0.5,1,2,1,
trajectory_000000:8396,mutual,mutual.CO+T,sublevel,h0,0.75,10,2,8,
trajectory_000000:8396,mutual,mutual.CO+T,sublevel,h0,0.9,1,2,1,
trajectory_000000:8396,mutual,mutual.CO+T,sublevel,h1,0.1,0,1,1,
trajectory_000000:8396,mutual,mutual.CO+T,sublevel,h1,0.25,0,1,1,
trajectory_000000:8396,mutual,mutual.CO+T,sublevel,h1,0.5,1,4,3,
trajectory_000000:8396,mutual,mutual.CO+T,sublevel,h1,0.75,3,2,1,
trajectory_000000:8396,mutual,mutual.CO+T,sublevel,h1,0.9,6,2,4,
trajectory_000000:8396,mutual,mutual.CO+T,sublevel,h0,0.1,3,1,2,
trajectory_000000:8396,mutual,mutual.CO+T,sublevel,h0,0.25,3,1,2,
trajectory_000000:8396,mutual,mutual.CO+T,sublevel,h0,0.5,1,1,0,
trajectory_000000:8396,mutual,mutual.CO+T,sublevel,h0,0.75,10,2,8,
trajectory_000000:8396,mutual,mutual.CO+T,sublevel,h0,0.9,1,2,1,
trajectory_000000:8396,mutual,mutual.CO+T,sublevel,h1,0.1,101,1,100,
trajectory_000000:8396,mutual,mutual.CO+T,sublevel,h1,0.25,101,1,100,
trajectory_000000:8396,mutual,mutual.CO+T,sublevel,h1,0.5,0,1,1,
trajectory_000000:8396,mutual,mutual.CO+T,sublevel,h1,0.75,3,2,1,
trajectory_000000:8396,mutual,mutual.CO+T,sublevel,h1,0.9,7,2,5,
trajectory_000000:8396,mutual,mutual.CO+T,sublevel,h0,0.1,4,4,0,
trajectory_000000:8396,mutual,mutual.CO+T,sublevel,h0,0.25,3,4,1,
trajectory_000000:8396,mutual,mutual.CO+T,sublevel,h0,0.5,1,2,1,
trajectory_000000:8396,mutual,mutual.CO+T,sublevel,h0,0.75,4,1,3,
trajectory_000000:8396,mutual,mutual.CO+T,sublevel,h0,0.9,2,3,1,
trajectory_000000:8396,mutual,mutual.CO+T,sublevel,h1,0.1,0,1,1,
trajectory_000000:8396,mutual,mutual.CO+T,sublevel,h1,0.25,0,1,1,
trajectory_000000:8396,mutual,mutual.CO+T,sublevel,h1,0.5,1,4,3,
trajectory_000000:8396,mutual,mutual.CO+T,sublevel,h1,0.75,1,0,1,
trajectory_000000:8396,mutual,mutual.CO+T,sublevel,h1,0.9,4,2,2,
trajectory_000000:8396,self,self.CO,superlevel,h0,0.1,7,4,3,
trajectory_000000:8396,self,self.CO,superlevel,h0,0.25,2,1,1,
trajectory_000000:8396,self,self.CO,superlevel,h0,0.5,1,2,1,
trajectory_000000:8396,self,self.CO,superlevel,h0,0.75,1,2,1,
trajectory_000000:8396,self,self.CO,superlevel,h0,0.9,1,2,1,
trajectory_000000:8396,self,self.CO,superlevel,h1,0.1,0,1,1,
trajectory_000000:8396,self,self.CO,superlevel,h1,0.25,3,0,3,
trajectory_000000:8396,self,self.CO,superlevel,h1,0.5,0,0,0,
trajectory_000000:8396,self,self.CO,superlevel,h1,0.75,116,0,116,
trajectory_000000:8396,self,self.CO,superlevel,h1,0.9,116,0,116,
trajectory_000000:8396,self,self.T,superlevel,h0,0.1,3,5,2,
trajectory_000000:8396,self,self.T,superlevel,h0,0.25,4,3,1,
trajectory_000000:8396,self,self.T,superlevel,h0,0.5,3,5,2,
trajectory_000000:8396,self,self.T,superlevel,h0,0.75,1,2,1,
trajectory_000000:8396,self,self.T,superlevel,h0,0.9,1,2,1,
trajectory_000000:8396,self,self.T,superlevel,h1,0.1,0,0,0,
trajectory_000000:8396,self,self.T,superlevel,h1,0.25,0,0,0,
trajectory_000000:8396,self,self.T,superlevel,h1,0.5,0,1,1,
trajectory_000000:8396,self,self.T,superlevel,h1,0.75,0,1,1,
trajectory_000000:8396,self,self.T,superlevel,h1,0.9,0,1,1,
trajectory_000000:8396,mutual,mutual.CO+T,superlevel,h0,0.1,2,4,2,
trajectory_000000:8396,mutual,mutual.CO+T,superlevel,h0,0.25,4,1,3,
trajectory_000000:8396,mutual,mutual.CO+T,superlevel,h0,0.5,3,5,2,
trajectory_000000:8396,mutual,mutual.CO+T,superlevel,h0,0.75,1,2,1,
trajectory_000000:8396,mutual,mutual.CO+T,superlevel,h0,0.9,1,2,1,
trajectory_000000:8396,mutual,mutual.CO+T,superlevel,h1,0.1,1,0,1,
trajectory_000000:8396,mutual,mutual.CO+T,superlevel,h1,0.25,1,0,1,
trajectory_000000:8396,mutual,mutual.CO+T,superlevel,h1,0.5,0,1,1,
trajectory_000000:8396,mutual,mutual.CO+T,superlevel,h1,0.75,0,1,1,
trajectory_000000:8396,mutual,mutual.CO+T,superlevel,h1,0.9,0,1,1,
trajectory_000000:8396,mutual,mutual.CO+T,superlevel,h0,0.1,12,7,5,
trajectory_000000:8396,mutual,mutual.CO+T,superlevel,h0,0.25,5,2,3,
trajectory_000000:8396,mutual,mutual.CO+T,superlevel,h0,0.5,3,5,2,
trajectory_000000:8396,mutual,mutual.CO+T,superlevel,h0,0.75,1,2,1,
trajectory_000000:8396,mutual,mutual.CO+T,superlevel,h0,0.9,1,2,1,
trajectory_000000:8396,mutual,mutual.CO+T,superlevel,h1,0.1,0,0,0,
trajectory_000000:8396,mutual,mutual.CO+T,superlevel,h1,0.25,2,0,2,
trajectory_000000:8396,mutual,mutual.CO+T,superlevel,h1,0.5,0,1,1,
trajectory_000000:8396,mutual,mutual.CO+T,superlevel,h1,0.75,0,1,1,
trajectory_000000:8396,mutual,mutual.CO+T,superlevel,h1,0.9,0,1,1,
trajectory_000000:8396,mutual,mutual.CO+T,superlevel,h0,0.1,4,8,4,
trajectory_000000:8396,mutual,mutual.CO+T,superlevel,h0,0.25,4,1,3,
trajectory_000000:8396,mutual,mutual.CO+T,superlevel,h0,0.5,1,2,1,
trajectory_000000:8396,mutual,mutual.CO+T,superlevel,h0,0.75,1,2,1,
trajectory_000000:8396,mutual,mutual.CO+T,superlevel,h0,0.9,1,2,1,
trajectory_000000:8396,mutual,mutual.CO+T,superlevel,h1,0.1,0,0,0,
trajectory_000000:8396,mutual,mutual.CO+T,superlevel,h1,0.25,1,1,0,
trajectory_000000:8396,mutual,mutual.CO+T,superlevel,h1,0.5,0,0,0,
trajectory_000000:8396,mutual,mutual.CO+T,superlevel,h1,0.75,116,0,116,
trajectory_000000:8396,mutual,mutual.CO+T,superlevel,h1,0.9,116,0,116,
trajectory_000000:8396,persistence_distance,topology.self.persistence,,,,,,,0.01216278225183487
trajectory_000000:8396,persistence_distance,topology.mutual.persistence,,,,,,,0.0026745449285954237
trajectory_000000:8396,persistence_distance,topology.component_weighted_total_before_outer_family_weight,,,,,,,0.014837327413260937
trajectory_000000:8396,dimension_distance_diagnostic,topology.self.CO.h0,,,,,,,0.042522132396698
trajectory_000000:8396,dimension_distance_diagnostic,topology.self.CO.h1,,,,,,,0.0010748818749561906
trajectory_000000:8396,dimension_distance_diagnostic,topology.self.T.h0,,,,,,,0.004980519413948059
trajectory_000000:8396,dimension_distance_diagnostic,topology.self.T.h1,,,,,,,7.359635492321104e-05
trajectory_000000:8396,dimension_distance_diagnostic,topology.mutual.CO+T.h0,,,,,,,0.004421527497470379
trajectory_000000:8396,dimension_distance_diagnostic,topology.mutual.CO+T.h1,,,,,,,0.0009275625925511122
trajectory_000000:8412,self,self.CO,sublevel,h0,0.1,4,13,9,
trajectory_000000:8412,self,self.CO,sublevel,h0,0.25,4,13,9,
trajectory_000000:8412,self,self.CO,sublevel,h0,0.5,1,1,0,
trajectory_000000:8412,self,self.CO,sublevel,h0,0.75,3,2,1,
trajectory_000000:8412,self,self.CO,sublevel,h0,0.9,1,1,0,
trajectory_000000:8412,self,self.CO,sublevel,h1,0.1,96,0,96,
trajectory_000000:8412,self,self.CO,sublevel,h1,0.25,96,0,96,
trajectory_000000:8412,self,self.CO,sublevel,h1,0.5,0,0,0,
trajectory_000000:8412,self,self.CO,sublevel,h1,0.75,3,5,2,
trajectory_000000:8412,self,self.CO,sublevel,h1,0.9,4,8,4,
trajectory_000000:8412,self,self.T,sublevel,h0,0.1,1,10,9,
trajectory_000000:8412,self,self.T,sublevel,h0,0.25,4,2,2,
trajectory_000000:8412,self,self.T,sublevel,h0,0.5,1,2,1,
trajectory_000000:8412,self,self.T,sublevel,h0,0.75,2,1,1,
trajectory_000000:8412,self,self.T,sublevel,h0,0.9,1,1,0,
trajectory_000000:8412,self,self.T,sublevel,h1,0.1,0,0,0,
trajectory_000000:8412,self,self.T,sublevel,h1,0.25,0,3,3,
trajectory_000000:8412,self,self.T,sublevel,h1,0.5,0,0,0,
trajectory_000000:8412,self,self.T,sublevel,h1,0.75,0,0,0,
trajectory_000000:8412,self,self.T,sublevel,h1,0.9,4,4,0,
trajectory_000000:8412,mutual,mutual.CO+T,sublevel,h0,0.1,1,10,9,
trajectory_000000:8412,mutual,mutual.CO+T,sublevel,h0,0.25,4,2,2,
trajectory_000000:8412,mutual,mutual.CO+T,sublevel,h0,0.5,1,2,1,
trajectory_000000:8412,mutual,mutual.CO+T,sublevel,h0,0.75,12,3,9,
trajectory_000000:8412,mutual,mutual.CO+T,sublevel,h0,0.9,1,1,0,
trajectory_000000:8412,mutual,mutual.CO+T,sublevel,h1,0.1,0,0,0,
trajectory_000000:8412,mutual,mutual.CO+T,sublevel,h1,0.25,0,3,3,
trajectory_000000:8412,mutual,mutual.CO+T,sublevel,h1,0.5,0,0,0,
trajectory_000000:8412,mutual,mutual.CO+T,sublevel,h1,0.75,5,8,3,
trajectory_000000:8412,mutual,mutual.CO+T,sublevel,h1,0.9,7,8,1,
trajectory_000000:8412,mutual,mutual.CO+T,sublevel,h0,0.1,4,13,9,
trajectory_000000:8412,mutual,mutual.CO+T,sublevel,h0,0.25,4,13,9,
trajectory_000000:8412,mutual,mutual.CO+T,sublevel,h0,0.5,1,1,0,
trajectory_000000:8412,mutual,mutual.CO+T,sublevel,h0,0.75,12,3,9,
trajectory_000000:8412,mutual,mutual.CO+T,sublevel,h0,0.9,1,1,0,
trajectory_000000:8412,mutual,mutual.CO+T,sublevel,h1,0.1,96,0,96,
trajectory_000000:8412,mutual,mutual.CO+T,sublevel,h1,0.25,96,0,96,
trajectory_000000:8412,mutual,mutual.CO+T,sublevel,h1,0.5,0,0,0,
trajectory_000000:8412,mutual,mutual.CO+T,sublevel,h1,0.75,5,8,3,
trajectory_000000:8412,mutual,mutual.CO+T,sublevel,h1,0.9,7,8,1,
trajectory_000000:8412,mutual,mutual.CO+T,sublevel,h0,0.1,1,10,9,
trajectory_000000:8412,mutual,mutual.CO+T,sublevel,h0,0.25,4,2,2,
trajectory_000000:8412,mutual,mutual.CO+T,sublevel,h0,0.5,1,2,1,
trajectory_000000:8412,mutual,mutual.CO+T,sublevel,h0,0.75,3,2,1,
trajectory_000000:8412,mutual,mutual.CO+T,sublevel,h0,0.9,1,1,0,
trajectory_000000:8412,mutual,mutual.CO+T,sublevel,h1,0.1,0,0,0,
trajectory_000000:8412,mutual,mutual.CO+T,sublevel,h1,0.25,0,3,3,
trajectory_000000:8412,mutual,mutual.CO+T,sublevel,h1,0.5,0,0,0,
trajectory_000000:8412,mutual,mutual.CO+T,sublevel,h1,0.75,3,5,2,
trajectory_000000:8412,mutual,mutual.CO+T,sublevel,h1,0.9,4,8,4,
trajectory_000000:8412,self,self.CO,superlevel,h0,0.1,7,10,3,
trajectory_000000:8412,self,self.CO,superlevel,h0,0.25,7,7,0,
trajectory_000000:8412,self,self.CO,superlevel,h0,0.5,1,1,0,
trajectory_000000:8412,self,self.CO,superlevel,h0,0.75,1,4,3,
trajectory_000000:8412,self,self.CO,superlevel,h0,0.9,1,4,3,
trajectory_000000:8412,self,self.CO,superlevel,h1,0.1,0,0,0,
trajectory_000000:8412,self,self.CO,superlevel,h1,0.25,2,1,1,
trajectory_000000:8412,self,self.CO,superlevel,h1,0.5,0,0,0,
trajectory_000000:8412,self,self.CO,superlevel,h1,0.75,108,5,103,
trajectory_000000:8412,self,self.CO,superlevel,h1,0.9,108,5,103,
trajectory_000000:8412,self,self.T,superlevel,h0,0.1,5,4,1,
trajectory_000000:8412,self,self.T,superlevel,h0,0.25,1,1,0,
trajectory_000000:8412,self,self.T,superlevel,h0,0.5,1,1,0,
trajectory_000000:8412,self,self.T,superlevel,h0,0.75,1,6,5,
trajectory_000000:8412,self,self.T,superlevel,h0,0.9,1,4,3,
trajectory_000000:8412,self,self.T,superlevel,h1,0.1,0,0,0,
trajectory_000000:8412,self,self.T,superlevel,h1,0.25,1,0,1,
trajectory_000000:8412,self,self.T,superlevel,h1,0.5,0,0,0,
trajectory_000000:8412,self,self.T,superlevel,h1,0.75,2,0,2,
trajectory_000000:8412,self,self.T,superlevel,h1,0.9,0,6,6,
trajectory_000000:8412,mutual,mutual.CO+T,superlevel,h0,0.1,2,4,2,
trajectory_000000:8412,mutual,mutual.CO+T,superlevel,h0,0.25,1,1,0,
trajectory_000000:8412,mutual,mutual.CO+T,superlevel,h0,0.5,1,1,0,
trajectory_000000:8412,mutual,mutual.CO+T,superlevel,h0,0.75,1,6,5,
trajectory_000000:8412,mutual,mutual.CO+T,superlevel,h0,0.9,1,4,3,
trajectory_000000:8412,mutual,mutual.CO+T,superlevel,h1,0.1,0,0,0,
trajectory_000000:8412,mutual,mutual.CO+T,superlevel,h1,0.25,1,0,1,
trajectory_000000:8412,mutual,mutual.CO+T,superlevel,h1,0.5,0,0,0,
trajectory_000000:8412,mutual,mutual.CO+T,superlevel,h1,0.75,2,0,2,
trajectory_000000:8412,mutual,mutual.CO+T,superlevel,h1,0.9,0,6,6,
trajectory_000000:8412,mutual,mutual.CO+T,superlevel,h0,0.1,7,16,9,
trajectory_000000:8412,mutual,mutual.CO+T,superlevel,h0,0.25,8,5,3,
trajectory_000000:8412,mutual,mutual.CO+T,superlevel,h0,0.5,1,1,0,
trajectory_000000:8412,mutual,mutual.CO+T,superlevel,h0,0.75,1,6,5,
trajectory_000000:8412,mutual,mutual.CO+T,superlevel,h0,0.9,1,4,3,
trajectory_000000:8412,mutual,mutual.CO+T,superlevel,h1,0.1,0,0,0,
trajectory_000000:8412,mutual,mutual.CO+T,superlevel,h1,0.25,2,0,2,
trajectory_000000:8412,mutual,mutual.CO+T,superlevel,h1,0.5,0,0,0,
trajectory_000000:8412,mutual,mutual.CO+T,superlevel,h1,0.75,2,0,2,
trajectory_000000:8412,mutual,mutual.CO+T,superlevel,h1,0.9,0,6,6,
trajectory_000000:8412,mutual,mutual.CO+T,superlevel,h0,0.1,12,5,7,
trajectory_000000:8412,mutual,mutual.CO+T,superlevel,h0,0.25,11,3,8,
trajectory_000000:8412,mutual,mutual.CO+T,superlevel,h0,0.5,1,1,0,
trajectory_000000:8412,mutual,mutual.CO+T,superlevel,h0,0.75,1,4,3,
trajectory_000000:8412,mutual,mutual.CO+T,superlevel,h0,0.9,1,4,3,
trajectory_000000:8412,mutual,mutual.CO+T,superlevel,h1,0.1,0,0,0,
trajectory_000000:8412,mutual,mutual.CO+T,superlevel,h1,0.25,2,0,2,
trajectory_000000:8412,mutual,mutual.CO+T,superlevel,h1,0.5,0,0,0,
trajectory_000000:8412,mutual,mutual.CO+T,superlevel,h1,0.75,108,5,103,
trajectory_000000:8412,mutual,mutual.CO+T,superlevel,h1,0.9,108,5,103,
trajectory_000000:8412,persistence_distance,topology.self.persistence,,,,,,,0.0075322831980884075
trajectory_000000:8412,persistence_distance,topology.mutual.persistence,,,,,,,0.0016891279956325889
trajectory_000000:8412,persistence_distance,topology.component_weighted_total_before_outer_family_weight,,,,,,,0.009221411310136318
trajectory_000000:8412,dimension_distance_diagnostic,topology.self.CO.h0,,,,,,,0.026347236707806587
trajectory_000000:8412,dimension_distance_diagnostic,topology.self.CO.h1,,,,,,,0.0010603799019008875
trajectory_000000:8412,dimension_distance_diagnostic,topology.self.T.h0,,,,,,,0.002625850960612297
trajectory_000000:8412,dimension_distance_diagnostic,topology.self.T.h1,,,,,,,9.566554217599332e-05
trajectory_000000:8412,dimension_distance_diagnostic,topology.mutual.CO+T.h0,,,,,,,0.0024494172539561987
trajectory_000000:8412,dimension_distance_diagnostic,topology.mutual.CO+T.h1,,,,,,,0.00092883879551664
trajectory_000000:8428,self,self.CO,sublevel,h0,0.1,2,3,1,
trajectory_000000:8428,self,self.CO,sublevel,h0,0.25,2,3,1,
trajectory_000000:8428,self,self.CO,sublevel,h0,0.5,1,1,0,
trajectory_000000:8428,self,self.CO,sublevel,h0,0.75,3,3,0,
trajectory_000000:8428,self,self.CO,sublevel,h0,0.9,2,1,1,
trajectory_000000:8428,self,self.CO,sublevel,h1,0.1,88,4,84,
trajectory_000000:8428,self,self.CO,sublevel,h1,0.25,88,4,84,
trajectory_000000:8428,self,self.CO,sublevel,h1,0.5,0,0,0,
trajectory_000000:8428,self,self.CO,sublevel,h1,0.75,2,1,1,
trajectory_000000:8428,self,self.CO,sublevel,h1,0.9,7,1,6,
trajectory_000000:8428,self,self.T,sublevel,h0,0.1,1,12,11,
trajectory_000000:8428,self,self.T,sublevel,h0,0.25,1,13,12,
trajectory_000000:8428,self,self.T,sublevel,h0,0.5,1,1,0,
trajectory_000000:8428,self,self.T,sublevel,h0,0.75,2,1,1,
trajectory_000000:8428,self,self.T,sublevel,h0,0.9,1,1,0,
trajectory_000000:8428,self,self.T,sublevel,h1,0.1,0,0,0,
trajectory_000000:8428,self,self.T,sublevel,h1,0.25,0,0,0,
trajectory_000000:8428,self,self.T,sublevel,h1,0.5,0,0,0,
trajectory_000000:8428,self,self.T,sublevel,h1,0.75,1,0,1,
trajectory_000000:8428,self,self.T,sublevel,h1,0.9,2,1,1,
trajectory_000000:8428,mutual,mutual.CO+T,sublevel,h0,0.1,1,12,11,
trajectory_000000:8428,mutual,mutual.CO+T,sublevel,h0,0.25,1,13,12,
trajectory_000000:8428,mutual,mutual.CO+T,sublevel,h0,0.5,1,1,0,
trajectory_000000:8428,mutual,mutual.CO+T,sublevel,h0,0.75,11,3,8,
trajectory_000000:8428,mutual,mutual.CO+T,sublevel,h0,0.9,1,1,0,
trajectory_000000:8428,mutual,mutual.CO+T,sublevel,h1,0.1,0,0,0,
trajectory_000000:8428,mutual,mutual.CO+T,sublevel,h1,0.25,0,0,0,
trajectory_000000:8428,mutual,mutual.CO+T,sublevel,h1,0.5,0,0,0,
trajectory_000000:8428,mutual,mutual.CO+T,sublevel,h1,0.75,9,2,7,
trajectory_000000:8428,mutual,mutual.CO+T,sublevel,h1,0.9,10,3,7,
trajectory_000000:8428,mutual,mutual.CO+T,sublevel,h0,0.1,1,2,1,
trajectory_000000:8428,mutual,mutual.CO+T,sublevel,h0,0.25,1,2,1,
trajectory_000000:8428,mutual,mutual.CO+T,sublevel,h0,0.5,1,1,0,
trajectory_000000:8428,mutual,mutual.CO+T,sublevel,h0,0.75,11,3,8,
trajectory_000000:8428,mutual,mutual.CO+T,sublevel,h0,0.9,1,1,0,
trajectory_000000:8428,mutual,mutual.CO+T,sublevel,h1,0.1,0,4,4,
trajectory_000000:8428,mutual,mutual.CO+T,sublevel,h1,0.25,0,4,4,
trajectory_000000:8428,mutual,mutual.CO+T,sublevel,h1,0.5,0,0,0,
trajectory_000000:8428,mutual,mutual.CO+T,sublevel,h1,0.75,9,2,7,
trajectory_000000:8428,mutual,mutual.CO+T,sublevel,h1,0.9,10,3,7,
trajectory_000000:8428,mutual,mutual.CO+T,sublevel,h0,0.1,1,12,11,
trajectory_000000:8428,mutual,mutual.CO+T,sublevel,h0,0.25,1,13,12,
trajectory_000000:8428,mutual,mutual.CO+T,sublevel,h0,0.5,1,1,0,
trajectory_000000:8428,mutual,mutual.CO+T,sublevel,h0,0.75,3,3,0,
trajectory_000000:8428,mutual,mutual.CO+T,sublevel,h0,0.9,2,1,1,
trajectory_000000:8428,mutual,mutual.CO+T,sublevel,h1,0.1,0,0,0,
trajectory_000000:8428,mutual,mutual.CO+T,sublevel,h1,0.25,0,0,0,
trajectory_000000:8428,mutual,mutual.CO+T,sublevel,h1,0.5,0,0,0,
trajectory_000000:8428,mutual,mutual.CO+T,sublevel,h1,0.75,2,1,1,
trajectory_000000:8428,mutual,mutual.CO+T,sublevel,h1,0.9,7,1,6,
trajectory_000000:8428,self,self.CO,superlevel,h0,0.1,10,2,8,
trajectory_000000:8428,self,self.CO,superlevel,h0,0.25,4,2,2,
trajectory_000000:8428,self,self.CO,superlevel,h0,0.5,1,1,0,
trajectory_000000:8428,self,self.CO,superlevel,h0,0.75,1,7,6,
trajectory_000000:8428,self,self.CO,superlevel,h0,0.9,1,7,6,
trajectory_000000:8428,self,self.CO,superlevel,h1,0.1,0,0,0,
trajectory_000000:8428,self,self.CO,superlevel,h1,0.25,1,1,0,
trajectory_000000:8428,self,self.CO,superlevel,h1,0.5,0,0,0,
trajectory_000000:8428,self,self.CO,superlevel,h1,0.75,98,1,97,
trajectory_000000:8428,self,self.CO,superlevel,h1,0.9,98,1,97,
trajectory_000000:8428,self,self.T,superlevel,h0,0.1,4,1,3,
trajectory_000000:8428,self,self.T,superlevel,h0,0.25,3,1,2,
trajectory_000000:8428,self,self.T,superlevel,h0,0.5,1,1,0,
trajectory_000000:8428,self,self.T,superlevel,h0,0.75,1,2,1,
trajectory_000000:8428,self,self.T,superlevel,h0,0.9,2,1,1,
trajectory_000000:8428,self,self.T,superlevel,h1,0.1,0,0,0,
trajectory_000000:8428,self,self.T,superlevel,h1,0.25,1,0,1,
trajectory_000000:8428,self,self.T,superlevel,h1,0.5,0,0,0,
trajectory_000000:8428,self,self.T,superlevel,h1,0.75,0,4,4,
trajectory_000000:8428,self,self.T,superlevel,h1,0.9,0,5,5,
trajectory_000000:8428,mutual,mutual.CO+T,superlevel,h0,0.1,7,1,6,
trajectory_000000:8428,mutual,mutual.CO+T,superlevel,h0,0.25,4,1,3,
trajectory_000000:8428,mutual,mutual.CO+T,superlevel,h0,0.5,1,1,0,
trajectory_000000:8428,mutual,mutual.CO+T,superlevel,h0,0.75,1,2,1,
trajectory_000000:8428,mutual,mutual.CO+T,superlevel,h0,0.9,2,1,1,
trajectory_000000:8428,mutual,mutual.CO+T,superlevel,h1,0.1,1,0,1,
trajectory_000000:8428,mutual,mutual.CO+T,superlevel,h1,0.25,1,0,1,
trajectory_000000:8428,mutual,mutual.CO+T,superlevel,h1,0.5,0,0,0,
trajectory_000000:8428,mutual,mutual.CO+T,superlevel,h1,0.75,0,4,4,
trajectory_000000:8428,mutual,mutual.CO+T,superlevel,h1,0.9,0,5,5,
trajectory_000000:8428,mutual,mutual.CO+T,superlevel,h0,0.1,14,9,5,
trajectory_000000:8428,mutual,mutual.CO+T,superlevel,h0,0.25,5,2,3,
trajectory_000000:8428,mutual,mutual.CO+T,superlevel,h0,0.5,1,1,0,
trajectory_000000:8428,mutual,mutual.CO+T,superlevel,h0,0.75,1,2,1,
trajectory_000000:8428,mutual,mutual.CO+T,superlevel,h0,0.9,2,1,1,
trajectory_000000:8428,mutual,mutual.CO+T,superlevel,h1,0.1,0,0,0,
trajectory_000000:8428,mutual,mutual.CO+T,superlevel,h1,0.25,1,2,1,
trajectory_000000:8428,mutual,mutual.CO+T,superlevel,h1,0.5,0,0,0,
trajectory_000000:8428,mutual,mutual.CO+T,superlevel,h1,0.75,0,4,4,
trajectory_000000:8428,mutual,mutual.CO+T,superlevel,h1,0.9,0,5,5,
trajectory_000000:8428,mutual,mutual.CO+T,superlevel,h0,0.1,12,12,0,
trajectory_000000:8428,mutual,mutual.CO+T,superlevel,h0,0.25,5,2,3,
trajectory_000000:8428,mutual,mutual.CO+T,superlevel,h0,0.5,1,1,0,
trajectory_000000:8428,mutual,mutual.CO+T,superlevel,h0,0.75,1,7,6,
trajectory_000000:8428,mutual,mutual.CO+T,superlevel,h0,0.9,1,7,6,
trajectory_000000:8428,mutual,mutual.CO+T,superlevel,h1,0.1,0,0,0,
trajectory_000000:8428,mutual,mutual.CO+T,superlevel,h1,0.25,1,3,2,
trajectory_000000:8428,mutual,mutual.CO+T,superlevel,h1,0.5,0,0,0,
trajectory_000000:8428,mutual,mutual.CO+T,superlevel,h1,0.75,98,1,97,
trajectory_000000:8428,mutual,mutual.CO+T,superlevel,h1,0.9,98,1,97,
trajectory_000000:8428,persistence_distance,topology.self.persistence,,,,,,,0.006216909736394882
trajectory_000000:8428,persistence_distance,topology.mutual.persistence,,,,,,,0.0018101526657119393
trajectory_000000:8428,persistence_distance,topology.component_weighted_total_before_outer_family_weight,,,,,,,0.008027062751352787
trajectory_000000:8428,dimension_distance_diagnostic,topology.self.CO.h0,,,,,,,0.02235865779221058
trajectory_000000:8428,dimension_distance_diagnostic,topology.self.CO.h1,,,,,,,0.0009191473945975304
trajectory_000000:8428,dimension_distance_diagnostic,topology.self.T.h0,,,,,,,0.001521051162853837
trajectory_000000:8428,dimension_distance_diagnostic,topology.self.T.h1,,,,,,,6.877994019305333e-05
trajectory_000000:8428,dimension_distance_diagnostic,topology.mutual.CO+T.h0,,,,,,,0.0028752151411026716
trajectory_000000:8428,dimension_distance_diagnostic,topology.mutual.CO+T.h1,,,,,,,0.000745090248528868
trajectory_000000:8444,self,self.CO,sublevel,h0,0.1,2,9,7,
trajectory_000000:8444,self,self.CO,sublevel,h0,0.25,2,9,7,
trajectory_000000:8444,self,self.CO,sublevel,h0,0.5,1,1,0,
trajectory_000000:8444,self,self.CO,sublevel,h0,0.75,4,3,1,
trajectory_000000:8444,self,self.CO,sublevel,h0,0.9,3,3,0,
trajectory_000000:8444,self,self.CO,sublevel,h1,0.1,95,1,94,
trajectory_000000:8444,self,self.CO,sublevel,h1,0.25,95,1,94,
trajectory_000000:8444,self,self.CO,sublevel,h1,0.5,0,0,0,
trajectory_000000:8444,self,self.CO,sublevel,h1,0.75,0,1,1,
trajectory_000000:8444,self,self.CO,sublevel,h1,0.9,10,1,9,
trajectory_000000:8444,self,self.T,sublevel,h0,0.1,7,4,3,
trajectory_000000:8444,self,self.T,sublevel,h0,0.25,2,7,5,
trajectory_000000:8444,self,self.T,sublevel,h0,0.5,1,2,1,
trajectory_000000:8444,self,self.T,sublevel,h0,0.75,2,2,0,
trajectory_000000:8444,self,self.T,sublevel,h0,0.9,1,1,0,
trajectory_000000:8444,self,self.T,sublevel,h1,0.1,0,0,0,
trajectory_000000:8444,self,self.T,sublevel,h1,0.25,0,0,0,
trajectory_000000:8444,self,self.T,sublevel,h1,0.5,0,0,0,
trajectory_000000:8444,self,self.T,sublevel,h1,0.75,3,1,2,
trajectory_000000:8444,self,self.T,sublevel,h1,0.9,1,3,2,
trajectory_000000:8444,mutual,mutual.CO+T,sublevel,h0,0.1,7,4,3,
trajectory_000000:8444,mutual,mutual.CO+T,sublevel,h0,0.25,2,7,5,
trajectory_000000:8444,mutual,mutual.CO+T,sublevel,h0,0.5,1,2,1,
trajectory_000000:8444,mutual,mutual.CO+T,sublevel,h0,0.75,11,13,2,
trajectory_000000:8444,mutual,mutual.CO+T,sublevel,h0,0.9,3,3,0,
trajectory_000000:8444,mutual,mutual.CO+T,sublevel,h1,0.1,0,0,0,
trajectory_000000:8444,mutual,mutual.CO+T,sublevel,h1,0.25,0,0,0,
trajectory_000000:8444,mutual,mutual.CO+T,sublevel,h1,0.5,0,0,0,
trajectory_000000:8444,mutual,mutual.CO+T,sublevel,h1,0.75,7,3,4,
trajectory_000000:8444,mutual,mutual.CO+T,sublevel,h1,0.9,12,1,11,
trajectory_000000:8444,mutual,mutual.CO+T,sublevel,h0,0.1,1,9,8,
trajectory_000000:8444,mutual,mutual.CO+T,sublevel,h0,0.25,1,9,8,
trajectory_000000:8444,mutual,mutual.CO+T,sublevel,h0,0.5,1,1,0,
trajectory_000000:8444,mutual,mutual.CO+T,sublevel,h0,0.75,12,12,0,
trajectory_000000:8444,mutual,mutual.CO+T,sublevel,h0,0.9,4,3,1,
trajectory_000000:8444,mutual,mutual.CO+T,sublevel,h1,0.1,1,1,0,
trajectory_000000:8444,mutual,mutual.CO+T,sublevel,h1,0.25,1,1,0,
trajectory_000000:8444,mutual,mutual.CO+T,sublevel,h1,0.5,0,0,0,
trajectory_000000:8444,mutual,mutual.CO+T,sublevel,h1,0.75,7,3,4,
trajectory_000000:8444,mutual,mutual.CO+T,sublevel,h1,0.9,10,1,9,
trajectory_000000:8444,mutual,mutual.CO+T,sublevel,h0,0.1,7,4,3,
trajectory_000000:8444,mutual,mutual.CO+T,sublevel,h0,0.25,2,7,5,
trajectory_000000:8444,mutual,mutual.CO+T,sublevel,h0,0.5,1,1,0,
trajectory_000000:8444,mutual,mutual.CO+T,sublevel,h0,0.75,4,3,1,
trajectory_000000:8444,mutual,mutual.CO+T,sublevel,h0,0.9,3,3,0,
trajectory_000000:8444,mutual,mutual.CO+T,sublevel,h1,0.1,0,0,0,
trajectory_000000:8444,mutual,mutual.CO+T,sublevel,h1,0.25,0,0,0,
trajectory_000000:8444,mutual,mutual.CO+T,sublevel,h1,0.5,0,0,0,
trajectory_000000:8444,mutual,mutual.CO+T,sublevel,h1,0.75,0,1,1,
trajectory_000000:8444,mutual,mutual.CO+T,sublevel,h1,0.9,10,1,9,
trajectory_000000:8444,self,self.CO,superlevel,h0,0.1,14,3,11,
trajectory_000000:8444,self,self.CO,superlevel,h0,0.25,3,2,1,
trajectory_000000:8444,self,self.CO,superlevel,h0,0.5,1,1,0,
trajectory_000000:8444,self,self.CO,superlevel,h0,0.75,1,4,3,
trajectory_000000:8444,self,self.CO,superlevel,h0,0.9,1,4,3,
trajectory_000000:8444,self,self.CO,superlevel,h1,0.1,1,0,1,
trajectory_000000:8444,self,self.CO,superlevel,h1,0.25,3,2,1,
trajectory_000000:8444,self,self.CO,superlevel,h1,0.5,0,0,0,
trajectory_000000:8444,self,self.CO,superlevel,h1,0.75,105,4,101,
trajectory_000000:8444,self,self.CO,superlevel,h1,0.9,105,4,101,
trajectory_000000:8444,self,self.T,superlevel,h0,0.1,1,3,2,
trajectory_000000:8444,self,self.T,superlevel,h0,0.25,4,2,2,
trajectory_000000:8444,self,self.T,superlevel,h0,0.5,1,7,6,
trajectory_000000:8444,self,self.T,superlevel,h0,0.75,1,1,0,
trajectory_000000:8444,self,self.T,superlevel,h0,0.9,1,1,0,
trajectory_000000:8444,self,self.T,superlevel,h1,0.1,0,0,0,
trajectory_000000:8444,self,self.T,superlevel,h1,0.25,0,1,1,
trajectory_000000:8444,self,self.T,superlevel,h1,0.5,0,1,1,
trajectory_000000:8444,self,self.T,superlevel,h1,0.75,0,1,1,
trajectory_000000:8444,self,self.T,superlevel,h1,0.9,3,2,1,
trajectory_000000:8444,mutual,mutual.CO+T,superlevel,h0,0.1,1,6,5,
trajectory_000000:8444,mutual,mutual.CO+T,superlevel,h0,0.25,3,2,1,
trajectory_000000:8444,mutual,mutual.CO+T,superlevel,h0,0.5,1,7,6,
trajectory_000000:8444,mutual,mutual.CO+T,superlevel,h0,0.75,1,1,0,
trajectory_000000:8444,mutual,mutual.CO+T,superlevel,h0,0.9,1,1,0,
trajectory_000000:8444,mutual,mutual.CO+T,superlevel,h1,0.1,1,0,1,
trajectory_000000:8444,mutual,mutual.CO+T,superlevel,h1,0.25,1,2,1,
trajectory_000000:8444,mutual,mutual.CO+T,superlevel,h1,0.5,0,1,1,
trajectory_000000:8444,mutual,mutual.CO+T,superlevel,h1,0.75,0,1,1,
trajectory_000000:8444,mutual,mutual.CO+T,superlevel,h1,0.9,3,2,1,
trajectory_000000:8444,mutual,mutual.CO+T,superlevel,h0,0.1,15,6,9,
trajectory_000000:8444,mutual,mutual.CO+T,superlevel,h0,0.25,7,1,6,
trajectory_000000:8444,mutual,mutual.CO+T,superlevel,h0,0.5,1,7,6,
trajectory_000000:8444,mutual,mutual.CO+T,superlevel,h0,0.75,1,1,0,
trajectory_000000:8444,mutual,mutual.CO+T,superlevel,h0,0.9,1,1,0,
trajectory_000000:8444,mutual,mutual.CO+T,superlevel,h1,0.1,0,2,2,
trajectory_000000:8444,mutual,mutual.CO+T,superlevel,h1,0.25,2,1,1,
trajectory_000000:8444,mutual,mutual.CO+T,superlevel,h1,0.5,0,1,1,
trajectory_000000:8444,mutual,mutual.CO+T,superlevel,h1,0.75,0,1,1,
trajectory_000000:8444,mutual,mutual.CO+T,superlevel,h1,0.9,3,2,1,
trajectory_000000:8444,mutual,mutual.CO+T,superlevel,h0,0.1,10,3,7,
trajectory_000000:8444,mutual,mutual.CO+T,superlevel,h0,0.25,7,1,6,
trajectory_000000:8444,mutual,mutual.CO+T,superlevel,h0,0.5,1,1,0,
trajectory_000000:8444,mutual,mutual.CO+T,superlevel,h0,0.75,1,4,3,
trajectory_000000:8444,mutual,mutual.CO+T,superlevel,h0,0.9,1,4,3,
trajectory_000000:8444,mutual,mutual.CO+T,superlevel,h1,0.1,0,0,0,
trajectory_000000:8444,mutual,mutual.CO+T,superlevel,h1,0.25,2,1,1,
trajectory_000000:8444,mutual,mutual.CO+T,superlevel,h1,0.5,0,0,0,
trajectory_000000:8444,mutual,mutual.CO+T,superlevel,h1,0.75,105,4,101,
trajectory_000000:8444,mutual,mutual.CO+T,superlevel,h1,0.9,105,4,101,
trajectory_000000:8444,persistence_distance,topology.self.persistence,,,,,,,0.008695336990058422
trajectory_000000:8444,persistence_distance,topology.mutual.persistence,,,,,,,0.001673321588896215
trajectory_000000:8444,persistence_distance,topology.component_weighted_total_before_outer_family_weight,,,,,,,0.010368658229708672
trajectory_000000:8444,dimension_distance_diagnostic,topology.self.CO.h0,,,,,,,0.03025699220597744
trajectory_000000:8444,dimension_distance_diagnostic,topology.self.CO.h1,,,,,,,0.0010685004526749253
trajectory_000000:8444,dimension_distance_diagnostic,topology.self.T.h0,,,,,,,0.0032762312330305576
trajectory_000000:8444,dimension_distance_diagnostic,topology.self.T.h1,,,,,,,0.0001796221622498706
trajectory_000000:8444,dimension_distance_diagnostic,topology.mutual.CO+T.h0,,,,,,,0.002439734525978565
trajectory_000000:8444,dimension_distance_diagnostic,topology.mutual.CO+T.h1,,,,,,,0.0009069088264368474
trajectory_000000:8459,self,self.CO,sublevel,h0,0.1,5,9,4,
trajectory_000000:8459,self,self.CO,sublevel,h0,0.25,5,9,4,
trajectory_000000:8459,self,self.CO,sublevel,h0,0.5,1,1,0,
trajectory_000000:8459,self,self.CO,sublevel,h0,0.75,4,3,1,
trajectory_000000:8459,self,self.CO,sublevel,h0,0.9,1,4,3,
trajectory_000000:8459,self,self.CO,sublevel,h1,0.1,88,1,87,
trajectory_000000:8459,self,self.CO,sublevel,h1,0.25,88,1,87,
trajectory_000000:8459,self,self.CO,sublevel,h1,0.5,0,0,0,
trajectory_000000:8459,self,self.CO,sublevel,h1,0.75,1,1,0,
trajectory_000000:8459,self,self.CO,sublevel,h1,0.9,5,1,4,
trajectory_000000:8459,self,self.T,sublevel,h0,0.1,6,4,2,
trajectory_000000:8459,self,self.T,sublevel,h0,0.25,4,9,5,
trajectory_000000:8459,self,self.T,sublevel,h0,0.5,2,2,0,
trajectory_000000:8459,self,self.T,sublevel,h0,0.75,1,1,0,
trajectory_000000:8459,self,self.T,sublevel,h0,0.9,2,2,0,
trajectory_000000:8459,self,self.T,sublevel,h1,0.1,1,0,1,
trajectory_000000:8459,self,self.T,sublevel,h1,0.25,0,0,0,
trajectory_000000:8459,self,self.T,sublevel,h1,0.5,0,0,0,
trajectory_000000:8459,self,self.T,sublevel,h1,0.75,0,0,0,
trajectory_000000:8459,self,self.T,sublevel,h1,0.9,0,2,2,
trajectory_000000:8459,mutual,mutual.CO+T,sublevel,h0,0.1,6,4,2,
trajectory_000000:8459,mutual,mutual.CO+T,sublevel,h0,0.25,4,9,5,
trajectory_000000:8459,mutual,mutual.CO+T,sublevel,h0,0.5,2,2,0,
trajectory_000000:8459,mutual,mutual.CO+T,sublevel,h0,0.75,5,5,0,
trajectory_000000:8459,mutual,mutual.CO+T,sublevel,h0,0.9,1,3,2,
trajectory_000000:8459,mutual,mutual.CO+T,sublevel,h1,0.1,1,0,1,
trajectory_000000:8459,mutual,mutual.CO+T,sublevel,h1,0.25,0,0,0,
trajectory_000000:8459,mutual,mutual.CO+T,sublevel,h1,0.5,0,0,0,
trajectory_000000:8459,mutual,mutual.CO+T,sublevel,h1,0.75,4,1,3,
trajectory_000000:8459,mutual,mutual.CO+T,sublevel,h1,0.9,9,4,5,
trajectory_000000:8459,mutual,mutual.CO+T,sublevel,h0,0.1,5,9,4,
trajectory_000000:8459,mutual,mutual.CO+T,sublevel,h0,0.25,5,9,4,
trajectory_000000:8459,mutual,mutual.CO+T,sublevel,h0,0.5,1,1,0,
trajectory_000000:8459,mutual,mutual.CO+T,sublevel,h0,0.75,5,5,0,
trajectory_000000:8459,mutual,mutual.CO+T,sublevel,h0,0.9,1,3,2,
trajectory_000000:8459,mutual,mutual.CO+T,sublevel,h1,0.1,88,1,87,
trajectory_000000:8459,mutual,mutual.CO+T,sublevel,h1,0.25,88,1,87,
trajectory_000000:8459,mutual,mutual.CO+T,sublevel,h1,0.5,0,0,0,
trajectory_000000:8459,mutual,mutual.CO+T,sublevel,h1,0.75,4,1,3,
trajectory_000000:8459,mutual,mutual.CO+T,sublevel,h1,0.9,8,3,5,
trajectory_000000:8459,mutual,mutual.CO+T,sublevel,h0,0.1,6,4,2,
trajectory_000000:8459,mutual,mutual.CO+T,sublevel,h0,0.25,4,9,5,
trajectory_000000:8459,mutual,mutual.CO+T,sublevel,h0,0.5,1,1,0,
trajectory_000000:8459,mutual,mutual.CO+T,sublevel,h0,0.75,4,3,1,
trajectory_000000:8459,mutual,mutual.CO+T,sublevel,h0,0.9,1,4,3,
trajectory_000000:8459,mutual,mutual.CO+T,sublevel,h1,0.1,1,0,1,
trajectory_000000:8459,mutual,mutual.CO+T,sublevel,h1,0.25,0,0,0,
trajectory_000000:8459,mutual,mutual.CO+T,sublevel,h1,0.5,0,0,0,
trajectory_000000:8459,mutual,mutual.CO+T,sublevel,h1,0.75,1,1,0,
trajectory_000000:8459,mutual,mutual.CO+T,sublevel,h1,0.9,5,1,4,
trajectory_000000:8459,self,self.CO,superlevel,h0,0.1,9,2,7,
trajectory_000000:8459,self,self.CO,superlevel,h0,0.25,5,2,3,
trajectory_000000:8459,self,self.CO,superlevel,h0,0.5,1,1,0,
trajectory_000000:8459,self,self.CO,superlevel,h0,0.75,1,8,7,
trajectory_000000:8459,self,self.CO,superlevel,h0,0.9,1,8,7,
trajectory_000000:8459,self,self.CO,superlevel,h1,0.1,0,2,2,
trajectory_000000:8459,self,self.CO,superlevel,h1,0.25,1,2,1,
trajectory_000000:8459,self,self.CO,superlevel,h1,0.5,0,0,0,
trajectory_000000:8459,self,self.CO,superlevel,h1,0.75,96,2,94,
trajectory_000000:8459,self,self.CO,superlevel,h1,0.9,96,2,94,
trajectory_000000:8459,self,self.T,superlevel,h0,0.1,2,5,3,
trajectory_000000:8459,self,self.T,superlevel,h0,0.25,1,1,0,
trajectory_000000:8459,self,self.T,superlevel,h0,0.5,1,1,0,
trajectory_000000:8459,self,self.T,superlevel,h0,0.75,2,1,1,
trajectory_000000:8459,self,self.T,superlevel,h0,0.9,2,1,1,
trajectory_000000:8459,self,self.T,superlevel,h1,0.1,1,0,1,
trajectory_000000:8459,self,self.T,superlevel,h1,0.25,0,0,0,
trajectory_000000:8459,self,self.T,superlevel,h1,0.5,0,1,1,
trajectory_000000:8459,self,self.T,superlevel,h1,0.75,2,4,2,
trajectory_000000:8459,self,self.T,superlevel,h1,0.9,5,0,5,
trajectory_000000:8459,mutual,mutual.CO+T,superlevel,h0,0.1,2,5,3,
trajectory_000000:8459,mutual,mutual.CO+T,superlevel,h0,0.25,1,1,0,
trajectory_000000:8459,mutual,mutual.CO+T,superlevel,h0,0.5,1,1,0,
trajectory_000000:8459,mutual,mutual.CO+T,superlevel,h0,0.75,2,1,1,
trajectory_000000:8459,mutual,mutual.CO+T,superlevel,h0,0.9,2,1,1,
trajectory_000000:8459,mutual,mutual.CO+T,superlevel,h1,0.1,1,0,1,
trajectory_000000:8459,mutual,mutual.CO+T,superlevel,h1,0.25,0,0,0,
trajectory_000000:8459,mutual,mutual.CO+T,superlevel,h1,0.5,0,1,1,
trajectory_000000:8459,mutual,mutual.CO+T,superlevel,h1,0.75,2,4,2,
trajectory_000000:8459,mutual,mutual.CO+T,superlevel,h1,0.9,5,0,5,
trajectory_000000:8459,mutual,mutual.CO+T,superlevel,h0,0.1,8,5,3,
trajectory_000000:8459,mutual,mutual.CO+T,superlevel,h0,0.25,3,4,1,
trajectory_000000:8459,mutual,mutual.CO+T,superlevel,h0,0.5,1,1,0,
trajectory_000000:8459,mutual,mutual.CO+T,superlevel,h0,0.75,2,1,1,
trajectory_000000:8459,mutual,mutual.CO+T,superlevel,h0,0.9,2,1,1,
trajectory_000000:8459,mutual,mutual.CO+T,superlevel,h1,0.1,0,0,0,
trajectory_000000:8459,mutual,mutual.CO+T,superlevel,h1,0.25,2,0,2,
trajectory_000000:8459,mutual,mutual.CO+T,superlevel,h1,0.5,0,1,1,
trajectory_000000:8459,mutual,mutual.CO+T,superlevel,h1,0.75,2,4,2,
trajectory_000000:8459,mutual,mutual.CO+T,superlevel,h1,0.9,5,0,5,
trajectory_000000:8459,mutual,mutual.CO+T,superlevel,h0,0.1,4,7,3,
trajectory_000000:8459,mutual,mutual.CO+T,superlevel,h0,0.25,5,5,0,
trajectory_000000:8459,mutual,mutual.CO+T,superlevel,h0,0.5,1,1,0,
trajectory_000000:8459,mutual,mutual.CO+T,superlevel,h0,0.75,1,8,7,
trajectory_000000:8459,mutual,mutual.CO+T,superlevel,h0,0.9,1,8,7,
trajectory_000000:8459,mutual,mutual.CO+T,superlevel,h1,0.1,0,0,0,
trajectory_000000:8459,mutual,mutual.CO+T,superlevel,h1,0.25,1,1,0,
trajectory_000000:8459,mutual,mutual.CO+T,superlevel,h1,0.5,0,0,0,
trajectory_000000:8459,mutual,mutual.CO+T,superlevel,h1,0.75,96,2,94,
trajectory_000000:8459,mutual,mutual.CO+T,superlevel,h1,0.9,96,2,94,
trajectory_000000:8459,persistence_distance,topology.self.persistence,,,,,,,0.013056828640401363
trajectory_000000:8459,persistence_distance,topology.mutual.persistence,,,,,,,0.0015763669507578015
trajectory_000000:8459,persistence_distance,topology.component_weighted_total_before_outer_family_weight,,,,,,,0.014633195474743843
trajectory_000000:8459,dimension_distance_diagnostic,topology.self.CO.h0,,,,,,,0.04852087423205376
trajectory_000000:8459,dimension_distance_diagnostic,topology.self.CO.h1,,,,,,,0.0012086514616385102
trajectory_000000:8459,dimension_distance_diagnostic,topology.self.T.h0,,,,,,,0.002446947153657675
trajectory_000000:8459,dimension_distance_diagnostic,topology.self.T.h1,,,,,,,5.084467557026073e-05
trajectory_000000:8459,dimension_distance_diagnostic,topology.mutual.CO+T.h0,,,,,,,0.0021026653703302145
trajectory_000000:8459,dimension_distance_diagnostic,topology.mutual.CO+T.h1,,,,,,,0.0010500687640160322
trajectory_000000:8475,self,self.CO,sublevel,h0,0.1,1,6,5,
trajectory_000000:8475,self,self.CO,sublevel,h0,0.25,1,6,5,
trajectory_000000:8475,self,self.CO,sublevel,h0,0.5,1,1,0,
trajectory_000000:8475,self,self.CO,sublevel,h0,0.75,2,1,1,
trajectory_000000:8475,self,self.CO,sublevel,h0,0.9,1,1,0,
trajectory_000000:8475,self,self.CO,sublevel,h1,0.1,1,1,0,
trajectory_000000:8475,self,self.CO,sublevel,h1,0.25,1,1,0,
trajectory_000000:8475,self,self.CO,sublevel,h1,0.5,0,0,0,
trajectory_000000:8475,self,self.CO,sublevel,h1,0.75,1,2,1,
trajectory_000000:8475,self,self.CO,sublevel,h1,0.9,2,6,4,
trajectory_000000:8475,self,self.T,sublevel,h0,0.1,1,12,11,
trajectory_000000:8475,self,self.T,sublevel,h0,0.25,3,3,0,
trajectory_000000:8475,self,self.T,sublevel,h0,0.5,1,1,0,
trajectory_000000:8475,self,self.T,sublevel,h0,0.75,2,1,1,
trajectory_000000:8475,self,self.T,sublevel,h0,0.9,1,1,0,
trajectory_000000:8475,self,self.T,sublevel,h1,0.1,0,1,1,
trajectory_000000:8475,self,self.T,sublevel,h1,0.25,0,0,0,
trajectory_000000:8475,self,self.T,sublevel,h1,0.5,0,1,1,
trajectory_000000:8475,self,self.T,sublevel,h1,0.75,3,0,3,
trajectory_000000:8475,self,self.T,sublevel,h1,0.9,1,3,2,
trajectory_000000:8475,mutual,mutual.CO+T,sublevel,h0,0.1,1,12,11,
trajectory_000000:8475,mutual,mutual.CO+T,sublevel,h0,0.25,3,3,0,
trajectory_000000:8475,mutual,mutual.CO+T,sublevel,h0,0.5,1,1,0,
trajectory_000000:8475,mutual,mutual.CO+T,sublevel,h0,0.75,17,3,14,
trajectory_000000:8475,mutual,mutual.CO+T,sublevel,h0,0.9,2,1,1,
trajectory_000000:8475,mutual,mutual.CO+T,sublevel,h1,0.1,0,1,1,
trajectory_000000:8475,mutual,mutual.CO+T,sublevel,h1,0.25,0,0,0,
trajectory_000000:8475,mutual,mutual.CO+T,sublevel,h1,0.5,0,1,1,
trajectory_000000:8475,mutual,mutual.CO+T,sublevel,h1,0.75,2,8,6,
trajectory_000000:8475,mutual,mutual.CO+T,sublevel,h1,0.9,5,6,1,
trajectory_000000:8475,mutual,mutual.CO+T,sublevel,h0,0.1,1,6,5,
trajectory_000000:8475,mutual,mutual.CO+T,sublevel,h0,0.25,1,6,5,
trajectory_000000:8475,mutual,mutual.CO+T,sublevel,h0,0.5,1,1,0,
trajectory_000000:8475,mutual,mutual.CO+T,sublevel,h0,0.75,18,3,15,
trajectory_000000:8475,mutual,mutual.CO+T,sublevel,h0,0.9,1,1,0,
trajectory_000000:8475,mutual,mutual.CO+T,sublevel,h1,0.1,1,1,0,
trajectory_000000:8475,mutual,mutual.CO+T,sublevel,h1,0.25,1,1,0,
trajectory_000000:8475,mutual,mutual.CO+T,sublevel,h1,0.5,0,0,0,
trajectory_000000:8475,mutual,mutual.CO+T,sublevel,h1,0.75,2,8,6,
trajectory_000000:8475,mutual,mutual.CO+T,sublevel,h1,0.9,5,7,2,
trajectory_000000:8475,mutual,mutual.CO+T,sublevel,h0,0.1,1,12,11,
trajectory_000000:8475,mutual,mutual.CO+T,sublevel,h0,0.25,3,3,0,
trajectory_000000:8475,mutual,mutual.CO+T,sublevel,h0,0.5,1,1,0,
trajectory_000000:8475,mutual,mutual.CO+T,sublevel,h0,0.75,2,1,1,
trajectory_000000:8475,mutual,mutual.CO+T,sublevel,h0,0.9,1,1,0,
trajectory_000000:8475,mutual,mutual.CO+T,sublevel,h1,0.1,0,1,1,
trajectory_000000:8475,mutual,mutual.CO+T,sublevel,h1,0.25,0,0,0,
trajectory_000000:8475,mutual,mutual.CO+T,sublevel,h1,0.5,0,0,0,
trajectory_000000:8475,mutual,mutual.CO+T,sublevel,h1,0.75,1,2,1,
trajectory_000000:8475,mutual,mutual.CO+T,sublevel,h1,0.9,2,6,4,
trajectory_000000:8475,self,self.CO,superlevel,h0,0.1,4,11,7,
trajectory_000000:8475,self,self.CO,superlevel,h0,0.25,4,4,0,
trajectory_000000:8475,self,self.CO,superlevel,h0,0.5,1,3,2,
trajectory_000000:8475,self,self.CO,superlevel,h0,0.75,1,7,6,
trajectory_000000:8475,self,self.CO,superlevel,h0,0.9,1,7,6,
trajectory_000000:8475,self,self.CO,superlevel,h1,0.1,0,0,0,
trajectory_000000:8475,self,self.CO,superlevel,h1,0.25,0,0,0,
trajectory_000000:8475,self,self.CO,superlevel,h1,0.5,0,0,0,
trajectory_000000:8475,self,self.CO,superlevel,h1,0.75,106,3,103,
trajectory_000000:8475,self,self.CO,superlevel,h1,0.9,106,3,103,
trajectory_000000:8475,self,self.T,superlevel,h0,0.1,1,4,3,
trajectory_000000:8475,self,self.T,superlevel,h0,0.25,5,1,4,
trajectory_000000:8475,self,self.T,superlevel,h0,0.5,1,4,3,
trajectory_000000:8475,self,self.T,superlevel,h0,0.75,1,4,3,
trajectory_000000:8475,self,self.T,superlevel,h0,0.9,1,2,1,
trajectory_000000:8475,self,self.T,superlevel,h1,0.1,0,0,0,
trajectory_000000:8475,self,self.T,superlevel,h1,0.25,0,0,0,
trajectory_000000:8475,self,self.T,superlevel,h1,0.5,0,0,0,
trajectory_000000:8475,self,self.T,superlevel,h1,0.75,1,0,1,
trajectory_000000:8475,self,self.T,superlevel,h1,0.9,0,3,3,
trajectory_000000:8475,mutual,mutual.CO+T,superlevel,h0,0.1,4,3,1,
trajectory_000000:8475,mutual,mutual.CO+T,superlevel,h0,0.25,5,2,3,
trajectory_000000:8475,mutual,mutual.CO+T,superlevel,h0,0.5,1,4,3,
trajectory_000000:8475,mutual,mutual.CO+T,superlevel,h0,0.75,1,4,3,
trajectory_000000:8475,mutual,mutual.CO+T,superlevel,h0,0.9,1,2,1,
trajectory_000000:8475,mutual,mutual.CO+T,superlevel,h1,0.1,0,0,0,
trajectory_000000:8475,mutual,mutual.CO+T,superlevel,h1,0.25,0,0,0,
trajectory_000000:8475,mutual,mutual.CO+T,superlevel,h1,0.5,0,0,0,
trajectory_000000:8475,mutual,mutual.CO+T,superlevel,h1,0.75,1,0,1,
trajectory_000000:8475,mutual,mutual.CO+T,superlevel,h1,0.9,0,3,3,
trajectory_000000:8475,mutual,mutual.CO+T,superlevel,h0,0.1,11,11,0,
trajectory_000000:8475,mutual,mutual.CO+T,superlevel,h0,0.25,5,3,2,
trajectory_000000:8475,mutual,mutual.CO+T,superlevel,h0,0.5,1,4,3,
trajectory_000000:8475,mutual,mutual.CO+T,superlevel,h0,0.75,1,4,3,
trajectory_000000:8475,mutual,mutual.CO+T,superlevel,h0,0.9,1,2,1,
trajectory_000000:8475,mutual,mutual.CO+T,superlevel,h1,0.1,0,0,0,
trajectory_000000:8475,mutual,mutual.CO+T,superlevel,h1,0.25,1,1,0,
trajectory_000000:8475,mutual,mutual.CO+T,superlevel,h1,0.5,0,0,0,
trajectory_000000:8475,mutual,mutual.CO+T,superlevel,h1,0.75,1,0,1,
trajectory_000000:8475,mutual,mutual.CO+T,superlevel,h1,0.9,0,3,3,
trajectory_000000:8475,mutual,mutual.CO+T,superlevel,h0,0.1,8,5,3,
trajectory_000000:8475,mutual,mutual.CO+T,superlevel,h0,0.25,5,6,1,
trajectory_000000:8475,mutual,mutual.CO+T,superlevel,h0,0.5,1,3,2,
trajectory_000000:8475,mutual,mutual.CO+T,superlevel,h0,0.75,1,7,6,
trajectory_000000:8475,mutual,mutual.CO+T,superlevel,h0,0.9,1,7,6,
trajectory_000000:8475,mutual,mutual.CO+T,superlevel,h1,0.1,1,0,1,
trajectory_000000:8475,mutual,mutual.CO+T,superlevel,h1,0.25,1,1,0,
trajectory_000000:8475,mutual,mutual.CO+T,superlevel,h1,0.5,0,0,0,
trajectory_000000:8475,mutual,mutual.CO+T,superlevel,h1,0.75,106,3,103,
trajectory_000000:8475,mutual,mutual.CO+T,superlevel,h1,0.9,106,3,103,
trajectory_000000:8475,persistence_distance,topology.self.persistence,,,,,,,0.015078316442668438
trajectory_000000:8475,persistence_distance,topology.mutual.persistence,,,,,,,0.0019234552746638656
trajectory_000000:8475,persistence_distance,topology.component_weighted_total_before_outer_family_weight,,,,,,,0.017001772299408913
trajectory_000000:8475,dimension_distance_diagnostic,topology.self.CO.h0,,,,,,,0.057374440133571625
trajectory_000000:8475,dimension_distance_diagnostic,topology.self.CO.h1,,,,,,,0.001242856145836413
trajectory_000000:8475,dimension_distance_diagnostic,topology.self.T.h0,,,,,,,0.0015999919269233942
trajectory_000000:8475,dimension_distance_diagnostic,topology.self.T.h1,,,,,,,9.597712778486311e-05
trajectory_000000:8475,dimension_distance_diagnostic,topology.mutual.CO+T.h0,,,,,,,0.0026498499792069197
trajectory_000000:8475,dimension_distance_diagnostic,topology.mutual.CO+T.h1,,,,,,,0.001197060220874846
trajectory_000000:8491,self,self.CO,sublevel,h0,0.1,5,5,0,
trajectory_000000:8491,self,self.CO,sublevel,h0,0.25,5,5,0,
trajectory_000000:8491,self,self.CO,sublevel,h0,0.5,3,2,1,
trajectory_000000:8491,self,self.CO,sublevel,h0,0.75,8,5,3,
trajectory_000000:8491,self,self.CO,sublevel,h0,0.9,2,2,0,
trajectory_000000:8491,self,self.CO,sublevel,h1,0.1,84,0,84,
trajectory_000000:8491,self,self.CO,sublevel,h1,0.25,84,0,84,
trajectory_000000:8491,self,self.CO,sublevel,h1,0.5,0,0,0,
trajectory_000000:8491,self,self.CO,sublevel,h1,0.75,1,2,1,
trajectory_000000:8491,self,self.CO,sublevel,h1,0.9,3,0,3,
trajectory_000000:8491,self,self.T,sublevel,h0,0.1,2,2,0,
trajectory_000000:8491,self,self.T,sublevel,h0,0.25,2,4,2,
trajectory_000000:8491,self,self.T,sublevel,h0,0.5,1,1,0,
trajectory_000000:8491,self,self.T,sublevel,h0,0.75,1,1,0,
trajectory_000000:8491,self,self.T,sublevel,h0,0.9,2,1,1,
trajectory_000000:8491,self,self.T,sublevel,h1,0.1,0,2,2,
trajectory_000000:8491,self,self.T,sublevel,h1,0.25,0,0,0,
trajectory_000000:8491,self,self.T,sublevel,h1,0.5,0,0,0,
trajectory_000000:8491,self,self.T,sublevel,h1,0.75,1,1,0,
trajectory_000000:8491,self,self.T,sublevel,h1,0.9,4,2,2,
trajectory_000000:8491,mutual,mutual.CO+T,sublevel,h0,0.1,2,2,0,
trajectory_000000:8491,mutual,mutual.CO+T,sublevel,h0,0.25,2,4,2,
trajectory_000000:8491,mutual,mutual.CO+T,sublevel,h0,0.5,1,1,0,
trajectory_000000:8491,mutual,mutual.CO+T,sublevel,h0,0.75,13,2,11,
trajectory_000000:8491,mutual,mutual.CO+T,sublevel,h0,0.9,2,2,0,
trajectory_000000:8491,mutual,mutual.CO+T,sublevel,h1,0.1,0,2,2,
trajectory_000000:8491,mutual,mutual.CO+T,sublevel,h1,0.25,0,0,0,
trajectory_000000:8491,mutual,mutual.CO+T,sublevel,h1,0.5,0,0,0,
trajectory_000000:8491,mutual,mutual.CO+T,sublevel,h1,0.75,1,6,5,
trajectory_000000:8491,mutual,mutual.CO+T,sublevel,h1,0.9,3,0,3,
trajectory_000000:8491,mutual,mutual.CO+T,sublevel,h0,0.1,5,5,0,
trajectory_000000:8491,mutual,mutual.CO+T,sublevel,h0,0.25,5,5,0,
trajectory_000000:8491,mutual,mutual.CO+T,sublevel,h0,0.5,1,2,1,
trajectory_000000:8491,mutual,mutual.CO+T,sublevel,h0,0.75,13,2,11,
trajectory_000000:8491,mutual,mutual.CO+T,sublevel,h0,0.9,2,2,0,
trajectory_000000:8491,mutual,mutual.CO+T,sublevel,h1,0.1,84,0,84,
trajectory_000000:8491,mutual,mutual.CO+T,sublevel,h1,0.25,84,0,84,
trajectory_000000:8491,mutual,mutual.CO+T,sublevel,h1,0.5,0,0,0,
trajectory_000000:8491,mutual,mutual.CO+T,sublevel,h1,0.75,2,6,4,
trajectory_000000:8491,mutual,mutual.CO+T,sublevel,h1,0.9,3,0,3,
trajectory_000000:8491,mutual,mutual.CO+T,sublevel,h0,0.1,2,2,0,
trajectory_000000:8491,mutual,mutual.CO+T,sublevel,h0,0.25,2,4,2,
trajectory_000000:8491,mutual,mutual.CO+T,sublevel,h0,0.5,1,3,2,
trajectory_000000:8491,mutual,mutual.CO+T,sublevel,h0,0.75,8,5,3,
trajectory_000000:8491,mutual,mutual.CO+T,sublevel,h0,0.9,2,2,0,
trajectory_000000:8491,mutual,mutual.CO+T,sublevel,h1,0.1,0,2,2,
trajectory_000000:8491,mutual,mutual.CO+T,sublevel,h1,0.25,0,0,0,
trajectory_000000:8491,mutual,mutual.CO+T,sublevel,h1,0.5,0,0,0,
trajectory_000000:8491,mutual,mutual.CO+T,sublevel,h1,0.75,1,2,1,
trajectory_000000:8491,mutual,mutual.CO+T,sublevel,h1,0.9,3,0,3,
trajectory_000000:8491,self,self.CO,superlevel,h0,0.1,7,1,6,
trajectory_000000:8491,self,self.CO,superlevel,h0,0.25,2,3,1,
trajectory_000000:8491,self,self.CO,superlevel,h0,0.5,1,1,0,
trajectory_000000:8491,self,self.CO,superlevel,h0,0.75,1,5,4,
trajectory_000000:8491,self,self.CO,superlevel,h0,0.9,1,5,4,
trajectory_000000:8491,self,self.CO,superlevel,h1,0.1,1,0,1,
trajectory_000000:8491,self,self.CO,superlevel,h1,0.25,3,2,1,
trajectory_000000:8491,self,self.CO,superlevel,h1,0.5,0,0,0,
trajectory_000000:8491,self,self.CO,superlevel,h1,0.75,95,2,93,
trajectory_000000:8491,self,self.CO,superlevel,h1,0.9,95,2,93,
trajectory_000000:8491,self,self.T,superlevel,h0,0.1,5,2,3,
trajectory_000000:8491,self,self.T,superlevel,h0,0.25,2,2,0,
trajectory_000000:8491,self,self.T,superlevel,h0,0.5,1,1,0,
trajectory_000000:8491,self,self.T,superlevel,h0,0.75,1,3,2,
trajectory_000000:8491,self,self.T,superlevel,h0,0.9,1,4,3,
trajectory_000000:8491,self,self.T,superlevel,h1,0.1,0,0,0,
trajectory_000000:8491,self,self.T,superlevel,h1,0.25,0,0,0,
trajectory_000000:8491,self,self.T,superlevel,h1,0.5,0,0,0,
trajectory_000000:8491,self,self.T,superlevel,h1,0.75,0,2,2,
trajectory_000000:8491,self,self.T,superlevel,h1,0.9,1,1,0,
trajectory_000000:8491,mutual,mutual.CO+T,superlevel,h0,0.1,8,4,4,
trajectory_000000:8491,mutual,mutual.CO+T,superlevel,h0,0.25,3,2,1,
trajectory_000000:8491,mutual,mutual.CO+T,superlevel,h0,0.5,1,1,0,
trajectory_000000:8491,mutual,mutual.CO+T,superlevel,h0,0.75,1,3,2,
trajectory_000000:8491,mutual,mutual.CO+T,superlevel,h0,0.9,1,4,3,
trajectory_000000:8491,mutual,mutual.CO+T,superlevel,h1,0.1,0,0,0,
trajectory_000000:8491,mutual,mutual.CO+T,superlevel,h1,0.25,0,1,1,
trajectory_000000:8491,mutual,mutual.CO+T,superlevel,h1,0.5,0,0,0,
trajectory_000000:8491,mutual,mutual.CO+T,superlevel,h1,0.75,0,2,2,
trajectory_000000:8491,mutual,mutual.CO+T,superlevel,h1,0.9,1,1,0,
trajectory_000000:8491,mutual,mutual.CO+T,superlevel,h0,0.1,9,10,1,
trajectory_000000:8491,mutual,mutual.CO+T,superlevel,h0,0.25,3,2,1,
trajectory_000000:8491,mutual,mutual.CO+T,superlevel,h0,0.5,1,1,0,
trajectory_000000:8491,mutual,mutual.CO+T,superlevel,h0,0.75,1,3,2,
trajectory_000000:8491,mutual,mutual.CO+T,superlevel,h0,0.9,1,4,3,
trajectory_000000:8491,mutual,mutual.CO+T,superlevel,h1,0.1,0,0,0,
trajectory_000000:8491,mutual,mutual.CO+T,superlevel,h1,0.25,1,2,1,
trajectory_000000:8491,mutual,mutual.CO+T,superlevel,h1,0.5,0,0,0,
trajectory_000000:8491,mutual,mutual.CO+T,superlevel,h1,0.75,0,2,2,
trajectory_000000:8491,mutual,mutual.CO+T,superlevel,h1,0.9,1,1,0,
trajectory_000000:8491,mutual,mutual.CO+T,superlevel,h0,0.1,12,12,0,
trajectory_000000:8491,mutual,mutual.CO+T,superlevel,h0,0.25,4,3,1,
trajectory_000000:8491,mutual,mutual.CO+T,superlevel,h0,0.5,1,1,0,
trajectory_000000:8491,mutual,mutual.CO+T,superlevel,h0,0.75,1,5,4,
trajectory_000000:8491,mutual,mutual.CO+T,superlevel,h0,0.9,1,5,4,
trajectory_000000:8491,mutual,mutual.CO+T,superlevel,h1,0.1,0,1,1,
trajectory_000000:8491,mutual,mutual.CO+T,superlevel,h1,0.25,0,2,2,
trajectory_000000:8491,mutual,mutual.CO+T,superlevel,h1,0.5,0,0,0,
trajectory_000000:8491,mutual,mutual.CO+T,superlevel,h1,0.75,95,2,93,
trajectory_000000:8491,mutual,mutual.CO+T,superlevel,h1,0.9,95,2,93,
trajectory_000000:8491,persistence_distance,topology.self.persistence,,,,,,,0.007357494905591011
trajectory_000000:8491,persistence_distance,topology.mutual.persistence,,,,,,,0.002313045086339116
trajectory_000000:8491,persistence_distance,topology.component_weighted_total_before_outer_family_weight,,,,,,,0.009670539759099483
trajectory_000000:8491,dimension_distance_diagnostic,topology.self.CO.h0,,,,,,,0.025559626519680023
trajectory_000000:8491,dimension_distance_diagnostic,topology.self.CO.h1,,,,,,,0.00118640111759305
trajectory_000000:8491,dimension_distance_diagnostic,topology.self.T.h0,,,,,,,0.0025355652906000614
trajectory_000000:8491,dimension_distance_diagnostic,topology.self.T.h1,,,,,,,0.00014838707284070551
trajectory_000000:8491,dimension_distance_diagnostic,topology.mutual.CO+T.h0,,,,,,,0.003591525135561824
trajectory_000000:8491,dimension_distance_diagnostic,topology.mutual.CO+T.h1,,,,,,,0.0010345646878704429
trajectory_000000:8507,self,self.CO,sublevel,h0,0.1,1,6,5,
trajectory_000000:8507,self,self.CO,sublevel,h0,0.25,1,6,5,
trajectory_000000:8507,self,self.CO,sublevel,h0,0.5,2,1,1,
trajectory_000000:8507,self,self.CO,sublevel,h0,0.75,4,3,1,
trajectory_000000:8507,self,self.CO,sublevel,h0,0.9,2,2,0,
trajectory_000000:8507,self,self.CO,sublevel,h1,0.1,85,2,83,
trajectory_000000:8507,self,self.CO,sublevel,h1,0.25,85,2,83,
trajectory_000000:8507,self,self.CO,sublevel,h1,0.5,0,0,0,
trajectory_000000:8507,self,self.CO,sublevel,h1,0.75,2,1,1,
trajectory_000000:8507,self,self.CO,sublevel,h1,0.9,2,6,4,
trajectory_000000:8507,self,self.T,sublevel,h0,0.1,6,4,2,
trajectory_000000:8507,self,self.T,sublevel,h0,0.25,5,9,4,
trajectory_000000:8507,self,self.T,sublevel,h0,0.5,1,1,0,
trajectory_000000:8507,self,self.T,sublevel,h0,0.75,1,1,0,
trajectory_000000:8507,self,self.T,sublevel,h0,0.9,2,2,0,
trajectory_000000:8507,self,self.T,sublevel,h1,0.1,0,0,0,
trajectory_000000:8507,self,self.T,sublevel,h1,0.25,0,0,0,
trajectory_000000:8507,self,self.T,sublevel,h1,0.5,0,0,0,
trajectory_000000:8507,self,self.T,sublevel,h1,0.75,1,0,1,
trajectory_000000:8507,self,self.T,sublevel,h1,0.9,1,2,1,
trajectory_000000:8507,mutual,mutual.CO+T,sublevel,h0,0.1,6,4,2,
trajectory_000000:8507,mutual,mutual.CO+T,sublevel,h0,0.25,5,9,4,
trajectory_000000:8507,mutual,mutual.CO+T,sublevel,h0,0.5,1,1,0,
trajectory_000000:8507,mutual,mutual.CO+T,sublevel,h0,0.75,9,11,2,
trajectory_000000:8507,mutual,mutual.CO+T,sublevel,h0,0.9,2,2,0,
trajectory_000000:8507,mutual,mutual.CO+T,sublevel,h1,0.1,0,0,0,
trajectory_000000:8507,mutual,mutual.CO+T,sublevel,h1,0.25,0,0,0,
trajectory_000000:8507,mutual,mutual.CO+T,sublevel,h1,0.5,0,0,0,
trajectory_000000:8507,mutual,mutual.CO+T,sublevel,h1,0.75,2,5,3,
trajectory_000000:8507,mutual,mutual.CO+T,sublevel,h1,0.9,4,9,5,
trajectory_000000:8507,mutual,mutual.CO+T,sublevel,h0,0.1,1,6,5,
trajectory_000000:8507,mutual,mutual.CO+T,sublevel,h0,0.25,1,6,5,
trajectory_000000:8507,mutual,mutual.CO+T,sublevel,h0,0.5,1,1,0,
trajectory_000000:8507,mutual,mutual.CO+T,sublevel,h0,0.75,9,13,4,
trajectory_000000:8507,mutual,mutual.CO+T,sublevel,h0,0.9,2,2,0,
trajectory_000000:8507,mutual,mutual.CO+T,sublevel,h1,0.1,85,2,83,
trajectory_000000:8507,mutual,mutual.CO+T,sublevel,h1,0.25,85,2,83,
trajectory_000000:8507,mutual,mutual.CO+T,sublevel,h1,0.5,0,0,0,
trajectory_000000:8507,mutual,mutual.CO+T,sublevel,h1,0.75,2,6,4,
trajectory_000000:8507,mutual,mutual.CO+T,sublevel,h1,0.9,4,9,5,
trajectory_000000:8507,mutual,mutual.CO+T,sublevel,h0,0.1,6,4,2,
trajectory_000000:8507,mutual,mutual.CO+T,sublevel,h0,0.25,5,9,4,
trajectory_000000:8507,mutual,mutual.CO+T,sublevel,h0,0.5,1,1,0,
trajectory_000000:8507,mutual,mutual.CO+T,sublevel,h0,0.75,4,3,1,
trajectory_000000:8507,mutual,mutual.CO+T,sublevel,h0,0.9,2,2,0,
trajectory_000000:8507,mutual,mutual.CO+T,sublevel,h1,0.1,0,0,0,
trajectory_000000:8507,mutual,mutual.CO+T,sublevel,h1,0.25,0,0,0,
trajectory_000000:8507,mutual,mutual.CO+T,sublevel,h1,0.5,0,0,0,
trajectory_000000:8507,mutual,mutual.CO+T,sublevel,h1,0.75,2,1,1,
trajectory_000000:8507,mutual,mutual.CO+T,sublevel,h1,0.9,2,6,4,
trajectory_000000:8507,self,self.CO,superlevel,h0,0.1,7,11,4,
trajectory_000000:8507,self,self.CO,superlevel,h0,0.25,3,3,0,
trajectory_000000:8507,self,self.CO,superlevel,h0,0.5,1,1,0,
trajectory_000000:8507,self,self.CO,superlevel,h0,0.75,1,6,5,
trajectory_000000:8507,self,self.CO,superlevel,h0,0.9,1,6,5,
trajectory_000000:8507,self,self.CO,superlevel,h1,0.1,1,1,0,
trajectory_000000:8507,self,self.CO,superlevel,h1,0.25,2,2,0,
trajectory_000000:8507,self,self.CO,superlevel,h1,0.5,0,0,0,
trajectory_000000:8507,self,self.CO,superlevel,h1,0.75,101,2,99,
trajectory_000000:8507,self,self.CO,superlevel,h1,0.9,101,2,99,
trajectory_000000:8507,self,self.T,superlevel,h0,0.1,1,2,1,
trajectory_000000:8507,self,self.T,superlevel,h0,0.25,3,1,2,
trajectory_000000:8507,self,self.T,superlevel,h0,0.5,1,1,0,
trajectory_000000:8507,self,self.T,superlevel,h0,0.75,2,1,1,
trajectory_000000:8507,self,self.T,superlevel,h0,0.9,1,2,1,
trajectory_000000:8507,self,self.T,superlevel,h1,0.1,1,1,0,
trajectory_000000:8507,self,self.T,superlevel,h1,0.25,0,0,0,
trajectory_000000:8507,self,self.T,superlevel,h1,0.5,0,0,0,
trajectory_000000:8507,self,self.T,superlevel,h1,0.75,1,5,4,
trajectory_000000:8507,self,self.T,superlevel,h1,0.9,3,0,3,
trajectory_000000:8507,mutual,mutual.CO+T,superlevel,h0,0.1,1,3,2,
trajectory_000000:8507,mutual,mutual.CO+T,superlevel,h0,0.25,2,1,1,
trajectory_000000:8507,mutual,mutual.CO+T,superlevel,h0,0.5,1,1,0,
trajectory_000000:8507,mutual,mutual.CO+T,superlevel,h0,0.75,2,1,1,
trajectory_000000:8507,mutual,mutual.CO+T,superlevel,h0,0.9,1,2,1,
trajectory_000000:8507,mutual,mutual.CO+T,superlevel,h1,0.1,0,1,1,
trajectory_000000:8507,mutual,mutual.CO+T,superlevel,h1,0.25,0,0,0,
trajectory_000000:8507,mutual,mutual.CO+T,superlevel,h1,0.5,0,0,0,
trajectory_000000:8507,mutual,mutual.CO+T,superlevel,h1,0.75,1,5,4,
trajectory_000000:8507,mutual,mutual.CO+T,superlevel,h1,0.9,3,0,3,
trajectory_000000:8507,mutual,mutual.CO+T,superlevel,h0,0.1,7,9,2,
trajectory_000000:8507,mutual,mutual.CO+T,superlevel,h0,0.25,3,6,3,
trajectory_000000:8507,mutual,mutual.CO+T,superlevel,h0,0.5,1,1,0,
trajectory_000000:8507,mutual,mutual.CO+T,superlevel,h0,0.75,2,1,1,
trajectory_000000:8507,mutual,mutual.CO+T,superlevel,h0,0.9,1,2,1,
trajectory_000000:8507,mutual,mutual.CO+T,superlevel,h1,0.1,0,0,0,
trajectory_000000:8507,mutual,mutual.CO+T,superlevel,h1,0.25,1,1,0,
trajectory_000000:8507,mutual,mutual.CO+T,superlevel,h1,0.5,0,0,0,
trajectory_000000:8507,mutual,mutual.CO+T,superlevel,h1,0.75,1,5,4,
trajectory_000000:8507,mutual,mutual.CO+T,superlevel,h1,0.9,3,0,3,
trajectory_000000:8507,mutual,mutual.CO+T,superlevel,h0,0.1,12,7,5,
trajectory_000000:8507,mutual,mutual.CO+T,superlevel,h0,0.25,3,8,5,
trajectory_000000:8507,mutual,mutual.CO+T,superlevel,h0,0.5,1,1,0,
trajectory_000000:8507,mutual,mutual.CO+T,superlevel,h0,0.75,1,6,5,
trajectory_000000:8507,mutual,mutual.CO+T,superlevel,h0,0.9,1,6,5,
trajectory_000000:8507,mutual,mutual.CO+T,superlevel,h1,0.1,0,0,0,
trajectory_000000:8507,mutual,mutual.CO+T,superlevel,h1,0.25,1,1,0,
trajectory_000000:8507,mutual,mutual.CO+T,superlevel,h1,0.5,0,0,0,
trajectory_000000:8507,mutual,mutual.CO+T,superlevel,h1,0.75,101,2,99,
trajectory_000000:8507,mutual,mutual.CO+T,superlevel,h1,0.9,101,2,99,
trajectory_000000:8507,persistence_distance,topology.self.persistence,,,,,,,0.007598523516207933
trajectory_000000:8507,persistence_distance,topology.mutual.persistence,,,,,,,0.0011633607791736722
trajectory_000000:8507,persistence_distance,topology.component_weighted_total_before_outer_family_weight,,,,,,,0.008761884644627571
trajectory_000000:8507,dimension_distance_diagnostic,topology.self.CO.h0,,,,,,,0.028001315891742706
trajectory_000000:8507,dimension_distance_diagnostic,topology.self.CO.h1,,,,,,,0.0007608018349856138
trajectory_000000:8507,dimension_distance_diagnostic,topology.self.T.h0,,,,,,,0.001554381800815463
trajectory_000000:8507,dimension_distance_diagnostic,topology.self.T.h1,,,,,,,7.759573054499924e-05
trajectory_000000:8507,dimension_distance_diagnostic,topology.mutual.CO+T.h0,,,,,,,0.0017206310294568539
trajectory_000000:8507,dimension_distance_diagnostic,topology.mutual.CO+T.h1,,,,,,,0.0006060904706828296
trajectory_000000:8523,self,self.CO,sublevel,h0,0.1,4,1,3,
trajectory_000000:8523,self,self.CO,sublevel,h0,0.25,4,1,3,
trajectory_000000:8523,self,self.CO,sublevel,h0,0.5,1,1,0,
trajectory_000000:8523,self,self.CO,sublevel,h0,0.75,5,3,2,
trajectory_000000:8523,self,self.CO,sublevel,h0,0.9,1,1,0,
trajectory_000000:8523,self,self.CO,sublevel,h1,0.1,88,0,88,
trajectory_000000:8523,self,self.CO,sublevel,h1,0.25,88,0,88,
trajectory_000000:8523,self,self.CO,sublevel,h1,0.5,0,0,0,
trajectory_000000:8523,self,self.CO,sublevel,h1,0.75,1,2,1,
trajectory_000000:8523,self,self.CO,sublevel,h1,0.9,7,3,4,
trajectory_000000:8523,self,self.T,sublevel,h0,0.1,4,4,0,
trajectory_000000:8523,self,self.T,sublevel,h0,0.25,2,4,2,
trajectory_000000:8523,self,self.T,sublevel,h0,0.5,1,1,0,
trajectory_000000:8523,self,self.T,sublevel,h0,0.75,1,1,0,
trajectory_000000:8523,self,self.T,sublevel,h0,0.9,1,1,0,
trajectory_000000:8523,self,self.T,sublevel,h1,0.1,0,1,1,
trajectory_000000:8523,self,self.T,sublevel,h1,0.25,1,0,1,
trajectory_000000:8523,self,self.T,sublevel,h1,0.5,0,1,1,
trajectory_000000:8523,self,self.T,sublevel,h1,0.75,1,0,1,
trajectory_000000:8523,self,self.T,sublevel,h1,0.9,0,1,1,
trajectory_000000:8523,mutual,mutual.CO+T,sublevel,h0,0.1,4,4,0,
trajectory_000000:8523,mutual,mutual.CO+T,sublevel,h0,0.25,2,4,2,
trajectory_000000:8523,mutual,mutual.CO+T,sublevel,h0,0.5,1,1,0,
trajectory_000000:8523,mutual,mutual.CO+T,sublevel,h0,0.75,11,2,9,
trajectory_000000:8523,mutual,mutual.CO+T,sublevel,h0,0.9,1,1,0,
trajectory_000000:8523,mutual,mutual.CO+T,sublevel,h1,0.1,0,1,1,
trajectory_000000:8523,mutual,mutual.CO+T,sublevel,h1,0.25,1,0,1,
trajectory_000000:8523,mutual,mutual.CO+T,sublevel,h1,0.5,0,1,1,
trajectory_000000:8523,mutual,mutual.CO+T,sublevel,h1,0.75,5,4,1,
trajectory_000000:8523,mutual,mutual.CO+T,sublevel,h1,0.9,13,3,10,
trajectory_000000:8523,mutual,mutual.CO+T,sublevel,h0,0.1,1,1,0,
trajectory_000000:8523,mutual,mutual.CO+T,sublevel,h0,0.25,1,1,0,
trajectory_000000:8523,mutual,mutual.CO+T,sublevel,h0,0.5,1,1,0,
trajectory_000000:8523,mutual,mutual.CO+T,sublevel,h0,0.75,11,2,9,
trajectory_000000:8523,mutual,mutual.CO+T,sublevel,h0,0.9,1,1,0,
trajectory_000000:8523,mutual,mutual.CO+T,sublevel,h1,0.1,0,0,0,
trajectory_000000:8523,mutual,mutual.CO+T,sublevel,h1,0.25,0,0,0,
trajectory_000000:8523,mutual,mutual.CO+T,sublevel,h1,0.5,0,0,0,
trajectory_000000:8523,mutual,mutual.CO+T,sublevel,h1,0.75,5,4,1,
trajectory_000000:8523,mutual,mutual.CO+T,sublevel,h1,0.9,12,4,8,
trajectory_000000:8523,mutual,mutual.CO+T,sublevel,h0,0.1,4,4,0,
trajectory_000000:8523,mutual,mutual.CO+T,sublevel,h0,0.25,2,4,2,
trajectory_000000:8523,mutual,mutual.CO+T,sublevel,h0,0.5,1,1,0,
trajectory_000000:8523,mutual,mutual.CO+T,sublevel,h0,0.75,5,3,2,
trajectory_000000:8523,mutual,mutual.CO+T,sublevel,h0,0.9,1,1,0,
trajectory_000000:8523,mutual,mutual.CO+T,sublevel,h1,0.1,0,1,1,
trajectory_000000:8523,mutual,mutual.CO+T,sublevel,h1,0.25,1,0,1,
trajectory_000000:8523,mutual,mutual.CO+T,sublevel,h1,0.5,0,0,0,
trajectory_000000:8523,mutual,mutual.CO+T,sublevel,h1,0.75,1,2,1,
trajectory_000000:8523,mutual,mutual.CO+T,sublevel,h1,0.9,7,3,4,
trajectory_000000:8523,self,self.CO,superlevel,h0,0.1,12,5,7,
trajectory_000000:8523,self,self.CO,superlevel,h0,0.25,2,3,1,
trajectory_000000:8523,self,self.CO,superlevel,h0,0.5,1,1,0,
trajectory_000000:8523,self,self.CO,superlevel,h0,0.75,1,1,0,
trajectory_000000:8523,self,self.CO,superlevel,h0,0.9,1,1,0,
trajectory_000000:8523,self,self.CO,superlevel,h1,0.1,0,0,0,
trajectory_000000:8523,self,self.CO,superlevel,h1,0.25,2,2,0,
trajectory_000000:8523,self,self.CO,superlevel,h1,0.5,0,0,0,
trajectory_000000:8523,self,self.CO,superlevel,h1,0.75,97,0,97,
trajectory_000000:8523,self,self.CO,superlevel,h1,0.9,97,0,97,
trajectory_000000:8523,self,self.T,superlevel,h0,0.1,2,1,1,
trajectory_000000:8523,self,self.T,superlevel,h0,0.25,3,1,2,
trajectory_000000:8523,self,self.T,superlevel,h0,0.5,1,4,3,
trajectory_000000:8523,self,self.T,superlevel,h0,0.75,3,2,1,
trajectory_000000:8523,self,self.T,superlevel,h0,0.9,1,3,2,
trajectory_000000:8523,self,self.T,superlevel,h1,0.1,0,0,0,
trajectory_000000:8523,self,self.T,superlevel,h1,0.25,0,0,0,
trajectory_000000:8523,self,self.T,superlevel,h1,0.5,0,0,0,
trajectory_000000:8523,self,self.T,superlevel,h1,0.75,0,0,0,
trajectory_000000:8523,self,self.T,superlevel,h1,0.9,1,0,1,
trajectory_000000:8523,mutual,mutual.CO+T,superlevel,h0,0.1,1,3,2,
trajectory_000000:8523,mutual,mutual.CO+T,superlevel,h0,0.25,3,2,1,
trajectory_000000:8523,mutual,mutual.CO+T,superlevel,h0,0.5,1,4,3,
trajectory_000000:8523,mutual,mutual.CO+T,superlevel,h0,0.75,3,2,1,
trajectory_000000:8523,mutual,mutual.CO+T,superlevel,h0,0.9,1,3,2,
trajectory_000000:8523,mutual,mutual.CO+T,superlevel,h1,0.1,1,0,1,
trajectory_000000:8523,mutual,mutual.CO+T,superlevel,h1,0.25,0,1,1,
trajectory_000000:8523,mutual,mutual.CO+T,superlevel,h1,0.5,0,0,0,
trajectory_000000:8523,mutual,mutual.CO+T,superlevel,h1,0.75,0,0,0,
trajectory_000000:8523,mutual,mutual.CO+T,superlevel,h1,0.9,1,0,1,
trajectory_000000:8523,mutual,mutual.CO+T,superlevel,h0,0.1,15,4,11,
trajectory_000000:8523,mutual,mutual.CO+T,superlevel,h0,0.25,4,5,1,
trajectory_000000:8523,mutual,mutual.CO+T,superlevel,h0,0.5,1,4,3,
trajectory_000000:8523,mutual,mutual.CO+T,superlevel,h0,0.75,3,2,1,
trajectory_000000:8523,mutual,mutual.CO+T,superlevel,h0,0.9,1,3,2,
trajectory_000000:8523,mutual,mutual.CO+T,superlevel,h1,0.1,0,1,1,
trajectory_000000:8523,mutual,mutual.CO+T,superlevel,h1,0.25,3,1,2,
trajectory_000000:8523,mutual,mutual.CO+T,superlevel,h1,0.5,0,0,0,
trajectory_000000:8523,mutual,mutual.CO+T,superlevel,h1,0.75,0,0,0,
trajectory_000000:8523,mutual,mutual.CO+T,superlevel,h1,0.9,1,0,1,
trajectory_000000:8523,mutual,mutual.CO+T,superlevel,h0,0.1,2,6,4,
trajectory_000000:8523,mutual,mutual.CO+T,superlevel,h0,0.25,6,5,1,
trajectory_000000:8523,mutual,mutual.CO+T,superlevel,h0,0.5,1,1,0,
trajectory_000000:8523,mutual,mutual.CO+T,superlevel,h0,0.75,1,1,0,
trajectory_000000:8523,mutual,mutual.CO+T,superlevel,h0,0.9,1,1,0,
trajectory_000000:8523,mutual,mutual.CO+T,superlevel,h1,0.1,1,0,1,
trajectory_000000:8523,mutual,mutual.CO+T,superlevel,h1,0.25,2,1,1,
trajectory_000000:8523,mutual,mutual.CO+T,superlevel,h1,0.5,0,0,0,
trajectory_000000:8523,mutual,mutual.CO+T,superlevel,h1,0.75,97,0,97,
trajectory_000000:8523,mutual,mutual.CO+T,superlevel,h1,0.9,97,0,97,
trajectory_000000:8523,persistence_distance,topology.self.persistence,,,,,,,0.006956340745091438
trajectory_000000:8523,persistence_distance,topology.mutual.persistence,,,,,,,0.003294308902695775
trajectory_000000:8523,persistence_distance,topology.component_weighted_total_before_outer_family_weight,,,,,,,0.01025064941495657
trajectory_000000:8523,dimension_distance_diagnostic,topology.self.CO.h0,,,,,,,0.02092747576534748
trajectory_000000:8523,dimension_distance_diagnostic,topology.self.CO.h1,,,,,,,0.0012752640759572387
trajectory_000000:8523,dimension_distance_diagnostic,topology.self.T.h0,,,,,,,0.005483493208885193
trajectory_000000:8523,dimension_distance_diagnostic,topology.self.T.h1,,,,,,,0.0001391284604324028
trajectory_000000:8523,dimension_distance_diagnostic,topology.mutual.CO+T.h0,,,,,,,0.0054585994221270084
trajectory_000000:8523,dimension_distance_diagnostic,topology.mutual.CO+T.h1,,,,,,,0.0011300178011879325
trajectory_000000:8539,self,self.CO,sublevel,h0,0.1,9,1,8,
trajectory_000000:8539,self,self.CO,sublevel,h0,0.25,9,1,8,
trajectory_000000:8539,self,self.CO,sublevel,h0,0.5,1,1,0,
trajectory_000000:8539,self,self.CO,sublevel,h0,0.75,2,2,0,
trajectory_000000:8539,self,self.CO,sublevel,h0,0.9,5,2,3,
trajectory_000000:8539,self,self.CO,sublevel,h1,0.1,84,1,83,
trajectory_000000:8539,self,self.CO,sublevel,h1,0.25,84,1,83,
trajectory_000000:8539,self,self.CO,sublevel,h1,0.5,0,0,0,
trajectory_000000:8539,self,self.CO,sublevel,h1,0.75,1,0,1,
trajectory_000000:8539,self,self.CO,sublevel,h1,0.9,10,2,8,
trajectory_000000:8539,self,self.T,sublevel,h0,0.1,10,7,3,
trajectory_000000:8539,self,self.T,sublevel,h0,0.25,4,6,2,
trajectory_000000:8539,self,self.T,sublevel,h0,0.5,1,1,0,
trajectory_000000:8539,self,self.T,sublevel,h0,0.75,2,3,1,
trajectory_000000:8539,self,self.T,sublevel,h0,0.9,1,2,1,
trajectory_000000:8539,self,self.T,sublevel,h1,0.1,0,3,3,
trajectory_000000:8539,self,self.T,sublevel,h1,0.25,0,2,2,
trajectory_000000:8539,self,self.T,sublevel,h1,0.5,0,0,0,
trajectory_000000:8539,self,self.T,sublevel,h1,0.75,2,1,1,
trajectory_000000:8539,self,self.T,sublevel,h1,0.9,2,4,2,
trajectory_000000:8539,mutual,mutual.CO+T,sublevel,h0,0.1,10,7,3,
trajectory_000000:8539,mutual,mutual.CO+T,sublevel,h0,0.25,4,6,2,
trajectory_000000:8539,mutual,mutual.CO+T,sublevel,h0,0.5,1,1,0,
trajectory_000000:8539,mutual,mutual.CO+T,sublevel,h0,0.75,13,9,4,
trajectory_000000:8539,mutual,mutual.CO+T,sublevel,h0,0.9,3,1,2,
trajectory_000000:8539,mutual,mutual.CO+T,sublevel,h1,0.1,0,3,3,
trajectory_000000:8539,mutual,mutual.CO+T,sublevel,h1,0.25,0,2,2,
trajectory_000000:8539,mutual,mutual.CO+T,sublevel,h1,0.5,0,0,0,
trajectory_000000:8539,mutual,mutual.CO+T,sublevel,h1,0.75,8,2,6,
trajectory_000000:8539,mutual,mutual.CO+T,sublevel,h1,0.9,15,1,14,
trajectory_000000:8539,mutual,mutual.CO+T,sublevel,h0,0.1,2,1,1,
trajectory_000000:8539,mutual,mutual.CO+T,sublevel,h0,0.25,2,1,1,
trajectory_000000:8539,mutual,mutual.CO+T,sublevel,h0,0.5,1,1,0,
trajectory_000000:8539,mutual,mutual.CO+T,sublevel,h0,0.75,12,8,4,
trajectory_000000:8539,mutual,mutual.CO+T,sublevel,h0,0.9,3,1,2,
trajectory_000000:8539,mutual,mutual.CO+T,sublevel,h1,0.1,1,1,0,
trajectory_000000:8539,mutual,mutual.CO+T,sublevel,h1,0.25,1,1,0,
trajectory_000000:8539,mutual,mutual.CO+T,sublevel,h1,0.5,0,0,0,
trajectory_000000:8539,mutual,mutual.CO+T,sublevel,h1,0.75,8,2,6,
trajectory_000000:8539,mutual,mutual.CO+T,sublevel,h1,0.9,13,2,11,
trajectory_000000:8539,mutual,mutual.CO+T,sublevel,h0,0.1,10,7,3,
trajectory_000000:8539,mutual,mutual.CO+T,sublevel,h0,0.25,4,6,2,
trajectory_000000:8539,mutual,mutual.CO+T,sublevel,h0,0.5,1,1,0,
trajectory_000000:8539,mutual,mutual.CO+T,sublevel,h0,0.75,2,2,0,
trajectory_000000:8539,mutual,mutual.CO+T,sublevel,h0,0.9,5,2,3,
trajectory_000000:8539,mutual,mutual.CO+T,sublevel,h1,0.1,0,3,3,
trajectory_000000:8539,mutual,mutual.CO+T,sublevel,h1,0.25,0,2,2,
trajectory_000000:8539,mutual,mutual.CO+T,sublevel,h1,0.5,0,0,0,
trajectory_000000:8539,mutual,mutual.CO+T,sublevel,h1,0.75,1,0,1,
trajectory_000000:8539,mutual,mutual.CO+T,sublevel,h1,0.9,10,2,8,
trajectory_000000:8539,self,self.CO,superlevel,h0,0.1,12,3,9,
trajectory_000000:8539,self,self.CO,superlevel,h0,0.25,2,1,1,
trajectory_000000:8539,self,self.CO,superlevel,h0,0.5,1,1,0,
trajectory_000000:8539,self,self.CO,superlevel,h0,0.75,1,5,4,
trajectory_000000:8539,self,self.CO,superlevel,h0,0.9,1,5,4,
trajectory_000000:8539,self,self.CO,superlevel,h1,0.1,2,1,1,
trajectory_000000:8539,self,self.CO,superlevel,h1,0.25,1,1,0,
trajectory_000000:8539,self,self.CO,superlevel,h1,0.5,0,0,0,
trajectory_000000:8539,self,self.CO,superlevel,h1,0.75,98,0,98,
trajectory_000000:8539,self,self.CO,superlevel,h1,0.9,98,0,98,
trajectory_000000:8539,self,self.T,superlevel,h0,0.1,4,4,0,
trajectory_000000:8539,self,self.T,superlevel,h0,0.25,4,3,1,
trajectory_000000:8539,self,self.T,superlevel,h0,0.5,1,1,0,
trajectory_000000:8539,self,self.T,superlevel,h0,0.75,1,4,3,
trajectory_000000:8539,self,self.T,superlevel,h0,0.9,1,5,4,
trajectory_000000:8539,self,self.T,superlevel,h1,0.1,0,1,1,
trajectory_000000:8539,self,self.T,superlevel,h1,0.25,0,1,1,
trajectory_000000:8539,self,self.T,superlevel,h1,0.5,0,0,0,
trajectory_000000:8539,self,self.T,superlevel,h1,0.75,1,2,1,
trajectory_000000:8539,self,self.T,superlevel,h1,0.9,6,2,4,
trajectory_000000:8539,mutual,mutual.CO+T,superlevel,h0,0.1,5,4,1,
trajectory_000000:8539,mutual,mutual.CO+T,superlevel,h0,0.25,2,2,0,
trajectory_000000:8539,mutual,mutual.CO+T,superlevel,h0,0.5,1,1,0,
trajectory_000000:8539,mutual,mutual.CO+T,superlevel,h0,0.75,1,4,3,
trajectory_000000:8539,mutual,mutual.CO+T,superlevel,h0,0.9,1,5,4,
trajectory_000000:8539,mutual,mutual.CO+T,superlevel,h1,0.1,0,0,0,
trajectory_000000:8539,mutual,mutual.CO+T,superlevel,h1,0.25,0,0,0,
trajectory_000000:8539,mutual,mutual.CO+T,superlevel,h1,0.5,0,0,0,
trajectory_000000:8539,mutual,mutual.CO+T,superlevel,h1,0.75,1,2,1,
trajectory_000000:8539,mutual,mutual.CO+T,superlevel,h1,0.9,6,2,4,
trajectory_000000:8539,mutual,mutual.CO+T,superlevel,h0,0.1,14,7,7,
trajectory_000000:8539,mutual,mutual.CO+T,superlevel,h0,0.25,2,2,0,
trajectory_000000:8539,mutual,mutual.CO+T,superlevel,h0,0.5,1,1,0,
trajectory_000000:8539,mutual,mutual.CO+T,superlevel,h0,0.75,1,4,3,
trajectory_000000:8539,mutual,mutual.CO+T,superlevel,h0,0.9,1,5,4,
trajectory_000000:8539,mutual,mutual.CO+T,superlevel,h1,0.1,0,0,0,
trajectory_000000:8539,mutual,mutual.CO+T,superlevel,h1,0.25,3,0,3,
trajectory_000000:8539,mutual,mutual.CO+T,superlevel,h1,0.5,0,0,0,
trajectory_000000:8539,mutual,mutual.CO+T,superlevel,h1,0.75,1,2,1,
trajectory_000000:8539,mutual,mutual.CO+T,superlevel,h1,0.9,6,2,4,
trajectory_000000:8539,mutual,mutual.CO+T,superlevel,h0,0.1,16,3,13,
trajectory_000000:8539,mutual,mutual.CO+T,superlevel,h0,0.25,2,2,0,
trajectory_000000:8539,mutual,mutual.CO+T,superlevel,h0,0.5,1,1,0,
trajectory_000000:8539,mutual,mutual.CO+T,superlevel,h0,0.75,1,5,4,
trajectory_000000:8539,mutual,mutual.CO+T,superlevel,h0,0.9,1,5,4,
trajectory_000000:8539,mutual,mutual.CO+T,superlevel,h1,0.1,0,1,1,
trajectory_000000:8539,mutual,mutual.CO+T,superlevel,h1,0.25,1,2,1,
trajectory_000000:8539,mutual,mutual.CO+T,superlevel,h1,0.5,0,0,0,
trajectory_000000:8539,mutual,mutual.CO+T,superlevel,h1,0.75,98,0,98,
trajectory_000000:8539,mutual,mutual.CO+T,superlevel,h1,0.9,98,0,98,
trajectory_000000:8539,persistence_distance,topology.self.persistence,,,,,,,0.004432074725627899
trajectory_000000:8539,persistence_distance,topology.mutual.persistence,,,,,,,0.0020456586498767138
trajectory_000000:8539,persistence_distance,topology.component_weighted_total_before_outer_family_weight,,,,,,,0.006477733142673969
trajectory_000000:8539,dimension_distance_diagnostic,topology.self.CO.h0,,,,,,,0.012349828146398067
trajectory_000000:8539,dimension_distance_diagnostic,topology.self.CO.h1,,,,,,,0.001016068970784545
trajectory_000000:8539,dimension_distance_diagnostic,topology.self.T.h0,,,,,,,0.004192845895886421
trajectory_000000:8539,dimension_distance_diagnostic,topology.self.T.h1,,,,,,,0.0001695571991149336
trajectory_000000:8539,dimension_distance_diagnostic,topology.mutual.CO+T.h0,,,,,,,0.0032346732914447784
trajectory_000000:8539,dimension_distance_diagnostic,topology.mutual.CO+T.h1,,,,,,,0.0008566442411392927
trajectory_000000:8555,self,self.CO,sublevel,h0,0.1,2,1,1,
trajectory_000000:8555,self,self.CO,sublevel,h0,0.25,2,1,1,
trajectory_000000:8555,self,self.CO,sublevel,h0,0.5,1,1,0,
trajectory_000000:8555,self,self.CO,sublevel,h0,0.75,8,3,5,
trajectory_000000:8555,self,self.CO,sublevel,h0,0.9,8,1,7,
trajectory_000000:8555,self,self.CO,sublevel,h1,0.1,87,0,87,
trajectory_000000:8555,self,self.CO,sublevel,h1,0.25,87,0,87,
trajectory_000000:8555,self,self.CO,sublevel,h1,0.5,0,0,0,
trajectory_000000:8555,self,self.CO,sublevel,h1,0.75,3,2,1,
trajectory_000000:8555,self,self.CO,sublevel,h1,0.9,8,9,1,
trajectory_000000:8555,self,self.T,sublevel,h0,0.1,5,5,0,
trajectory_000000:8555,self,self.T,sublevel,h0,0.25,5,2,3,
trajectory_000000:8555,self,self.T,sublevel,h0,0.5,1,1,0,
trajectory_000000:8555,self,self.T,sublevel,h0,0.75,3,1,2,
trajectory_000000:8555,self,self.T,sublevel,h0,0.9,3,1,2,
trajectory_000000:8555,self,self.T,sublevel,h1,0.1,0,1,1,
trajectory_000000:8555,self,self.T,sublevel,h1,0.25,1,1,0,
trajectory_000000:8555,self,self.T,sublevel,h1,0.5,0,0,0,
trajectory_000000:8555,self,self.T,sublevel,h1,0.75,1,0,1,
trajectory_000000:8555,self,self.T,sublevel,h1,0.9,1,3,2,
trajectory_000000:8555,mutual,mutual.CO+T,sublevel,h0,0.1,5,5,0,
trajectory_000000:8555,mutual,mutual.CO+T,sublevel,h0,0.25,5,2,3,
trajectory_000000:8555,mutual,mutual.CO+T,sublevel,h0,0.5,1,1,0,
trajectory_000000:8555,mutual,mutual.CO+T,sublevel,h0,0.75,16,2,14,
trajectory_000000:8555,mutual,mutual.CO+T,sublevel,h0,0.9,8,1,7,
trajectory_000000:8555,mutual,mutual.CO+T,sublevel,h1,0.1,0,1,1,
trajectory_000000:8555,mutual,mutual.CO+T,sublevel,h1,0.25,1,1,0,
trajectory_000000:8555,mutual,mutual.CO+T,sublevel,h1,0.5,0,0,0,
trajectory_000000:8555,mutual,mutual.CO+T,sublevel,h1,0.75,6,7,1,
trajectory_000000:8555,mutual,mutual.CO+T,sublevel,h1,0.9,9,10,1,
trajectory_000000:8555,mutual,mutual.CO+T,sublevel,h0,0.1,1,1,0,
trajectory_000000:8555,mutual,mutual.CO+T,sublevel,h0,0.25,1,1,0,
trajectory_000000:8555,mutual,mutual.CO+T,sublevel,h0,0.5,1,2,1,
trajectory_000000:8555,mutual,mutual.CO+T,sublevel,h0,0.75,16,3,13,
trajectory_000000:8555,mutual,mutual.CO+T,sublevel,h0,0.9,8,1,7,
trajectory_000000:8555,mutual,mutual.CO+T,sublevel,h1,0.1,0,0,0,
trajectory_000000:8555,mutual,mutual.CO+T,sublevel,h1,0.25,0,0,0,
trajectory_000000:8555,mutual,mutual.CO+T,sublevel,h1,0.5,0,0,0,
trajectory_000000:8555,mutual,mutual.CO+T,sublevel,h1,0.75,6,7,1,
trajectory_000000:8555,mutual,mutual.CO+T,sublevel,h1,0.9,13,14,1,
trajectory_000000:8555,mutual,mutual.CO+T,sublevel,h0,0.1,5,5,0,
trajectory_000000:8555,mutual,mutual.CO+T,sublevel,h0,0.25,5,2,3,
trajectory_000000:8555,mutual,mutual.CO+T,sublevel,h0,0.5,1,1,0,
trajectory_000000:8555,mutual,mutual.CO+T,sublevel,h0,0.75,8,3,5,
trajectory_000000:8555,mutual,mutual.CO+T,sublevel,h0,0.9,8,1,7,
trajectory_000000:8555,mutual,mutual.CO+T,sublevel,h1,0.1,0,1,1,
trajectory_000000:8555,mutual,mutual.CO+T,sublevel,h1,0.25,1,1,0,
trajectory_000000:8555,mutual,mutual.CO+T,sublevel,h1,0.5,0,0,0,
trajectory_000000:8555,mutual,mutual.CO+T,sublevel,h1,0.75,3,2,1,
trajectory_000000:8555,mutual,mutual.CO+T,sublevel,h1,0.9,8,9,1,
trajectory_000000:8555,self,self.CO,superlevel,h0,0.1,14,13,1,
trajectory_000000:8555,self,self.CO,superlevel,h0,0.25,6,4,2,
trajectory_000000:8555,self,self.CO,superlevel,h0,0.5,1,1,0,
trajectory_000000:8555,self,self.CO,superlevel,h0,0.75,1,2,1,
trajectory_000000:8555,self,self.CO,superlevel,h0,0.9,1,2,1,
trajectory_000000:8555,self,self.CO,superlevel,h1,0.1,4,0,4,
trajectory_000000:8555,self,self.CO,superlevel,h1,0.25,5,1,4,
trajectory_000000:8555,self,self.CO,superlevel,h1,0.5,0,0,0,
trajectory_000000:8555,self,self.CO,superlevel,h1,0.75,98,0,98,
trajectory_000000:8555,self,self.CO,superlevel,h1,0.9,98,0,98,
trajectory_000000:8555,self,self.T,superlevel,h0,0.1,2,3,1,
trajectory_000000:8555,self,self.T,superlevel,h0,0.25,2,1,1,
trajectory_000000:8555,self,self.T,superlevel,h0,0.5,1,1,0,
trajectory_000000:8555,self,self.T,superlevel,h0,0.75,3,2,1,
trajectory_000000:8555,self,self.T,superlevel,h0,0.9,1,3,2,
trajectory_000000:8555,self,self.T,superlevel,h1,0.1,1,0,1,
trajectory_000000:8555,self,self.T,superlevel,h1,0.25,1,0,1,
trajectory_000000:8555,self,self.T,superlevel,h1,0.5,0,0,0,
trajectory_000000:8555,self,self.T,superlevel,h1,0.75,0,0,0,
trajectory_000000:8555,self,self.T,superlevel,h1,0.9,2,2,0,
trajectory_000000:8555,mutual,mutual.CO+T,superlevel,h0,0.1,4,4,0,
trajectory_000000:8555,mutual,mutual.CO+T,superlevel,h0,0.25,3,1,2,
trajectory_000000:8555,mutual,mutual.CO+T,superlevel,h0,0.5,1,1,0,
trajectory_000000:8555,mutual,mutual.CO+T,superlevel,h0,0.75,3,2,1,
trajectory_000000:8555,mutual,mutual.CO+T,superlevel,h0,0.9,1,3,2,
trajectory_000000:8555,mutual,mutual.CO+T,superlevel,h1,0.1,0,0,0,
trajectory_000000:8555,mutual,mutual.CO+T,superlevel,h1,0.25,1,1,0,
trajectory_000000:8555,mutual,mutual.CO+T,superlevel,h1,0.5,0,0,0,
trajectory_000000:8555,mutual,mutual.CO+T,superlevel,h1,0.75,0,0,0,
trajectory_000000:8555,mutual,mutual.CO+T,superlevel,h1,0.9,2,2,0,
trajectory_000000:8555,mutual,mutual.CO+T,superlevel,h0,0.1,11,13,2,
trajectory_000000:8555,mutual,mutual.CO+T,superlevel,h0,0.25,5,6,1,
trajectory_000000:8555,mutual,mutual.CO+T,superlevel,h0,0.5,1,1,0,
trajectory_000000:8555,mutual,mutual.CO+T,superlevel,h0,0.75,3,2,1,
trajectory_000000:8555,mutual,mutual.CO+T,superlevel,h0,0.9,1,3,2,
trajectory_000000:8555,mutual,mutual.CO+T,superlevel,h1,0.1,0,0,0,
trajectory_000000:8555,mutual,mutual.CO+T,superlevel,h1,0.25,2,3,1,
trajectory_000000:8555,mutual,mutual.CO+T,superlevel,h1,0.5,0,0,0,
trajectory_000000:8555,mutual,mutual.CO+T,superlevel,h1,0.75,0,0,0,
trajectory_000000:8555,mutual,mutual.CO+T,superlevel,h1,0.9,2,2,0,
trajectory_000000:8555,mutual,mutual.CO+T,superlevel,h0,0.1,10,7,3,
trajectory_000000:8555,mutual,mutual.CO+T,superlevel,h0,0.25,5,6,1,
trajectory_000000:8555,mutual,mutual.CO+T,superlevel,h0,0.5,1,1,0,
trajectory_000000:8555,mutual,mutual.CO+T,superlevel,h0,0.75,1,2,1,
trajectory_000000:8555,mutual,mutual.CO+T,superlevel,h0,0.9,1,2,1,
trajectory_000000:8555,mutual,mutual.CO+T,superlevel,h1,0.1,0,0,0,
trajectory_000000:8555,mutual,mutual.CO+T,superlevel,h1,0.25,2,3,1,
trajectory_000000:8555,mutual,mutual.CO+T,superlevel,h1,0.5,0,0,0,
trajectory_000000:8555,mutual,mutual.CO+T,superlevel,h1,0.75,98,0,98,
trajectory_000000:8555,mutual,mutual.CO+T,superlevel,h1,0.9,98,0,98,
trajectory_000000:8555,persistence_distance,topology.self.persistence,,,,,,,0.01800714246928692
trajectory_000000:8555,persistence_distance,topology.mutual.persistence,,,,,,,0.0027172493282705545
trajectory_000000:8555,persistence_distance,topology.component_weighted_total_before_outer_family_weight,,,,,,,0.02072439156472683
trajectory_000000:8555,dimension_distance_diagnostic,topology.self.CO.h0,,,,,,,0.06371988356113434
trajectory_000000:8555,dimension_distance_diagnostic,topology.self.CO.h1,,,,,,,0.0015592682175338268
trajectory_000000:8555,dimension_distance_diagnostic,topology.self.T.h0,,,,,,,0.006541893817484379
trajectory_000000:8555,dimension_distance_diagnostic,topology.self.T.h1,,,,,,,0.00020752751152031124
trajectory_000000:8555,dimension_distance_diagnostic,topology.mutual.CO+T.h0,,,,,,,0.004097785800695419
trajectory_000000:8555,dimension_distance_diagnostic,topology.mutual.CO+T.h1,,,,,,,0.0013367132050916553
trajectory_000000:8570,self,self.CO,sublevel,h0,0.1,3,1,2,
trajectory_000000:8570,self,self.CO,sublevel,h0,0.25,3,1,2,
trajectory_000000:8570,self,self.CO,sublevel,h0,0.5,3,4,1,
trajectory_000000:8570,self,self.CO,sublevel,h0,0.75,8,2,6,
trajectory_000000:8570,self,self.CO,sublevel,h0,0.9,1,2,1,
trajectory_000000:8570,self,self.CO,sublevel,h1,0.1,80,0,80,
trajectory_000000:8570,self,self.CO,sublevel,h1,0.25,80,0,80,
trajectory_000000:8570,self,self.CO,sublevel,h1,0.5,0,0,0,
trajectory_000000:8570,self,self.CO,sublevel,h1,0.75,4,2,2,
trajectory_000000:8570,self,self.CO,sublevel,h1,0.9,3,4,1,
trajectory_000000:8570,self,self.T,sublevel,h0,0.1,5,3,2,
trajectory_000000:8570,self,self.T,sublevel,h0,0.25,2,3,1,
trajectory_000000:8570,self,self.T,sublevel,h0,0.5,1,1,0,
trajectory_000000:8570,self,self.T,sublevel,h0,0.75,1,1,0,
trajectory_000000:8570,self,self.T,sublevel,h0,0.9,1,2,1,
trajectory_000000:8570,self,self.T,sublevel,h1,0.1,0,1,1,
trajectory_000000:8570,self,self.T,sublevel,h1,0.25,0,0,0,
trajectory_000000:8570,self,self.T,sublevel,h1,0.5,0,0,0,
trajectory_000000:8570,self,self.T,sublevel,h1,0.75,3,5,2,
trajectory_000000:8570,self,self.T,sublevel,h1,0.9,1,5,4,
trajectory_000000:8570,mutual,mutual.CO+T,sublevel,h0,0.1,5,3,2,
trajectory_000000:8570,mutual,mutual.CO+T,sublevel,h0,0.25,2,3,1,
trajectory_000000:8570,mutual,mutual.CO+T,sublevel,h0,0.5,1,1,0,
trajectory_000000:8570,mutual,mutual.CO+T,sublevel,h0,0.75,15,7,8,
trajectory_000000:8570,mutual,mutual.CO+T,sublevel,h0,0.9,1,1,0,
trajectory_000000:8570,mutual,mutual.CO+T,sublevel,h1,0.1,0,1,1,
trajectory_000000:8570,mutual,mutual.CO+T,sublevel,h1,0.25,0,0,0,
trajectory_000000:8570,mutual,mutual.CO+T,sublevel,h1,0.5,0,0,0,
trajectory_000000:8570,mutual,mutual.CO+T,sublevel,h1,0.75,1,4,3,
trajectory_000000:8570,mutual,mutual.CO+T,sublevel,h1,0.9,6,3,3,
trajectory_000000:8570,mutual,mutual.CO+T,sublevel,h0,0.1,3,1,2,
trajectory_000000:8570,mutual,mutual.CO+T,sublevel,h0,0.25,3,1,2,
trajectory_000000:8570,mutual,mutual.CO+T,sublevel,h0,0.5,1,1,0,
trajectory_000000:8570,mutual,mutual.CO+T,sublevel,h0,0.75,16,6,10,
trajectory_000000:8570,mutual,mutual.CO+T,sublevel,h0,0.9,1,1,0,
trajectory_000000:8570,mutual,mutual.CO+T,sublevel,h1,0.1,80,0,80,
trajectory_000000:8570,mutual,mutual.CO+T,sublevel,h1,0.25,80,0,80,
trajectory_000000:8570,mutual,mutual.CO+T,sublevel,h1,0.5,0,0,0,
trajectory_000000:8570,mutual,mutual.CO+T,sublevel,h1,0.75,1,4,3,
trajectory_000000:8570,mutual,mutual.CO+T,sublevel,h1,0.9,7,3,4,
trajectory_000000:8570,mutual,mutual.CO+T,sublevel,h0,0.1,5,3,2,
trajectory_000000:8570,mutual,mutual.CO+T,sublevel,h0,0.25,2,3,1,
trajectory_000000:8570,mutual,mutual.CO+T,sublevel,h0,0.5,1,1,0,
trajectory_000000:8570,mutual,mutual.CO+T,sublevel,h0,0.75,8,2,6,
trajectory_000000:8570,mutual,mutual.CO+T,sublevel,h0,0.9,1,2,1,
trajectory_000000:8570,mutual,mutual.CO+T,sublevel,h1,0.1,0,1,1,
trajectory_000000:8570,mutual,mutual.CO+T,sublevel,h1,0.25,0,0,0,
trajectory_000000:8570,mutual,mutual.CO+T,sublevel,h1,0.5,0,0,0,
trajectory_000000:8570,mutual,mutual.CO+T,sublevel,h1,0.75,4,2,2,
trajectory_000000:8570,mutual,mutual.CO+T,sublevel,h1,0.9,3,4,1,
trajectory_000000:8570,self,self.CO,superlevel,h0,0.1,6,6,0,
trajectory_000000:8570,self,self.CO,superlevel,h0,0.25,5,5,0,
trajectory_000000:8570,self,self.CO,superlevel,h0,0.5,1,1,0,
trajectory_000000:8570,self,self.CO,superlevel,h0,0.75,1,2,1,
trajectory_000000:8570,self,self.CO,superlevel,h0,0.9,1,2,1,
trajectory_000000:8570,self,self.CO,superlevel,h1,0.1,0,1,1,
trajectory_000000:8570,self,self.CO,superlevel,h1,0.25,6,1,5,
trajectory_000000:8570,self,self.CO,superlevel,h1,0.5,0,0,0,
trajectory_000000:8570,self,self.CO,superlevel,h1,0.75,86,0,86,
trajectory_000000:8570,self,self.CO,superlevel,h1,0.9,86,0,86,
trajectory_000000:8570,self,self.T,superlevel,h0,0.1,2,7,5,
trajectory_000000:8570,self,self.T,superlevel,h0,0.25,4,6,2,
trajectory_000000:8570,self,self.T,superlevel,h0,0.5,1,1,0,
trajectory_000000:8570,self,self.T,superlevel,h0,0.75,2,1,1,
trajectory_000000:8570,self,self.T,superlevel,h0,0.9,1,2,1,
trajectory_000000:8570,self,self.T,superlevel,h1,0.1,0,1,1,
trajectory_000000:8570,self,self.T,superlevel,h1,0.25,0,0,0,
trajectory_000000:8570,self,self.T,superlevel,h1,0.5,0,0,0,
trajectory_000000:8570,self,self.T,superlevel,h1,0.75,0,1,1,
trajectory_000000:8570,self,self.T,superlevel,h1,0.9,1,1,0,
trajectory_000000:8570,mutual,mutual.CO+T,superlevel,h0,0.1,4,6,2,
trajectory_000000:8570,mutual,mutual.CO+T,superlevel,h0,0.25,1,2,1,
trajectory_000000:8570,mutual,mutual.CO+T,superlevel,h0,0.5,1,1,0,
trajectory_000000:8570,mutual,mutual.CO+T,superlevel,h0,0.75,2,1,1,
trajectory_000000:8570,mutual,mutual.CO+T,superlevel,h0,0.9,1,2,1,
trajectory_000000:8570,mutual,mutual.CO+T,superlevel,h1,0.1,2,1,1,
trajectory_000000:8570,mutual,mutual.CO+T,superlevel,h1,0.25,0,3,3,
trajectory_000000:8570,mutual,mutual.CO+T,superlevel,h1,0.5,0,0,0,
trajectory_000000:8570,mutual,mutual.CO+T,superlevel,h1,0.75,0,1,1,
trajectory_000000:8570,mutual,mutual.CO+T,superlevel,h1,0.9,1,1,0,
trajectory_000000:8570,mutual,mutual.CO+T,superlevel,h0,0.1,9,7,2,
trajectory_000000:8570,mutual,mutual.CO+T,superlevel,h0,0.25,4,3,1,
trajectory_000000:8570,mutual,mutual.CO+T,superlevel,h0,0.5,1,1,0,
trajectory_000000:8570,mutual,mutual.CO+T,superlevel,h0,0.75,2,1,1,
trajectory_000000:8570,mutual,mutual.CO+T,superlevel,h0,0.9,1,2,1,
trajectory_000000:8570,mutual,mutual.CO+T,superlevel,h1,0.1,1,0,1,
trajectory_000000:8570,mutual,mutual.CO+T,superlevel,h1,0.25,3,3,0,
trajectory_000000:8570,mutual,mutual.CO+T,superlevel,h1,0.5,0,0,0,
trajectory_000000:8570,mutual,mutual.CO+T,superlevel,h1,0.75,0,1,1,
trajectory_000000:8570,mutual,mutual.CO+T,superlevel,h1,0.9,1,1,0,
trajectory_000000:8570,mutual,mutual.CO+T,superlevel,h0,0.1,12,9,3,
trajectory_000000:8570,mutual,mutual.CO+T,superlevel,h0,0.25,6,2,4,
trajectory_000000:8570,mutual,mutual.CO+T,superlevel,h0,0.5,1,1,0,
trajectory_000000:8570,mutual,mutual.CO+T,superlevel,h0,0.75,1,2,1,
trajectory_000000:8570,mutual,mutual.CO+T,superlevel,h0,0.9,1,2,1,
trajectory_000000:8570,mutual,mutual.CO+T,superlevel,h1,0.1,1,0,1,
trajectory_000000:8570,mutual,mutual.CO+T,superlevel,h1,0.25,4,4,0,
trajectory_000000:8570,mutual,mutual.CO+T,superlevel,h1,0.5,0,0,0,
trajectory_000000:8570,mutual,mutual.CO+T,superlevel,h1,0.75,86,0,86,
trajectory_000000:8570,mutual,mutual.CO+T,superlevel,h1,0.9,86,0,86,
trajectory_000000:8570,persistence_distance,topology.self.persistence,,,,,,,0.016479050740599632
trajectory_000000:8570,persistence_distance,topology.mutual.persistence,,,,,,,0.0028020453173667192
trajectory_000000:8570,persistence_distance,topology.component_weighted_total_before_outer_family_weight,,,,,,,0.019281096756458282
trajectory_000000:8570,dimension_distance_diagnostic,topology.self.CO.h0,,,,,,,0.05884037911891937
trajectory_000000:8570,dimension_distance_diagnostic,topology.self.CO.h1,,,,,,,0.0015497695421800017
trajectory_000000:8570,dimension_distance_diagnostic,topology.self.T.h0,,,,,,,0.00540167884901166
trajectory_000000:8570,dimension_distance_diagnostic,topology.self.T.h1,,,,,,,0.00012437402619980276
trajectory_000000:8570,dimension_distance_diagnostic,topology.mutual.CO+T.h0,,,,,,,0.004248938988894224
trajectory_000000:8570,dimension_distance_diagnostic,topology.mutual.CO+T.h1,,,,,,,0.0013551517622545362
trajectory_000000:8586,self,self.CO,sublevel,h0,0.1,4,1,3,
trajectory_000000:8586,self,self.CO,sublevel,h0,0.25,4,1,3,
trajectory_000000:8586,self,self.CO,sublevel,h0,0.5,4,2,2,
trajectory_000000:8586,self,self.CO,sublevel,h0,0.75,3,2,1,
trajectory_000000:8586,self,self.CO,sublevel,h0,0.9,1,1,0,
trajectory_000000:8586,self,self.CO,sublevel,h1,0.1,76,1,75,
trajectory_000000:8586,self,self.CO,sublevel,h1,0.25,76,1,75,
trajectory_000000:8586,self,self.CO,sublevel,h1,0.5,1,0,1,
trajectory_000000:8586,self,self.CO,sublevel,h1,0.75,3,1,2,
trajectory_000000:8586,self,self.CO,sublevel,h1,0.9,8,3,5,
trajectory_000000:8586,self,self.T,sublevel,h0,0.1,5,7,2,
trajectory_000000:8586,self,self.T,sublevel,h0,0.25,3,6,3,
trajectory_000000:8586,self,self.T,sublevel,h0,0.5,2,1,1,
trajectory_000000:8586,self,self.T,sublevel,h0,0.75,1,1,0,
trajectory_000000:8586,self,self.T,sublevel,h0,0.9,2,1,1,
trajectory_000000:8586,self,self.T,sublevel,h1,0.1,0,0,0,
trajectory_000000:8586,self,self.T,sublevel,h1,0.25,0,3,3,
trajectory_000000:8586,self,self.T,sublevel,h1,0.5,0,0,0,
trajectory_000000:8586,self,self.T,sublevel,h1,0.75,3,1,2,
trajectory_000000:8586,self,self.T,sublevel,h1,0.9,6,8,2,
trajectory_000000:8586,mutual,mutual.CO+T,sublevel,h0,0.1,5,7,2,
trajectory_000000:8586,mutual,mutual.CO+T,sublevel,h0,0.25,3,6,3,
trajectory_000000:8586,mutual,mutual.CO+T,sublevel,h0,0.5,2,1,1,
trajectory_000000:8586,mutual,mutual.CO+T,sublevel,h0,0.75,3,2,1,
trajectory_000000:8586,mutual,mutual.CO+T,sublevel,h0,0.9,1,1,0,
trajectory_000000:8586,mutual,mutual.CO+T,sublevel,h1,0.1,0,0,0,
trajectory_000000:8586,mutual,mutual.CO+T,sublevel,h1,0.25,0,3,3,
trajectory_000000:8586,mutual,mutual.CO+T,sublevel,h1,0.5,0,0,0,
trajectory_000000:8586,mutual,mutual.CO+T,sublevel,h1,0.75,6,4,2,
trajectory_000000:8586,mutual,mutual.CO+T,sublevel,h1,0.9,8,3,5,
trajectory_000000:8586,mutual,mutual.CO+T,sublevel,h0,0.1,4,1,3,
trajectory_000000:8586,mutual,mutual.CO+T,sublevel,h0,0.25,4,1,3,
trajectory_000000:8586,mutual,mutual.CO+T,sublevel,h0,0.5,2,2,0,
trajectory_000000:8586,mutual,mutual.CO+T,sublevel,h0,0.75,5,2,3,
trajectory_000000:8586,mutual,mutual.CO+T,sublevel,h0,0.9,1,1,0,
trajectory_000000:8586,mutual,mutual.CO+T,sublevel,h1,0.1,76,1,75,
trajectory_000000:8586,mutual,mutual.CO+T,sublevel,h1,0.25,76,1,75,
trajectory_000000:8586,mutual,mutual.CO+T,sublevel,h1,0.5,0,0,0,
trajectory_000000:8586,mutual,mutual.CO+T,sublevel,h1,0.75,6,5,1,
trajectory_000000:8586,mutual,mutual.CO+T,sublevel,h1,0.9,8,3,5,
trajectory_000000:8586,mutual,mutual.CO+T,sublevel,h0,0.1,5,7,2,
trajectory_000000:8586,mutual,mutual.CO+T,sublevel,h0,0.25,3,6,3,
trajectory_000000:8586,mutual,mutual.CO+T,sublevel,h0,0.5,2,2,0,
trajectory_000000:8586,mutual,mutual.CO+T,sublevel,h0,0.75,3,2,1,
trajectory_000000:8586,mutual,mutual.CO+T,sublevel,h0,0.9,1,1,0,
trajectory_000000:8586,mutual,mutual.CO+T,sublevel,h1,0.1,0,0,0,
trajectory_000000:8586,mutual,mutual.CO+T,sublevel,h1,0.25,0,3,3,
trajectory_000000:8586,mutual,mutual.CO+T,sublevel,h1,0.5,0,0,0,
trajectory_000000:8586,mutual,mutual.CO+T,sublevel,h1,0.75,3,1,2,
trajectory_000000:8586,mutual,mutual.CO+T,sublevel,h1,0.9,8,3,5,
trajectory_000000:8586,self,self.CO,superlevel,h0,0.1,13,5,8,
trajectory_000000:8586,self,self.CO,superlevel,h0,0.25,10,4,6,
trajectory_000000:8586,self,self.CO,superlevel,h0,0.5,2,1,1,
trajectory_000000:8586,self,self.CO,superlevel,h0,0.75,1,3,2,
trajectory_000000:8586,self,self.CO,superlevel,h0,0.9,1,3,2,
trajectory_000000:8586,self,self.CO,superlevel,h1,0.1,0,0,0,
trajectory_000000:8586,self,self.CO,superlevel,h1,0.25,0,1,1,
trajectory_000000:8586,self,self.CO,superlevel,h1,0.5,0,0,0,
trajectory_000000:8586,self,self.CO,superlevel,h1,0.75,1,0,1,
trajectory_000000:8586,self,self.CO,superlevel,h1,0.9,1,0,1,
trajectory_000000:8586,self,self.T,superlevel,h0,0.1,8,9,1,
trajectory_000000:8586,self,self.T,superlevel,h0,0.25,5,2,3,
trajectory_000000:8586,self,self.T,superlevel,h0,0.5,1,1,0,
trajectory_000000:8586,self,self.T,superlevel,h0,0.75,2,5,3,
trajectory_000000:8586,self,self.T,superlevel,h0,0.9,1,1,0,
trajectory_000000:8586,self,self.T,superlevel,h1,0.1,1,0,1,
trajectory_000000:8586,self,self.T,superlevel,h1,0.25,0,0,0,
trajectory_000000:8586,self,self.T,superlevel,h1,0.5,0,0,0,
trajectory_000000:8586,self,self.T,superlevel,h1,0.75,1,1,0,
trajectory_000000:8586,self,self.T,superlevel,h1,0.9,3,2,1,
trajectory_000000:8586,mutual,mutual.CO+T,superlevel,h0,0.1,7,6,1,
trajectory_000000:8586,mutual,mutual.CO+T,superlevel,h0,0.25,2,3,1,
trajectory_000000:8586,mutual,mutual.CO+T,superlevel,h0,0.5,1,1,0,
trajectory_000000:8586,mutual,mutual.CO+T,superlevel,h0,0.75,2,5,3,
trajectory_000000:8586,mutual,mutual.CO+T,superlevel,h0,0.9,1,1,0,
trajectory_000000:8586,mutual,mutual.CO+T,superlevel,h1,0.1,1,0,1,
trajectory_000000:8586,mutual,mutual.CO+T,superlevel,h1,0.25,0,0,0,
trajectory_000000:8586,mutual,mutual.CO+T,superlevel,h1,0.5,0,0,0,
trajectory_000000:8586,mutual,mutual.CO+T,superlevel,h1,0.75,1,1,0,
trajectory_000000:8586,mutual,mutual.CO+T,superlevel,h1,0.9,3,2,1,
trajectory_000000:8586,mutual,mutual.CO+T,superlevel,h0,0.1,9,7,2,
trajectory_000000:8586,mutual,mutual.CO+T,superlevel,h0,0.25,9,4,5,
trajectory_000000:8586,mutual,mutual.CO+T,superlevel,h0,0.5,1,1,0,
trajectory_000000:8586,mutual,mutual.CO+T,superlevel,h0,0.75,2,5,3,
trajectory_000000:8586,mutual,mutual.CO+T,superlevel,h0,0.9,1,1,0,
trajectory_000000:8586,mutual,mutual.CO+T,superlevel,h1,0.1,1,0,1,
trajectory_000000:8586,mutual,mutual.CO+T,superlevel,h1,0.25,0,1,1,
trajectory_000000:8586,mutual,mutual.CO+T,superlevel,h1,0.5,0,0,0,
trajectory_000000:8586,mutual,mutual.CO+T,superlevel,h1,0.75,1,1,0,
trajectory_000000:8586,mutual,mutual.CO+T,superlevel,h1,0.9,3,2,1,
trajectory_000000:8586,mutual,mutual.CO+T,superlevel,h0,0.1,7,11,4,
trajectory_000000:8586,mutual,mutual.CO+T,superlevel,h0,0.25,12,4,8,
trajectory_000000:8586,mutual,mutual.CO+T,superlevel,h0,0.5,2,1,1,
trajectory_000000:8586,mutual,mutual.CO+T,superlevel,h0,0.75,1,3,2,
trajectory_000000:8586,mutual,mutual.CO+T,superlevel,h0,0.9,1,3,2,
trajectory_000000:8586,mutual,mutual.CO+T,superlevel,h1,0.1,0,0,0,
trajectory_000000:8586,mutual,mutual.CO+T,superlevel,h1,0.25,0,1,1,
trajectory_000000:8586,mutual,mutual.CO+T,superlevel,h1,0.5,0,0,0,
trajectory_000000:8586,mutual,mutual.CO+T,superlevel,h1,0.75,1,0,1,
trajectory_000000:8586,mutual,mutual.CO+T,superlevel,h1,0.9,1,0,1,
trajectory_000000:8586,persistence_distance,topology.self.persistence,,,,,,,0.0066666631028056145
trajectory_000000:8586,persistence_distance,topology.mutual.persistence,,,,,,,0.002271130448207259
trajectory_000000:8586,persistence_distance,topology.component_weighted_total_before_outer_family_weight,,,,,,,0.008937793783843517
trajectory_000000:8586,dimension_distance_diagnostic,topology.self.CO.h0,,,,,,,0.02227046899497509
trajectory_000000:8586,dimension_distance_diagnostic,topology.self.CO.h1,,,,,,,0.0009290949092246592
trajectory_000000:8586,dimension_distance_diagnostic,topology.self.T.h0,,,,,,,0.003386699128895998
trajectory_000000:8586,dimension_distance_diagnostic,topology.self.T.h1,,,,,,,8.038862142711878e-05
trajectory_000000:8586,dimension_distance_diagnostic,topology.mutual.CO+T.h0,,,,,,,0.003773411037400365
trajectory_000000:8586,dimension_distance_diagnostic,topology.mutual.CO+T.h1,,,,,,,0.0007688503246754408
trajectory_000000:8602,self,self.CO,sublevel,h0,0.1,1,2,1,
trajectory_000000:8602,self,self.CO,sublevel,h0,0.25,1,2,1,
trajectory_000000:8602,self,self.CO,sublevel,h0,0.5,9,9,0,
trajectory_000000:8602,self,self.CO,sublevel,h0,0.75,4,2,2,
trajectory_000000:8602,self,self.CO,sublevel,h0,0.9,2,1,1,
trajectory_000000:8602,self,self.CO,sublevel,h1,0.1,0,0,0,
trajectory_000000:8602,self,self.CO,sublevel,h1,0.25,0,0,0,
trajectory_000000:8602,self,self.CO,sublevel,h1,0.5,0,0,0,
trajectory_000000:8602,self,self.CO,sublevel,h1,0.75,4,4,0,
trajectory_000000:8602,self,self.CO,sublevel,h1,0.9,7,3,4,
trajectory_000000:8602,self,self.T,sublevel,h0,0.1,4,2,2,
trajectory_000000:8602,self,self.T,sublevel,h0,0.25,5,2,3,
trajectory_000000:8602,self,self.T,sublevel,h0,0.5,10,2,8,
trajectory_000000:8602,self,self.T,sublevel,h0,0.75,1,1,0,
trajectory_000000:8602,self,self.T,sublevel,h0,0.9,2,3,1,
trajectory_000000:8602,self,self.T,sublevel,h1,0.1,2,2,0,
trajectory_000000:8602,self,self.T,sublevel,h1,0.25,0,2,2,
trajectory_000000:8602,self,self.T,sublevel,h1,0.5,0,0,0,
trajectory_000000:8602,self,self.T,sublevel,h1,0.75,1,3,2,
trajectory_000000:8602,self,self.T,sublevel,h1,0.9,2,2,0,
trajectory_000000:8602,mutual,mutual.CO+T,sublevel,h0,0.1,4,2,2,
trajectory_000000:8602,mutual,mutual.CO+T,sublevel,h0,0.25,5,2,3,
trajectory_000000:8602,mutual,mutual.CO+T,sublevel,h0,0.5,12,2,10,
trajectory_000000:8602,mutual,mutual.CO+T,sublevel,h0,0.75,10,4,6,
trajectory_000000:8602,mutual,mutual.CO+T,sublevel,h0,0.9,2,1,1,
trajectory_000000:8602,mutual,mutual.CO+T,sublevel,h1,0.1,2,2,0,
trajectory_000000:8602,mutual,mutual.CO+T,sublevel,h1,0.25,0,2,2,
trajectory_000000:8602,mutual,mutual.CO+T,sublevel,h1,0.5,0,0,0,
trajectory_000000:8602,mutual,mutual.CO+T,sublevel,h1,0.75,4,4,0,
trajectory_000000:8602,mutual,mutual.CO+T,sublevel,h1,0.9,7,3,4,
trajectory_000000:8602,mutual,mutual.CO+T,sublevel,h0,0.1,1,2,1,
trajectory_000000:8602,mutual,mutual.CO+T,sublevel,h0,0.25,1,2,1,
trajectory_000000:8602,mutual,mutual.CO+T,sublevel,h0,0.5,21,6,15,
trajectory_000000:8602,mutual,mutual.CO+T,sublevel,h0,0.75,13,4,9,
trajectory_000000:8602,mutual,mutual.CO+T,sublevel,h0,0.9,2,1,1,
trajectory_000000:8602,mutual,mutual.CO+T,sublevel,h1,0.1,0,0,0,
trajectory_000000:8602,mutual,mutual.CO+T,sublevel,h1,0.25,0,0,0,
trajectory_000000:8602,mutual,mutual.CO+T,sublevel,h1,0.5,0,0,0,
trajectory_000000:8602,mutual,mutual.CO+T,sublevel,h1,0.75,4,4,0,
trajectory_000000:8602,mutual,mutual.CO+T,sublevel,h1,0.9,7,3,4,
trajectory_000000:8602,mutual,mutual.CO+T,sublevel,h0,0.1,4,2,2,
trajectory_000000:8602,mutual,mutual.CO+T,sublevel,h0,0.25,5,2,3,
trajectory_000000:8602,mutual,mutual.CO+T,sublevel,h0,0.5,19,9,10,
trajectory_000000:8602,mutual,mutual.CO+T,sublevel,h0,0.75,4,2,2,
trajectory_000000:8602,mutual,mutual.CO+T,sublevel,h0,0.9,2,1,1,
trajectory_000000:8602,mutual,mutual.CO+T,sublevel,h1,0.1,2,2,0,
trajectory_000000:8602,mutual,mutual.CO+T,sublevel,h1,0.25,0,2,2,
trajectory_000000:8602,mutual,mutual.CO+T,sublevel,h1,0.5,0,0,0,
trajectory_000000:8602,mutual,mutual.CO+T,sublevel,h1,0.75,4,4,0,
trajectory_000000:8602,mutual,mutual.CO+T,sublevel,h1,0.9,7,3,4,
trajectory_000000:8602,self,self.CO,superlevel,h0,0.1,9,4,5,
trajectory_000000:8602,self,self.CO,superlevel,h0,0.25,7,6,1,
trajectory_000000:8602,self,self.CO,superlevel,h0,0.5,1,1,0,
trajectory_000000:8602,self,self.CO,superlevel,h0,0.75,1,2,1,
trajectory_000000:8602,self,self.CO,superlevel,h0,0.9,1,2,1,
trajectory_000000:8602,self,self.CO,superlevel,h1,0.1,1,0,1,
trajectory_000000:8602,self,self.CO,superlevel,h1,0.25,3,1,2,
trajectory_000000:8602,self,self.CO,superlevel,h1,0.5,1,3,2,
trajectory_000000:8602,self,self.CO,superlevel,h1,0.75,79,0,79,
trajectory_000000:8602,self,self.CO,superlevel,h1,0.9,79,0,79,
trajectory_000000:8602,self,self.T,superlevel,h0,0.1,4,5,1,
trajectory_000000:8602,self,self.T,superlevel,h0,0.25,3,4,1,
trajectory_000000:8602,self,self.T,superlevel,h0,0.5,1,1,0,
trajectory_000000:8602,self,self.T,superlevel,h0,0.75,1,4,3,
trajectory_000000:8602,self,self.T,superlevel,h0,0.9,3,5,2,
trajectory_000000:8602,self,self.T,superlevel,h1,0.1,0,1,1,
trajectory_000000:8602,self,self.T,superlevel,h1,0.25,0,0,0,
trajectory_000000:8602,self,self.T,superlevel,h1,0.5,0,0,0,
trajectory_000000:8602,self,self.T,superlevel,h1,0.75,1,0,1,
trajectory_000000:8602,self,self.T,superlevel,h1,0.9,1,0,1,
trajectory_000000:8602,mutual,mutual.CO+T,superlevel,h0,0.1,5,5,0,
trajectory_000000:8602,mutual,mutual.CO+T,superlevel,h0,0.25,1,2,1,
trajectory_000000:8602,mutual,mutual.CO+T,superlevel,h0,0.5,1,1,0,
trajectory_000000:8602,mutual,mutual.CO+T,superlevel,h0,0.75,1,4,3,
trajectory_000000:8602,mutual,mutual.CO+T,superlevel,h0,0.9,3,5,2,
trajectory_000000:8602,mutual,mutual.CO+T,superlevel,h1,0.1,0,1,1,
trajectory_000000:8602,mutual,mutual.CO+T,superlevel,h1,0.25,0,0,0,
trajectory_000000:8602,mutual,mutual.CO+T,superlevel,h1,0.5,0,0,0,
trajectory_000000:8602,mutual,mutual.CO+T,superlevel,h1,0.75,1,0,1,
trajectory_000000:8602,mutual,mutual.CO+T,superlevel,h1,0.9,1,0,1,
trajectory_000000:8602,mutual,mutual.CO+T,superlevel,h0,0.1,8,11,3,
trajectory_000000:8602,mutual,mutual.CO+T,superlevel,h0,0.25,6,2,4,
trajectory_000000:8602,mutual,mutual.CO+T,superlevel,h0,0.5,1,1,0,
trajectory_000000:8602,mutual,mutual.CO+T,superlevel,h0,0.75,1,4,3,
trajectory_000000:8602,mutual,mutual.CO+T,superlevel,h0,0.9,3,5,2,
trajectory_000000:8602,mutual,mutual.CO+T,superlevel,h1,0.1,0,0,0,
trajectory_000000:8602,mutual,mutual.CO+T,superlevel,h1,0.25,3,4,1,
trajectory_000000:8602,mutual,mutual.CO+T,superlevel,h1,0.5,0,0,0,
trajectory_000000:8602,mutual,mutual.CO+T,superlevel,h1,0.75,1,0,1,
trajectory_000000:8602,mutual,mutual.CO+T,superlevel,h1,0.9,1,0,1,
trajectory_000000:8602,mutual,mutual.CO+T,superlevel,h0,0.1,12,6,6,
trajectory_000000:8602,mutual,mutual.CO+T,superlevel,h0,0.25,6,3,3,
trajectory_000000:8602,mutual,mutual.CO+T,superlevel,h0,0.5,1,1,0,
trajectory_000000:8602,mutual,mutual.CO+T,superlevel,h0,0.75,1,2,1,
trajectory_000000:8602,mutual,mutual.CO+T,superlevel,h0,0.9,1,2,1,
trajectory_000000:8602,mutual,mutual.CO+T,superlevel,h1,0.1,0,0,0,
trajectory_000000:8602,mutual,mutual.CO+T,superlevel,h1,0.25,4,3,1,
trajectory_000000:8602,mutual,mutual.CO+T,superlevel,h1,0.5,1,3,2,
trajectory_000000:8602,mutual,mutual.CO+T,superlevel,h1,0.75,79,0,79,
trajectory_000000:8602,mutual,mutual.CO+T,superlevel,h1,0.9,79,0,79,
trajectory_000000:8602,persistence_distance,topology.self.persistence,,,,,,,0.00650444021448493
trajectory_000000:8602,persistence_distance,topology.mutual.persistence,,,,,,,0.0022192378528416157
trajectory_000000:8602,persistence_distance,topology.component_weighted_total_before_outer_family_weight,,,,,,,0.008723678067326546
trajectory_000000:8602,dimension_distance_diagnostic,topology.self.CO.h0,,,,,,,0.021596310660243034
trajectory_000000:8602,dimension_distance_diagnostic,topology.self.CO.h1,,,,,,,0.0015123372431844473
trajectory_000000:8602,dimension_distance_diagnostic,topology.self.T.h0,,,,,,,0.0028212470933794975
trajectory_000000:8602,dimension_distance_diagnostic,topology.self.T.h1,,,,,,,8.786600665189326e-05
trajectory_000000:8602,dimension_distance_diagnostic,topology.mutual.CO+T.h0,,,,,,,0.0031560147181153297
trajectory_000000:8602,dimension_distance_diagnostic,topology.mutual.CO+T.h1,,,,,,,0.001282461336813867
trajectory_000000:8618,self,self.CO,sublevel,h0,0.1,4,10,6,
trajectory_000000:8618,self,self.CO,sublevel,h0,0.25,4,10,6,
trajectory_000000:8618,self,self.CO,sublevel,h0,0.5,9,6,3,
trajectory_000000:8618,self,self.CO,sublevel,h0,0.75,8,1,7,
trajectory_000000:8618,self,self.CO,sublevel,h0,0.9,1,1,0,
trajectory_000000:8618,self,self.CO,sublevel,h1,0.1,80,3,77,
trajectory_000000:8618,self,self.CO,sublevel,h1,0.25,80,3,77,
trajectory_000000:8618,self,self.CO,sublevel,h1,0.5,0,0,0,
trajectory_000000:8618,self,self.CO,sublevel,h1,0.75,2,2,0,
trajectory_000000:8618,self,self.CO,sublevel,h1,0.9,8,3,5,
trajectory_000000:8618,self,self.T,sublevel,h0,0.1,3,1,2,
trajectory_000000:8618,self,self.T,sublevel,h0,0.25,4,1,3,
trajectory_000000:8618,self,self.T,sublevel,h0,0.5,7,1,6,
trajectory_000000:8618,self,self.T,sublevel,h0,0.75,2,1,1,
trajectory_000000:8618,self,self.T,sublevel,h0,0.9,1,1,0,
trajectory_000000:8618,self,self.T,sublevel,h1,0.1,0,2,2,
trajectory_000000:8618,self,self.T,sublevel,h1,0.25,1,2,1,
trajectory_000000:8618,self,self.T,sublevel,h1,0.5,0,0,0,
trajectory_000000:8618,self,self.T,sublevel,h1,0.75,1,1,0,
trajectory_000000:8618,self,self.T,sublevel,h1,0.9,6,2,4,
trajectory_000000:8618,mutual,mutual.CO+T,sublevel,h0,0.1,3,1,2,
trajectory_000000:8618,mutual,mutual.CO+T,sublevel,h0,0.25,4,1,3,
trajectory_000000:8618,mutual,mutual.CO+T,sublevel,h0,0.5,7,1,6,
trajectory_000000:8618,mutual,mutual.CO+T,sublevel,h0,0.75,16,3,13,
trajectory_000000:8618,mutual,mutual.CO+T,sublevel,h0,0.9,1,1,0,
trajectory_000000:8618,mutual,mutual.CO+T,sublevel,h1,0.1,0,2,2,
trajectory_000000:8618,mutual,mutual.CO+T,sublevel,h1,0.25,1,2,1,
trajectory_000000:8618,mutual,mutual.CO+T,sublevel,h1,0.5,0,0,0,
trajectory_000000:8618,mutual,mutual.CO+T,sublevel,h1,0.75,7,1,6,
trajectory_000000:8618,mutual,mutual.CO+T,sublevel,h1,0.9,10,1,9,
trajectory_000000:8618,mutual,mutual.CO+T,sublevel,h0,0.1,4,10,6,
trajectory_000000:8618,mutual,mutual.CO+T,sublevel,h0,0.25,4,10,6,
trajectory_000000:8618,mutual,mutual.CO+T,sublevel,h0,0.5,10,10,0,
trajectory_000000:8618,mutual,mutual.CO+T,sublevel,h0,0.75,13,4,9,
trajectory_000000:8618,mutual,mutual.CO+T,sublevel,h0,0.9,1,1,0,
trajectory_000000:8618,mutual,mutual.CO+T,sublevel,h1,0.1,80,3,77,
trajectory_000000:8618,mutual,mutual.CO+T,sublevel,h1,0.25,80,3,77,
trajectory_000000:8618,mutual,mutual.CO+T,sublevel,h1,0.5,0,0,0,
trajectory_000000:8618,mutual,mutual.CO+T,sublevel,h1,0.75,8,3,5,
trajectory_000000:8618,mutual,mutual.CO+T,sublevel,h1,0.9,10,1,9,
trajectory_000000:8618,mutual,mutual.CO+T,sublevel,h0,0.1,3,1,2,
trajectory_000000:8618,mutual,mutual.CO+T,sublevel,h0,0.25,4,1,3,
trajectory_000000:8618,mutual,mutual.CO+T,sublevel,h0,0.5,11,12,1,
trajectory_000000:8618,mutual,mutual.CO+T,sublevel,h0,0.75,8,1,7,
trajectory_000000:8618,mutual,mutual.CO+T,sublevel,h0,0.9,1,1,0,
trajectory_000000:8618,mutual,mutual.CO+T,sublevel,h1,0.1,0,2,2,
trajectory_000000:8618,mutual,mutual.CO+T,sublevel,h1,0.25,1,2,1,
trajectory_000000:8618,mutual,mutual.CO+T,sublevel,h1,0.5,0,0,0,
trajectory_000000:8618,mutual,mutual.CO+T,sublevel,h1,0.75,2,2,0,
trajectory_000000:8618,mutual,mutual.CO+T,sublevel,h1,0.9,8,3,5,
trajectory_000000:8618,self,self.CO,superlevel,h0,0.1,10,5,5,
trajectory_000000:8618,self,self.CO,superlevel,h0,0.25,5,5,0,
trajectory_000000:8618,self,self.CO,superlevel,h0,0.5,1,2,1,
trajectory_000000:8618,self,self.CO,superlevel,h0,0.75,1,6,5,
trajectory_000000:8618,self,self.CO,superlevel,h0,0.9,1,6,5,
trajectory_000000:8618,self,self.CO,superlevel,h1,0.1,0,0,0,
trajectory_000000:8618,self,self.CO,superlevel,h1,0.25,5,0,5,
trajectory_000000:8618,self,self.CO,superlevel,h1,0.5,3,0,3,
trajectory_000000:8618,self,self.CO,superlevel,h1,0.75,1,4,3,
trajectory_000000:8618,self,self.CO,superlevel,h1,0.9,1,4,3,
trajectory_000000:8618,self,self.T,superlevel,h0,0.1,7,3,4,
trajectory_000000:8618,self,self.T,superlevel,h0,0.25,3,2,1,
trajectory_000000:8618,self,self.T,superlevel,h0,0.5,1,1,0,
trajectory_000000:8618,self,self.T,superlevel,h0,0.75,5,7,2,
trajectory_000000:8618,self,self.T,superlevel,h0,0.9,1,8,7,
trajectory_000000:8618,self,self.T,superlevel,h1,0.1,0,0,0,
trajectory_000000:8618,self,self.T,superlevel,h1,0.25,1,0,1,
trajectory_000000:8618,self,self.T,superlevel,h1,0.5,0,0,0,
trajectory_000000:8618,self,self.T,superlevel,h1,0.75,1,0,1,
trajectory_000000:8618,self,self.T,superlevel,h1,0.9,0,0,0,
trajectory_000000:8618,mutual,mutual.CO+T,superlevel,h0,0.1,6,3,3,
trajectory_000000:8618,mutual,mutual.CO+T,superlevel,h0,0.25,4,2,2,
trajectory_000000:8618,mutual,mutual.CO+T,superlevel,h0,0.5,1,1,0,
trajectory_000000:8618,mutual,mutual.CO+T,superlevel,h0,0.75,5,7,2,
trajectory_000000:8618,mutual,mutual.CO+T,superlevel,h0,0.9,1,8,7,
trajectory_000000:8618,mutual,mutual.CO+T,superlevel,h1,0.1,0,0,0,
trajectory_000000:8618,mutual,mutual.CO+T,superlevel,h1,0.25,0,1,1,
trajectory_000000:8618,mutual,mutual.CO+T,superlevel,h1,0.5,0,0,0,
trajectory_000000:8618,mutual,mutual.CO+T,superlevel,h1,0.75,1,0,1,
trajectory_000000:8618,mutual,mutual.CO+T,superlevel,h1,0.9,0,0,0,
trajectory_000000:8618,mutual,mutual.CO+T,superlevel,h0,0.1,15,3,12,
trajectory_000000:8618,mutual,mutual.CO+T,superlevel,h0,0.25,5,6,1,
trajectory_000000:8618,mutual,mutual.CO+T,superlevel,h0,0.5,1,1,0,
trajectory_000000:8618,mutual,mutual.CO+T,superlevel,h0,0.75,5,7,2,
trajectory_000000:8618,mutual,mutual.CO+T,superlevel,h0,0.9,1,8,7,
trajectory_000000:8618,mutual,mutual.CO+T,superlevel,h1,0.1,0,1,1,
trajectory_000000:8618,mutual,mutual.CO+T,superlevel,h1,0.25,3,0,3,
trajectory_000000:8618,mutual,mutual.CO+T,superlevel,h1,0.5,0,0,0,
trajectory_000000:8618,mutual,mutual.CO+T,superlevel,h1,0.75,1,0,1,
trajectory_000000:8618,mutual,mutual.CO+T,superlevel,h1,0.9,0,0,0,
trajectory_000000:8618,mutual,mutual.CO+T,superlevel,h0,0.1,7,4,3,
trajectory_000000:8618,mutual,mutual.CO+T,superlevel,h0,0.25,6,4,2,
trajectory_000000:8618,mutual,mutual.CO+T,superlevel,h0,0.5,1,2,1,
trajectory_000000:8618,mutual,mutual.CO+T,superlevel,h0,0.75,1,6,5,
trajectory_000000:8618,mutual,mutual.CO+T,superlevel,h0,0.9,1,6,5,
trajectory_000000:8618,mutual,mutual.CO+T,superlevel,h1,0.1,0,0,0,
trajectory_000000:8618,mutual,mutual.CO+T,superlevel,h1,0.25,4,0,4,
trajectory_000000:8618,mutual,mutual.CO+T,superlevel,h1,0.5,3,0,3,
trajectory_000000:8618,mutual,mutual.CO+T,superlevel,h1,0.75,1,4,3,
trajectory_000000:8618,mutual,mutual.CO+T,superlevel,h1,0.9,1,4,3,
trajectory_000000:8618,persistence_distance,topology.self.persistence,,,,,,,0.0017832409357652068
trajectory_000000:8618,persistence_distance,topology.mutual.persistence,,,,,,,0.001583400764502585
trajectory_000000:8618,persistence_distance,topology.component_weighted_total_before_outer_family_weight,,,,,,,0.0033666417002677917
trajectory_000000:8618,dimension_distance_diagnostic,topology.self.CO.h0,,,,,,,0.0031795427203178406
trajectory_000000:8618,dimension_distance_diagnostic,topology.self.CO.h1,,,,,,,0.0009605200029909611
trajectory_000000:8618,dimension_distance_diagnostic,topology.self.T.h0,,,,,,,0.002831797581166029
trajectory_000000:8618,dimension_distance_diagnostic,topology.self.T.h1,,,,,,,0.00016110307478811592
trajectory_000000:8618,dimension_distance_diagnostic,topology.mutual.CO+T.h0,,,,,,,0.0023185869213193655
trajectory_000000:8618,dimension_distance_diagnostic,topology.mutual.CO+T.h1,,,,,,,0.0008482148987241089
trajectory_000000:8634,self,self.CO,sublevel,h0,0.1,1,1,0,
trajectory_000000:8634,self,self.CO,sublevel,h0,0.25,1,1,0,
trajectory_000000:8634,self,self.CO,sublevel,h0,0.5,4,4,0,
trajectory_000000:8634,self,self.CO,sublevel,h0,0.75,5,5,0,
trajectory_000000:8634,self,self.CO,sublevel,h0,0.9,1,1,0,
trajectory_000000:8634,self,self.CO,sublevel,h1,0.1,0,0,0,
trajectory_000000:8634,self,self.CO,sublevel,h1,0.25,0,0,0,
trajectory_000000:8634,self,self.CO,sublevel,h1,0.5,0,0,0,
trajectory_000000:8634,self,self.CO,sublevel,h1,0.75,1,3,2,
trajectory_000000:8634,self,self.CO,sublevel,h1,0.9,8,3,5,
trajectory_000000:8634,self,self.T,sublevel,h0,0.1,8,4,4,
trajectory_000000:8634,self,self.T,sublevel,h0,0.25,2,3,1,
trajectory_000000:8634,self,self.T,sublevel,h0,0.5,2,3,1,
trajectory_000000:8634,self,self.T,sublevel,h0,0.75,1,1,0,
trajectory_000000:8634,self,self.T,sublevel,h0,0.9,1,2,1,
trajectory_000000:8634,self,self.T,sublevel,h1,0.1,0,1,1,
trajectory_000000:8634,self,self.T,sublevel,h1,0.25,0,1,1,
trajectory_000000:8634,self,self.T,sublevel,h1,0.5,0,0,0,
trajectory_000000:8634,self,self.T,sublevel,h1,0.75,1,1,0,
trajectory_000000:8634,self,self.T,sublevel,h1,0.9,1,3,2,
trajectory_000000:8634,mutual,mutual.CO+T,sublevel,h0,0.1,8,4,4,
trajectory_000000:8634,mutual,mutual.CO+T,sublevel,h0,0.25,2,3,1,
trajectory_000000:8634,mutual,mutual.CO+T,sublevel,h0,0.5,2,2,0,
trajectory_000000:8634,mutual,mutual.CO+T,sublevel,h0,0.75,9,2,7,
trajectory_000000:8634,mutual,mutual.CO+T,sublevel,h0,0.9,1,1,0,
trajectory_000000:8634,mutual,mutual.CO+T,sublevel,h1,0.1,0,1,1,
trajectory_000000:8634,mutual,mutual.CO+T,sublevel,h1,0.25,0,1,1,
trajectory_000000:8634,mutual,mutual.CO+T,sublevel,h1,0.5,0,0,0,
trajectory_000000:8634,mutual,mutual.CO+T,sublevel,h1,0.75,5,6,1,
trajectory_000000:8634,mutual,mutual.CO+T,sublevel,h1,0.9,12,3,9,
trajectory_000000:8634,mutual,mutual.CO+T,sublevel,h0,0.1,1,1,0,
trajectory_000000:8634,mutual,mutual.CO+T,sublevel,h0,0.25,1,1,0,
trajectory_000000:8634,mutual,mutual.CO+T,sublevel,h0,0.5,3,1,2,
trajectory_000000:8634,mutual,mutual.CO+T,sublevel,h0,0.75,9,3,6,
trajectory_000000:8634,mutual,mutual.CO+T,sublevel,h0,0.9,1,1,0,
trajectory_000000:8634,mutual,mutual.CO+T,sublevel,h1,0.1,0,0,0,
trajectory_000000:8634,mutual,mutual.CO+T,sublevel,h1,0.25,0,0,0,
trajectory_000000:8634,mutual,mutual.CO+T,sublevel,h1,0.5,0,0,0,
trajectory_000000:8634,mutual,mutual.CO+T,sublevel,h1,0.75,5,5,0,
trajectory_000000:8634,mutual,mutual.CO+T,sublevel,h1,0.9,12,3,9,
trajectory_000000:8634,mutual,mutual.CO+T,sublevel,h0,0.1,8,4,4,
trajectory_000000:8634,mutual,mutual.CO+T,sublevel,h0,0.25,2,3,1,
trajectory_000000:8634,mutual,mutual.CO+T,sublevel,h0,0.5,3,1,2,
trajectory_000000:8634,mutual,mutual.CO+T,sublevel,h0,0.75,5,5,0,
trajectory_000000:8634,mutual,mutual.CO+T,sublevel,h0,0.9,1,1,0,
trajectory_000000:8634,mutual,mutual.CO+T,sublevel,h1,0.1,0,1,1,
trajectory_000000:8634,mutual,mutual.CO+T,sublevel,h1,0.25,0,1,1,
trajectory_000000:8634,mutual,mutual.CO+T,sublevel,h1,0.5,0,0,0,
trajectory_000000:8634,mutual,mutual.CO+T,sublevel,h1,0.75,1,3,2,
trajectory_000000:8634,mutual,mutual.CO+T,sublevel,h1,0.9,8,3,5,
trajectory_000000:8634,self,self.CO,superlevel,h0,0.1,9,4,5,
trajectory_000000:8634,self,self.CO,superlevel,h0,0.25,4,4,0,
trajectory_000000:8634,self,self.CO,superlevel,h0,0.5,1,1,0,
trajectory_000000:8634,self,self.CO,superlevel,h0,0.75,1,2,1,
trajectory_000000:8634,self,self.CO,superlevel,h0,0.9,1,2,1,
trajectory_000000:8634,self,self.CO,superlevel,h1,0.1,0,0,0,
trajectory_000000:8634,self,self.CO,superlevel,h1,0.25,3,2,1,
trajectory_000000:8634,self,self.CO,superlevel,h1,0.5,0,0,0,
trajectory_000000:8634,self,self.CO,superlevel,h1,0.75,94,0,94,
trajectory_000000:8634,self,self.CO,superlevel,h1,0.9,94,0,94,
trajectory_000000:8634,self,self.T,superlevel,h0,0.1,3,5,2,
trajectory_000000:8634,self,self.T,superlevel,h0,0.25,3,2,1,
trajectory_000000:8634,self,self.T,superlevel,h0,0.5,1,1,0,
trajectory_000000:8634,self,self.T,superlevel,h0,0.75,2,4,2,
trajectory_000000:8634,self,self.T,superlevel,h0,0.9,1,3,2,
trajectory_000000:8634,self,self.T,superlevel,h1,0.1,0,0,0,
trajectory_000000:8634,self,self.T,superlevel,h1,0.25,0,0,0,
trajectory_000000:8634,self,self.T,superlevel,h1,0.5,1,2,1,
trajectory_000000:8634,self,self.T,superlevel,h1,0.75,0,0,0,
trajectory_000000:8634,self,self.T,superlevel,h1,0.9,2,0,2,
trajectory_000000:8634,mutual,mutual.CO+T,superlevel,h0,0.1,6,6,0,
trajectory_000000:8634,mutual,mutual.CO+T,superlevel,h0,0.25,2,3,1,
trajectory_000000:8634,mutual,mutual.CO+T,superlevel,h0,0.5,1,1,0,
trajectory_000000:8634,mutual,mutual.CO+T,superlevel,h0,0.75,2,4,2,
trajectory_000000:8634,mutual,mutual.CO+T,superlevel,h0,0.9,1,3,2,
trajectory_000000:8634,mutual,mutual.CO+T,superlevel,h1,0.1,0,0,0,
trajectory_000000:8634,mutual,mutual.CO+T,superlevel,h1,0.25,0,0,0,
trajectory_000000:8634,mutual,mutual.CO+T,superlevel,h1,0.5,1,2,1,
trajectory_000000:8634,mutual,mutual.CO+T,superlevel,h1,0.75,0,0,0,
trajectory_000000:8634,mutual,mutual.CO+T,superlevel,h1,0.9,2,0,2,
trajectory_000000:8634,mutual,mutual.CO+T,superlevel,h0,0.1,17,6,11,
trajectory_000000:8634,mutual,mutual.CO+T,superlevel,h0,0.25,9,5,4,
trajectory_000000:8634,mutual,mutual.CO+T,superlevel,h0,0.5,1,1,0,
trajectory_000000:8634,mutual,mutual.CO+T,superlevel,h0,0.75,2,4,2,
trajectory_000000:8634,mutual,mutual.CO+T,superlevel,h0,0.9,1,3,2,
trajectory_000000:8634,mutual,mutual.CO+T,superlevel,h1,0.1,1,0,1,
trajectory_000000:8634,mutual,mutual.CO+T,superlevel,h1,0.25,1,3,2,
trajectory_000000:8634,mutual,mutual.CO+T,superlevel,h1,0.5,1,2,1,
trajectory_000000:8634,mutual,mutual.CO+T,superlevel,h1,0.75,0,0,0,
trajectory_000000:8634,mutual,mutual.CO+T,superlevel,h1,0.9,2,0,2,
trajectory_000000:8634,mutual,mutual.CO+T,superlevel,h0,0.1,6,8,2,
trajectory_000000:8634,mutual,mutual.CO+T,superlevel,h0,0.25,13,4,9,
trajectory_000000:8634,mutual,mutual.CO+T,superlevel,h0,0.5,1,1,0,
trajectory_000000:8634,mutual,mutual.CO+T,superlevel,h0,0.75,1,2,1,
trajectory_000000:8634,mutual,mutual.CO+T,superlevel,h0,0.9,1,2,1,
trajectory_000000:8634,mutual,mutual.CO+T,superlevel,h1,0.1,2,0,2,
trajectory_000000:8634,mutual,mutual.CO+T,superlevel,h1,0.25,1,2,1,
trajectory_000000:8634,mutual,mutual.CO+T,superlevel,h1,0.5,0,0,0,
trajectory_000000:8634,mutual,mutual.CO+T,superlevel,h1,0.75,94,0,94,
trajectory_000000:8634,mutual,mutual.CO+T,superlevel,h1,0.9,94,0,94,
trajectory_000000:8634,persistence_distance,topology.self.persistence,,,,,,,0.008426859974861145
trajectory_000000:8634,persistence_distance,topology.mutual.persistence,,,,,,,0.002799340756610036
trajectory_000000:8634,persistence_distance,topology.component_weighted_total_before_outer_family_weight,,,,,,,0.011226200498640537
trajectory_000000:8634,dimension_distance_diagnostic,topology.self.CO.h0,,,,,,,0.02906274050474167
trajectory_000000:8634,dimension_distance_diagnostic,topology.self.CO.h1,,,,,,,0.0016086662653833628
trajectory_000000:8634,dimension_distance_diagnostic,topology.self.T.h0,,,,,,,0.0028929212130606174
trajectory_000000:8634,dimension_distance_diagnostic,topology.self.T.h1,,,,,,,0.00014310913684312254
trajectory_000000:8634,dimension_distance_diagnostic,topology.mutual.CO+T.h0,,,,,,,0.004183981567621231
trajectory_000000:8634,dimension_distance_diagnostic,topology.mutual.CO+T.h1,,,,,,,0.0014147000620141625
trajectory_000000:8650,self,self.CO,sublevel,h0,0.1,1,1,0,
trajectory_000000:8650,self,self.CO,sublevel,h0,0.25,1,1,0,
trajectory_000000:8650,self,self.CO,sublevel,h0,0.5,4,1,3,
trajectory_000000:8650,self,self.CO,sublevel,h0,0.75,6,3,3,
trajectory_000000:8650,self,self.CO,sublevel,h0,0.9,1,3,2,
trajectory_000000:8650,self,self.CO,sublevel,h1,0.1,1,0,1,
trajectory_000000:8650,self,self.CO,sublevel,h1,0.25,1,0,1,
trajectory_000000:8650,self,self.CO,sublevel,h1,0.5,0,0,0,
trajectory_000000:8650,self,self.CO,sublevel,h1,0.75,4,1,3,
trajectory_000000:8650,self,self.CO,sublevel,h1,0.9,6,2,4,
trajectory_000000:8650,self,self.T,sublevel,h0,0.1,5,3,2,
trajectory_000000:8650,self,self.T,sublevel,h0,0.25,2,2,0,
trajectory_000000:8650,self,self.T,sublevel,h0,0.5,2,1,1,
trajectory_000000:8650,self,self.T,sublevel,h0,0.75,4,1,3,
trajectory_000000:8650,self,self.T,sublevel,h0,0.9,1,2,1,
trajectory_000000:8650,self,self.T,sublevel,h1,0.1,0,3,3,
trajectory_000000:8650,self,self.T,sublevel,h1,0.25,0,0,0,
trajectory_000000:8650,self,self.T,sublevel,h1,0.5,0,0,0,
trajectory_000000:8650,self,self.T,sublevel,h1,0.75,4,1,3,
trajectory_000000:8650,self,self.T,sublevel,h1,0.9,4,6,2,
trajectory_000000:8650,mutual,mutual.CO+T,sublevel,h0,0.1,5,3,2,
trajectory_000000:8650,mutual,mutual.CO+T,sublevel,h0,0.25,2,2,0,
trajectory_000000:8650,mutual,mutual.CO+T,sublevel,h0,0.5,2,1,1,
trajectory_000000:8650,mutual,mutual.CO+T,sublevel,h0,0.75,12,5,7,
trajectory_000000:8650,mutual,mutual.CO+T,sublevel,h0,0.9,1,2,1,
trajectory_000000:8650,mutual,mutual.CO+T,sublevel,h1,0.1,0,3,3,
trajectory_000000:8650,mutual,mutual.CO+T,sublevel,h1,0.25,0,0,0,
trajectory_000000:8650,mutual,mutual.CO+T,sublevel,h1,0.5,0,0,0,
trajectory_000000:8650,mutual,mutual.CO+T,sublevel,h1,0.75,5,5,0,
trajectory_000000:8650,mutual,mutual.CO+T,sublevel,h1,0.9,6,5,1,
trajectory_000000:8650,mutual,mutual.CO+T,sublevel,h0,0.1,1,1,0,
trajectory_000000:8650,mutual,mutual.CO+T,sublevel,h0,0.25,1,1,0,
trajectory_000000:8650,mutual,mutual.CO+T,sublevel,h0,0.5,1,1,0,
trajectory_000000:8650,mutual,mutual.CO+T,sublevel,h0,0.75,12,6,6,
trajectory_000000:8650,mutual,mutual.CO+T,sublevel,h0,0.9,1,2,1,
trajectory_000000:8650,mutual,mutual.CO+T,sublevel,h1,0.1,1,0,1,
trajectory_000000:8650,mutual,mutual.CO+T,sublevel,h1,0.25,1,0,1,
trajectory_000000:8650,mutual,mutual.CO+T,sublevel,h1,0.5,0,0,0,
trajectory_000000:8650,mutual,mutual.CO+T,sublevel,h1,0.75,5,4,1,
trajectory_000000:8650,mutual,mutual.CO+T,sublevel,h1,0.9,6,5,1,
trajectory_000000:8650,mutual,mutual.CO+T,sublevel,h0,0.1,5,3,2,
trajectory_000000:8650,mutual,mutual.CO+T,sublevel,h0,0.25,2,2,0,
trajectory_000000:8650,mutual,mutual.CO+T,sublevel,h0,0.5,2,1,1,
trajectory_000000:8650,mutual,mutual.CO+T,sublevel,h0,0.75,6,3,3,
trajectory_000000:8650,mutual,mutual.CO+T,sublevel,h0,0.9,1,3,2,
trajectory_000000:8650,mutual,mutual.CO+T,sublevel,h1,0.1,0,3,3,
trajectory_000000:8650,mutual,mutual.CO+T,sublevel,h1,0.25,0,0,0,
trajectory_000000:8650,mutual,mutual.CO+T,sublevel,h1,0.5,0,0,0,
trajectory_000000:8650,mutual,mutual.CO+T,sublevel,h1,0.75,4,1,3,
trajectory_000000:8650,mutual,mutual.CO+T,sublevel,h1,0.9,6,2,4,
trajectory_000000:8650,self,self.CO,superlevel,h0,0.1,10,4,6,
trajectory_000000:8650,self,self.CO,superlevel,h0,0.25,6,2,4,
trajectory_000000:8650,self,self.CO,superlevel,h0,0.5,1,1,0,
trajectory_000000:8650,self,self.CO,superlevel,h0,0.75,1,2,1,
trajectory_000000:8650,self,self.CO,superlevel,h0,0.9,1,2,1,
trajectory_000000:8650,self,self.CO,superlevel,h1,0.1,0,1,1,
trajectory_000000:8650,self,self.CO,superlevel,h1,0.25,5,1,4,
trajectory_000000:8650,self,self.CO,superlevel,h1,0.5,0,0,0,
trajectory_000000:8650,self,self.CO,superlevel,h1,0.75,93,0,93,
trajectory_000000:8650,self,self.CO,superlevel,h1,0.9,93,0,93,
trajectory_000000:8650,self,self.T,superlevel,h0,0.1,6,6,0,
trajectory_000000:8650,self,self.T,superlevel,h0,0.25,7,3,4,
trajectory_000000:8650,self,self.T,superlevel,h0,0.5,1,1,0,
trajectory_000000:8650,self,self.T,superlevel,h0,0.75,1,7,6,
trajectory_000000:8650,self,self.T,superlevel,h0,0.9,1,5,4,
trajectory_000000:8650,self,self.T,superlevel,h1,0.1,0,0,0,
trajectory_000000:8650,self,self.T,superlevel,h1,0.25,2,0,2,
trajectory_000000:8650,self,self.T,superlevel,h1,0.5,0,0,0,
trajectory_000000:8650,self,self.T,superlevel,h1,0.75,0,0,0,
trajectory_000000:8650,self,self.T,superlevel,h1,0.9,3,1,2,
trajectory_000000:8650,mutual,mutual.CO+T,superlevel,h0,0.1,5,6,1,
trajectory_000000:8650,mutual,mutual.CO+T,superlevel,h0,0.25,4,3,1,
trajectory_000000:8650,mutual,mutual.CO+T,superlevel,h0,0.5,1,1,0,
trajectory_000000:8650,mutual,mutual.CO+T,superlevel,h0,0.75,1,7,6,
trajectory_000000:8650,mutual,mutual.CO+T,superlevel,h0,0.9,1,5,4,
trajectory_000000:8650,mutual,mutual.CO+T,superlevel,h1,0.1,0,0,0,
trajectory_000000:8650,mutual,mutual.CO+T,superlevel,h1,0.25,3,3,0,
trajectory_000000:8650,mutual,mutual.CO+T,superlevel,h1,0.5,0,0,0,
trajectory_000000:8650,mutual,mutual.CO+T,superlevel,h1,0.75,0,0,0,
trajectory_000000:8650,mutual,mutual.CO+T,superlevel,h1,0.9,3,1,2,
trajectory_000000:8650,mutual,mutual.CO+T,superlevel,h0,0.1,11,11,0,
trajectory_000000:8650,mutual,mutual.CO+T,superlevel,h0,0.25,7,2,5,
trajectory_000000:8650,mutual,mutual.CO+T,superlevel,h0,0.5,1,1,0,
trajectory_000000:8650,mutual,mutual.CO+T,superlevel,h0,0.75,1,7,6,
trajectory_000000:8650,mutual,mutual.CO+T,superlevel,h0,0.9,1,5,4,
trajectory_000000:8650,mutual,mutual.CO+T,superlevel,h1,0.1,0,0,0,
trajectory_000000:8650,mutual,mutual.CO+T,superlevel,h1,0.25,1,1,0,
trajectory_000000:8650,mutual,mutual.CO+T,superlevel,h1,0.5,0,0,0,
trajectory_000000:8650,mutual,mutual.CO+T,superlevel,h1,0.75,0,0,0,
trajectory_000000:8650,mutual,mutual.CO+T,superlevel,h1,0.9,3,1,2,
trajectory_000000:8650,mutual,mutual.CO+T,superlevel,h0,0.1,12,16,4,
trajectory_000000:8650,mutual,mutual.CO+T,superlevel,h0,0.25,10,2,8,
trajectory_000000:8650,mutual,mutual.CO+T,superlevel,h0,0.5,1,1,0,
trajectory_000000:8650,mutual,mutual.CO+T,superlevel,h0,0.75,1,2,1,
trajectory_000000:8650,mutual,mutual.CO+T,superlevel,h0,0.9,1,2,1,
trajectory_000000:8650,mutual,mutual.CO+T,superlevel,h1,0.1,0,0,0,
trajectory_000000:8650,mutual,mutual.CO+T,superlevel,h1,0.25,1,2,1,
trajectory_000000:8650,mutual,mutual.CO+T,superlevel,h1,0.5,0,0,0,
trajectory_000000:8650,mutual,mutual.CO+T,superlevel,h1,0.75,93,0,93,
trajectory_000000:8650,mutual,mutual.CO+T,superlevel,h1,0.9,93,0,93,
trajectory_000000:8650,persistence_distance,topology.self.persistence,,,,,,,0.01028077956289053
trajectory_000000:8650,persistence_distance,topology.mutual.persistence,,,,,,,0.002955208532512188
trajectory_000000:8650,persistence_distance,topology.component_weighted_total_before_outer_family_weight,,,,,,,0.013235988095402718
trajectory_000000:8650,dimension_distance_diagnostic,topology.self.CO.h0,,,,,,,0.03568755462765694
trajectory_000000:8650,dimension_distance_diagnostic,topology.self.CO.h1,,,,,,,0.001446119393222034
trajectory_000000:8650,dimension_distance_diagnostic,topology.self.T.h0,,,,,,,0.003894874593243003
trajectory_000000:8650,dimension_distance_diagnostic,topology.self.T.h1,,,,,,,9.457043779548258e-05
trajectory_000000:8650,dimension_distance_diagnostic,topology.mutual.CO+T.h0,,,,,,,0.0047174482606351376
trajectory_000000:8650,dimension_distance_diagnostic,topology.mutual.CO+T.h1,,,,,,,0.0011929691536352038
trajectory_000000:8666,self,self.CO,sublevel,h0,0.1,2,1,1,
trajectory_000000:8666,self,self.CO,sublevel,h0,0.25,2,1,1,
trajectory_000000:8666,self,self.CO,sublevel,h0,0.5,3,3,0,
trajectory_000000:8666,self,self.CO,sublevel,h0,0.75,4,1,3,
trajectory_000000:8666,self,self.CO,sublevel,h0,0.9,4,1,3,
trajectory_000000:8666,self,self.CO,sublevel,h1,0.1,83,0,83,
trajectory_000000:8666,self,self.CO,sublevel,h1,0.25,83,0,83,
trajectory_000000:8666,self,self.CO,sublevel,h1,0.5,0,0,0,
trajectory_000000:8666,self,self.CO,sublevel,h1,0.75,2,1,1,
trajectory_000000:8666,self,self.CO,sublevel,h1,0.9,12,3,9,
trajectory_000000:8666,self,self.T,sublevel,h0,0.1,2,5,3,
trajectory_000000:8666,self,self.T,sublevel,h0,0.25,3,4,1,
trajectory_000000:8666,self,self.T,sublevel,h0,0.5,1,1,0,
trajectory_000000:8666,self,self.T,sublevel,h0,0.75,2,1,1,
trajectory_000000:8666,self,self.T,sublevel,h0,0.9,1,1,0,
trajectory_000000:8666,self,self.T,sublevel,h1,0.1,1,3,2,
trajectory_000000:8666,self,self.T,sublevel,h1,0.25,0,2,2,
trajectory_000000:8666,self,self.T,sublevel,h1,0.5,0,0,0,
trajectory_000000:8666,self,self.T,sublevel,h1,0.75,2,0,2,
trajectory_000000:8666,self,self.T,sublevel,h1,0.9,4,0,4,
trajectory_000000:8666,mutual,mutual.CO+T,sublevel,h0,0.1,2,5,3,
trajectory_000000:8666,mutual,mutual.CO+T,sublevel,h0,0.25,3,4,1,
trajectory_000000:8666,mutual,mutual.CO+T,sublevel,h0,0.5,1,1,0,
trajectory_000000:8666,mutual,mutual.CO+T,sublevel,h0,0.75,20,1,19,
trajectory_000000:8666,mutual,mutual.CO+T,sublevel,h0,0.9,4,1,3,
trajectory_000000:8666,mutual,mutual.CO+T,sublevel,h1,0.1,1,3,2,
trajectory_000000:8666,mutual,mutual.CO+T,sublevel,h1,0.25,0,2,2,
trajectory_000000:8666,mutual,mutual.CO+T,sublevel,h1,0.5,0,0,0,
trajectory_000000:8666,mutual,mutual.CO+T,sublevel,h1,0.75,8,6,2,
trajectory_000000:8666,mutual,mutual.CO+T,sublevel,h1,0.9,12,3,9,
trajectory_000000:8666,mutual,mutual.CO+T,sublevel,h0,0.1,2,1,1,
trajectory_000000:8666,mutual,mutual.CO+T,sublevel,h0,0.25,2,1,1,
trajectory_000000:8666,mutual,mutual.CO+T,sublevel,h0,0.5,1,1,0,
trajectory_000000:8666,mutual,mutual.CO+T,sublevel,h0,0.75,18,1,17,
trajectory_000000:8666,mutual,mutual.CO+T,sublevel,h0,0.9,3,1,2,
trajectory_000000:8666,mutual,mutual.CO+T,sublevel,h1,0.1,83,0,83,
trajectory_000000:8666,mutual,mutual.CO+T,sublevel,h1,0.25,83,0,83,
trajectory_000000:8666,mutual,mutual.CO+T,sublevel,h1,0.5,0,0,0,
trajectory_000000:8666,mutual,mutual.CO+T,sublevel,h1,0.75,7,4,3,
trajectory_000000:8666,mutual,mutual.CO+T,sublevel,h1,0.9,14,3,11,
trajectory_000000:8666,mutual,mutual.CO+T,sublevel,h0,0.1,2,5,3,
trajectory_000000:8666,mutual,mutual.CO+T,sublevel,h0,0.25,3,4,1,
trajectory_000000:8666,mutual,mutual.CO+T,sublevel,h0,0.5,1,1,0,
trajectory_000000:8666,mutual,mutual.CO+T,sublevel,h0,0.75,4,1,3,
trajectory_000000:8666,mutual,mutual.CO+T,sublevel,h0,0.9,4,1,3,
trajectory_000000:8666,mutual,mutual.CO+T,sublevel,h1,0.1,1,3,2,
trajectory_000000:8666,mutual,mutual.CO+T,sublevel,h1,0.25,0,2,2,
trajectory_000000:8666,mutual,mutual.CO+T,sublevel,h1,0.5,0,0,0,
trajectory_000000:8666,mutual,mutual.CO+T,sublevel,h1,0.75,2,1,1,
trajectory_000000:8666,mutual,mutual.CO+T,sublevel,h1,0.9,12,3,9,
trajectory_000000:8666,self,self.CO,superlevel,h0,0.1,14,6,8,
trajectory_000000:8666,self,self.CO,superlevel,h0,0.25,7,2,5,
trajectory_000000:8666,self,self.CO,superlevel,h0,0.5,1,1,0,
trajectory_000000:8666,self,self.CO,superlevel,h0,0.75,1,2,1,
trajectory_000000:8666,self,self.CO,superlevel,h0,0.9,1,2,1,
trajectory_000000:8666,self,self.CO,superlevel,h1,0.1,1,0,1,
trajectory_000000:8666,self,self.CO,superlevel,h1,0.25,3,0,3,
trajectory_000000:8666,self,self.CO,superlevel,h1,0.5,0,1,1,
trajectory_000000:8666,self,self.CO,superlevel,h1,0.75,1,0,1,
trajectory_000000:8666,self,self.CO,superlevel,h1,0.9,1,0,1,
trajectory_000000:8666,self,self.T,superlevel,h0,0.1,6,0,6,
trajectory_000000:8666,self,self.T,superlevel,h0,0.25,3,1,2,
trajectory_000000:8666,self,self.T,superlevel,h0,0.5,1,1,0,
trajectory_000000:8666,self,self.T,superlevel,h0,0.75,1,5,4,
trajectory_000000:8666,self,self.T,superlevel,h0,0.9,2,5,3,
trajectory_000000:8666,self,self.T,superlevel,h1,0.1,0,0,0,
trajectory_000000:8666,self,self.T,superlevel,h1,0.25,1,0,1,
trajectory_000000:8666,self,self.T,superlevel,h1,0.5,0,0,0,
trajectory_000000:8666,self,self.T,superlevel,h1,0.75,2,1,1,
trajectory_000000:8666,self,self.T,superlevel,h1,0.9,0,1,1,
trajectory_000000:8666,mutual,mutual.CO+T,superlevel,h0,0.1,7,1,6,
trajectory_000000:8666,mutual,mutual.CO+T,superlevel,h0,0.25,3,1,2,
trajectory_000000:8666,mutual,mutual.CO+T,superlevel,h0,0.5,1,1,0,
trajectory_000000:8666,mutual,mutual.CO+T,superlevel,h0,0.75,1,5,4,
trajectory_000000:8666,mutual,mutual.CO+T,superlevel,h0,0.9,2,5,3,
trajectory_000000:8666,mutual,mutual.CO+T,superlevel,h1,0.1,0,0,0,
trajectory_000000:8666,mutual,mutual.CO+T,superlevel,h1,0.25,1,3,2,
trajectory_000000:8666,mutual,mutual.CO+T,superlevel,h1,0.5,0,0,0,
trajectory_000000:8666,mutual,mutual.CO+T,superlevel,h1,0.75,2,1,1,
trajectory_000000:8666,mutual,mutual.CO+T,superlevel,h1,0.9,0,1,1,
trajectory_000000:8666,mutual,mutual.CO+T,superlevel,h0,0.1,13,16,3,
trajectory_000000:8666,mutual,mutual.CO+T,superlevel,h0,0.25,9,2,7,
trajectory_000000:8666,mutual,mutual.CO+T,superlevel,h0,0.5,1,1,0,
trajectory_000000:8666,mutual,mutual.CO+T,superlevel,h0,0.75,1,5,4,
trajectory_000000:8666,mutual,mutual.CO+T,superlevel,h0,0.9,2,5,3,
trajectory_000000:8666,mutual,mutual.CO+T,superlevel,h1,0.1,0,0,0,
trajectory_000000:8666,mutual,mutual.CO+T,superlevel,h1,0.25,1,1,0,
trajectory_000000:8666,mutual,mutual.CO+T,superlevel,h1,0.5,0,0,0,
trajectory_000000:8666,mutual,mutual.CO+T,superlevel,h1,0.75,2,1,1,
trajectory_000000:8666,mutual,mutual.CO+T,superlevel,h1,0.9,0,1,1,
trajectory_000000:8666,mutual,mutual.CO+T,superlevel,h0,0.1,8,8,0,
trajectory_000000:8666,mutual,mutual.CO+T,superlevel,h0,0.25,11,4,7,
trajectory_000000:8666,mutual,mutual.CO+T,superlevel,h0,0.5,1,1,0,
trajectory_000000:8666,mutual,mutual.CO+T,superlevel,h0,0.75,1,2,1,
trajectory_000000:8666,mutual,mutual.CO+T,superlevel,h0,0.9,1,2,1,
trajectory_000000:8666,mutual,mutual.CO+T,superlevel,h1,0.1,0,0,0,
trajectory_000000:8666,mutual,mutual.CO+T,superlevel,h1,0.25,3,3,0,
trajectory_000000:8666,mutual,mutual.CO+T,superlevel,h1,0.5,0,1,1,
trajectory_000000:8666,mutual,mutual.CO+T,superlevel,h1,0.75,1,0,1,
trajectory_000000:8666,mutual,mutual.CO+T,superlevel,h1,0.9,1,0,1,
trajectory_000000:8666,persistence_distance,topology.self.persistence,,,,,,,0.020207608118653297
trajectory_000000:8666,persistence_distance,topology.mutual.persistence,,,,,,,0.003971622791141272
trajectory_000000:8666,persistence_distance,topology.component_weighted_total_before_outer_family_weight,,,,,,,0.024179231375455856
trajectory_000000:8666,dimension_distance_diagnostic,topology.self.CO.h0,,,,,,,0.07199687510728836
trajectory_000000:8666,dimension_distance_diagnostic,topology.self.CO.h1,,,,,,,0.0016657221131026745
trajectory_000000:8666,dimension_distance_diagnostic,topology.self.T.h0,,,,,,,0.0070288944989442825
trajectory_000000:8666,dimension_distance_diagnostic,topology.self.T.h1,,,,,,,0.00013893868890590966
trajectory_000000:8666,dimension_distance_diagnostic,topology.mutual.CO+T.h0,,,,,,,0.006487679202109575
trajectory_000000:8666,dimension_distance_diagnostic,topology.mutual.CO+T.h1,,,,,,,0.0014555654488503933
trajectory_000000:8681,self,self.CO,sublevel,h0,0.1,6,1,5,
trajectory_000000:8681,self,self.CO,sublevel,h0,0.25,6,1,5,
trajectory_000000:8681,self,self.CO,sublevel,h0,0.5,2,3,1,
trajectory_000000:8681,self,self.CO,sublevel,h0,0.75,5,4,1,
trajectory_000000:8681,self,self.CO,sublevel,h0,0.9,3,1,2,
trajectory_000000:8681,self,self.CO,sublevel,h1,0.1,85,1,84,
trajectory_000000:8681,self,self.CO,sublevel,h1,0.25,85,1,84,
trajectory_000000:8681,self,self.CO,sublevel,h1,0.5,0,0,0,
trajectory_000000:8681,self,self.CO,sublevel,h1,0.75,1,0,1,
trajectory_000000:8681,self,self.CO,sublevel,h1,0.9,10,6,4,
trajectory_000000:8681,self,self.T,sublevel,h0,0.1,1,2,1,
trajectory_000000:8681,self,self.T,sublevel,h0,0.25,2,2,0,
trajectory_000000:8681,self,self.T,sublevel,h0,0.5,1,1,0,
trajectory_000000:8681,self,self.T,sublevel,h0,0.75,1,1,0,
trajectory_000000:8681,self,self.T,sublevel,h0,0.9,2,1,1,
trajectory_000000:8681,self,self.T,sublevel,h1,0.1,0,5,5,
trajectory_000000:8681,self,self.T,sublevel,h1,0.25,1,3,2,
trajectory_000000:8681,self,self.T,sublevel,h1,0.5,0,0,0,
trajectory_000000:8681,self,self.T,sublevel,h1,0.75,1,1,0,
trajectory_000000:8681,self,self.T,sublevel,h1,0.9,2,1,1,
trajectory_000000:8681,mutual,mutual.CO+T,sublevel,h0,0.1,1,2,1,
trajectory_000000:8681,mutual,mutual.CO+T,sublevel,h0,0.25,2,2,0,
trajectory_000000:8681,mutual,mutual.CO+T,sublevel,h0,0.5,1,1,0,
trajectory_000000:8681,mutual,mutual.CO+T,sublevel,h0,0.75,15,1,14,
trajectory_000000:8681,mutual,mutual.CO+T,sublevel,h0,0.9,3,1,2,
trajectory_000000:8681,mutual,mutual.CO+T,sublevel,h1,0.1,0,5,5,
trajectory_000000:8681,mutual,mutual.CO+T,sublevel,h1,0.25,1,3,2,
trajectory_000000:8681,mutual,mutual.CO+T,sublevel,h1,0.5,0,0,0,
trajectory_000000:8681,mutual,mutual.CO+T,sublevel,h1,0.75,9,7,2,
trajectory_000000:8681,mutual,mutual.CO+T,sublevel,h1,0.9,12,8,4,
trajectory_000000:8681,mutual,mutual.CO+T,sublevel,h0,0.1,6,1,5,
trajectory_000000:8681,mutual,mutual.CO+T,sublevel,h0,0.25,6,1,5,
trajectory_000000:8681,mutual,mutual.CO+T,sublevel,h0,0.5,1,1,0,
trajectory_000000:8681,mutual,mutual.CO+T,sublevel,h0,0.75,16,1,15,
trajectory_000000:8681,mutual,mutual.CO+T,sublevel,h0,0.9,4,1,3,
trajectory_000000:8681,mutual,mutual.CO+T,sublevel,h1,0.1,85,1,84,
trajectory_000000:8681,mutual,mutual.CO+T,sublevel,h1,0.25,85,1,84,
trajectory_000000:8681,mutual,mutual.CO+T,sublevel,h1,0.5,0,0,0,
trajectory_000000:8681,mutual,mutual.CO+T,sublevel,h1,0.75,9,6,3,
trajectory_000000:8681,mutual,mutual.CO+T,sublevel,h1,0.9,13,6,7,
trajectory_000000:8681,mutual,mutual.CO+T,sublevel,h0,0.1,1,2,1,
trajectory_000000:8681,mutual,mutual.CO+T,sublevel,h0,0.25,2,2,0,
trajectory_000000:8681,mutual,mutual.CO+T,sublevel,h0,0.5,1,1,0,
trajectory_000000:8681,mutual,mutual.CO+T,sublevel,h0,0.75,5,4,1,
trajectory_000000:8681,mutual,mutual.CO+T,sublevel,h0,0.9,3,1,2,
trajectory_000000:8681,mutual,mutual.CO+T,sublevel,h1,0.1,0,5,5,
trajectory_000000:8681,mutual,mutual.CO+T,sublevel,h1,0.25,1,3,2,
trajectory_000000:8681,mutual,mutual.CO+T,sublevel,h1,0.5,0,0,0,
trajectory_000000:8681,mutual,mutual.CO+T,sublevel,h1,0.75,1,0,1,
trajectory_000000:8681,mutual,mutual.CO+T,sublevel,h1,0.9,10,6,4,
trajectory_000000:8681,self,self.CO,superlevel,h0,0.1,11,9,2,
trajectory_000000:8681,self,self.CO,superlevel,h0,0.25,6,1,5,
trajectory_000000:8681,self,self.CO,superlevel,h0,0.5,1,1,0,
trajectory_000000:8681,self,self.CO,superlevel,h0,0.75,1,4,3,
trajectory_000000:8681,self,self.CO,superlevel,h0,0.9,1,4,3,
trajectory_000000:8681,self,self.CO,superlevel,h1,0.1,1,0,1,
trajectory_000000:8681,self,self.CO,superlevel,h1,0.25,4,3,1,
trajectory_000000:8681,self,self.CO,superlevel,h1,0.5,0,0,0,
trajectory_000000:8681,self,self.CO,superlevel,h1,0.75,1,0,1,
trajectory_000000:8681,self,self.CO,superlevel,h1,0.9,1,0,1,
trajectory_000000:8681,self,self.T,superlevel,h0,0.1,3,1,2,
trajectory_000000:8681,self,self.T,superlevel,h0,0.25,4,2,2,
trajectory_000000:8681,self,self.T,superlevel,h0,0.5,1,1,0,
trajectory_000000:8681,self,self.T,superlevel,h0,0.75,2,4,2,
trajectory_000000:8681,self,self.T,superlevel,h0,0.9,1,6,5,
trajectory_000000:8681,self,self.T,superlevel,h1,0.1,0,0,0,
trajectory_000000:8681,self,self.T,superlevel,h1,0.25,0,0,0,
trajectory_000000:8681,self,self.T,superlevel,h1,0.5,0,0,0,
trajectory_000000:8681,self,self.T,superlevel,h1,0.75,0,0,0,
trajectory_000000:8681,self,self.T,superlevel,h1,0.9,0,0,0,
trajectory_000000:8681,mutual,mutual.CO+T,superlevel,h0,0.1,1,1,0,
trajectory_000000:8681,mutual,mutual.CO+T,superlevel,h0,0.25,7,5,2,
trajectory_000000:8681,mutual,mutual.CO+T,superlevel,h0,0.5,1,1,0,
trajectory_000000:8681,mutual,mutual.CO+T,superlevel,h0,0.75,2,4,2,
trajectory_000000:8681,mutual,mutual.CO+T,superlevel,h0,0.9,1,6,5,
trajectory_000000:8681,mutual,mutual.CO+T,superlevel,h1,0.1,0,0,0,
trajectory_000000:8681,mutual,mutual.CO+T,superlevel,h1,0.25,3,0,3,
trajectory_000000:8681,mutual,mutual.CO+T,superlevel,h1,0.5,0,0,0,
trajectory_000000:8681,mutual,mutual.CO+T,superlevel,h1,0.75,0,0,0,
trajectory_000000:8681,mutual,mutual.CO+T,superlevel,h1,0.9,0,0,0,
trajectory_000000:8681,mutual,mutual.CO+T,superlevel,h0,0.1,14,17,3,
trajectory_000000:8681,mutual,mutual.CO+T,superlevel,h0,0.25,4,3,1,
trajectory_000000:8681,mutual,mutual.CO+T,superlevel,h0,0.5,1,1,0,
trajectory_000000:8681,mutual,mutual.CO+T,superlevel,h0,0.75,2,4,2,
trajectory_000000:8681,mutual,mutual.CO+T,superlevel,h0,0.9,1,6,5,
trajectory_000000:8681,mutual,mutual.CO+T,superlevel,h1,0.1,1,0,1,
trajectory_000000:8681,mutual,mutual.CO+T,superlevel,h1,0.25,0,2,2,
trajectory_000000:8681,mutual,mutual.CO+T,superlevel,h1,0.5,0,0,0,
trajectory_000000:8681,mutual,mutual.CO+T,superlevel,h1,0.75,0,0,0,
trajectory_000000:8681,mutual,mutual.CO+T,superlevel,h1,0.9,0,0,0,
trajectory_000000:8681,mutual,mutual.CO+T,superlevel,h0,0.1,10,10,0,
trajectory_000000:8681,mutual,mutual.CO+T,superlevel,h0,0.25,4,3,1,
trajectory_000000:8681,mutual,mutual.CO+T,superlevel,h0,0.5,1,1,0,
trajectory_000000:8681,mutual,mutual.CO+T,superlevel,h0,0.75,1,4,3,
trajectory_000000:8681,mutual,mutual.CO+T,superlevel,h0,0.9,1,4,3,
trajectory_000000:8681,mutual,mutual.CO+T,superlevel,h1,0.1,1,0,1,
trajectory_000000:8681,mutual,mutual.CO+T,superlevel,h1,0.25,0,2,2,
trajectory_000000:8681,mutual,mutual.CO+T,superlevel,h1,0.5,0,0,0,
trajectory_000000:8681,mutual,mutual.CO+T,superlevel,h1,0.75,1,0,1,
trajectory_000000:8681,mutual,mutual.CO+T,superlevel,h1,0.9,1,0,1,
trajectory_000000:8681,persistence_distance,topology.self.persistence,,,,,,,0.019322309643030167
trajectory_000000:8681,persistence_distance,topology.mutual.persistence,,,,,,,0.002987697022035718
trajectory_000000:8681,persistence_distance,topology.component_weighted_total_before_outer_family_weight,,,,,,,0.022310007363557816
trajectory_000000:8681,dimension_distance_diagnostic,topology.self.CO.h0,,,,,,,0.07167019695043564
trajectory_000000:8681,dimension_distance_diagnostic,topology.self.CO.h1,,,,,,,0.001563874538987875
trajectory_000000:8681,dimension_distance_diagnostic,topology.self.T.h0,,,,,,,0.0038818519096821547
trajectory_000000:8681,dimension_distance_diagnostic,topology.self.T.h1,,,,,,,0.000173315973370336
trajectory_000000:8681,dimension_distance_diagnostic,topology.mutual.CO+T.h0,,,,,,,0.004579710774123669
trajectory_000000:8681,dimension_distance_diagnostic,topology.mutual.CO+T.h1,,,,,,,0.0013956837356090546
trajectory_000000:8697,self,self.CO,sublevel,h0,0.1,4,1,3,
trajectory_000000:8697,self,self.CO,sublevel,h0,0.25,4,1,3,
trajectory_000000:8697,self,self.CO,sublevel,h0,0.5,1,1,0,
trajectory_000000:8697,self,self.CO,sublevel,h0,0.75,3,2,1,
trajectory_000000:8697,self,self.CO,sublevel,h0,0.9,4,1,3,
trajectory_000000:8697,self,self.CO,sublevel,h1,0.1,93,0,93,
trajectory_000000:8697,self,self.CO,sublevel,h1,0.25,93,0,93,
trajectory_000000:8697,self,self.CO,sublevel,h1,0.5,0,0,0,
trajectory_000000:8697,self,self.CO,sublevel,h1,0.75,4,1,3,
trajectory_000000:8697,self,self.CO,sublevel,h1,0.9,6,3,3,
trajectory_000000:8697,self,self.T,sublevel,h0,0.1,4,4,0,
trajectory_000000:8697,self,self.T,sublevel,h0,0.25,3,3,0,
trajectory_000000:8697,self,self.T,sublevel,h0,0.5,1,2,1,
trajectory_000000:8697,self,self.T,sublevel,h0,0.75,1,1,0,
trajectory_000000:8697,self,self.T,sublevel,h0,0.9,2,2,0,
trajectory_000000:8697,self,self.T,sublevel,h1,0.1,0,2,2,
trajectory_000000:8697,self,self.T,sublevel,h1,0.25,0,2,2,
trajectory_000000:8697,self,self.T,sublevel,h1,0.5,0,2,2,
trajectory_000000:8697,self,self.T,sublevel,h1,0.75,2,0,2,
trajectory_000000:8697,self,self.T,sublevel,h1,0.9,3,3,0,
trajectory_000000:8697,mutual,mutual.CO+T,sublevel,h0,0.1,4,4,0,
trajectory_000000:8697,mutual,mutual.CO+T,sublevel,h0,0.25,3,3,0,
trajectory_000000:8697,mutual,mutual.CO+T,sublevel,h0,0.5,1,2,1,
trajectory_000000:8697,mutual,mutual.CO+T,sublevel,h0,0.75,19,2,17,
trajectory_000000:8697,mutual,mutual.CO+T,sublevel,h0,0.9,3,1,2,
trajectory_000000:8697,mutual,mutual.CO+T,sublevel,h1,0.1,0,2,2,
trajectory_000000:8697,mutual,mutual.CO+T,sublevel,h1,0.25,0,2,2,
trajectory_000000:8697,mutual,mutual.CO+T,sublevel,h1,0.5,0,2,2,
trajectory_000000:8697,mutual,mutual.CO+T,sublevel,h1,0.75,6,4,2,
trajectory_000000:8697,mutual,mutual.CO+T,sublevel,h1,0.9,10,4,6,
trajectory_000000:8697,mutual,mutual.CO+T,sublevel,h0,0.1,1,1,0,
trajectory_000000:8697,mutual,mutual.CO+T,sublevel,h0,0.25,1,1,0,
trajectory_000000:8697,mutual,mutual.CO+T,sublevel,h0,0.5,1,1,0,
trajectory_000000:8697,mutual,mutual.CO+T,sublevel,h0,0.75,19,2,17,
trajectory_000000:8697,mutual,mutual.CO+T,sublevel,h0,0.9,3,1,2,
trajectory_000000:8697,mutual,mutual.CO+T,sublevel,h1,0.1,1,0,1,
trajectory_000000:8697,mutual,mutual.CO+T,sublevel,h1,0.25,1,0,1,
trajectory_000000:8697,mutual,mutual.CO+T,sublevel,h1,0.5,0,0,0,
trajectory_000000:8697,mutual,mutual.CO+T,sublevel,h1,0.75,6,4,2,
trajectory_000000:8697,mutual,mutual.CO+T,sublevel,h1,0.9,9,5,4,
trajectory_000000:8697,mutual,mutual.CO+T,sublevel,h0,0.1,4,4,0,
trajectory_000000:8697,mutual,mutual.CO+T,sublevel,h0,0.25,3,3,0,
trajectory_000000:8697,mutual,mutual.CO+T,sublevel,h0,0.5,1,2,1,
trajectory_000000:8697,mutual,mutual.CO+T,sublevel,h0,0.75,3,2,1,
trajectory_000000:8697,mutual,mutual.CO+T,sublevel,h0,0.9,4,1,3,
trajectory_000000:8697,mutual,mutual.CO+T,sublevel,h1,0.1,0,2,2,
trajectory_000000:8697,mutual,mutual.CO+T,sublevel,h1,0.25,0,2,2,
trajectory_000000:8697,mutual,mutual.CO+T,sublevel,h1,0.5,0,2,2,
trajectory_000000:8697,mutual,mutual.CO+T,sublevel,h1,0.75,4,1,3,
trajectory_000000:8697,mutual,mutual.CO+T,sublevel,h1,0.9,6,3,3,
trajectory_000000:8697,self,self.CO,superlevel,h0,0.1,7,5,2,
trajectory_000000:8697,self,self.CO,superlevel,h0,0.25,6,2,4,
trajectory_000000:8697,self,self.CO,superlevel,h0,0.5,1,1,0,
trajectory_000000:8697,self,self.CO,superlevel,h0,0.75,1,1,0,
trajectory_000000:8697,self,self.CO,superlevel,h0,0.9,1,1,0,
trajectory_000000:8697,self,self.CO,superlevel,h1,0.1,1,0,1,
trajectory_000000:8697,self,self.CO,superlevel,h1,0.25,2,1,1,
trajectory_000000:8697,self,self.CO,superlevel,h1,0.5,0,0,0,
trajectory_000000:8697,self,self.CO,superlevel,h1,0.75,111,0,111,
trajectory_000000:8697,self,self.CO,superlevel,h1,0.9,111,0,111,
trajectory_000000:8697,self,self.T,superlevel,h0,0.1,4,3,1,
trajectory_000000:8697,self,self.T,superlevel,h0,0.25,3,1,2,
trajectory_000000:8697,self,self.T,superlevel,h0,0.5,1,5,4,
trajectory_000000:8697,self,self.T,superlevel,h0,0.75,1,4,3,
trajectory_000000:8697,self,self.T,superlevel,h0,0.9,1,4,3,
trajectory_000000:8697,self,self.T,superlevel,h1,0.1,1,1,0,
trajectory_000000:8697,self,self.T,superlevel,h1,0.25,0,0,0,
trajectory_000000:8697,self,self.T,superlevel,h1,0.5,0,1,1,
trajectory_000000:8697,self,self.T,superlevel,h1,0.75,0,1,1,
trajectory_000000:8697,self,self.T,superlevel,h1,0.9,2,0,2,
trajectory_000000:8697,mutual,mutual.CO+T,superlevel,h0,0.1,4,2,2,
trajectory_000000:8697,mutual,mutual.CO+T,superlevel,h0,0.25,4,2,2,
trajectory_000000:8697,mutual,mutual.CO+T,superlevel,h0,0.5,1,5,4,
trajectory_000000:8697,mutual,mutual.CO+T,superlevel,h0,0.75,1,4,3,
trajectory_000000:8697,mutual,mutual.CO+T,superlevel,h0,0.9,1,4,3,
trajectory_000000:8697,mutual,mutual.CO+T,superlevel,h1,0.1,0,1,1,
trajectory_000000:8697,mutual,mutual.CO+T,superlevel,h1,0.25,1,0,1,
trajectory_000000:8697,mutual,mutual.CO+T,superlevel,h1,0.5,0,1,1,
trajectory_000000:8697,mutual,mutual.CO+T,superlevel,h1,0.75,0,1,1,
trajectory_000000:8697,mutual,mutual.CO+T,superlevel,h1,0.9,2,0,2,
trajectory_000000:8697,mutual,mutual.CO+T,superlevel,h0,0.1,14,7,7,
trajectory_000000:8697,mutual,mutual.CO+T,superlevel,h0,0.25,7,4,3,
trajectory_000000:8697,mutual,mutual.CO+T,superlevel,h0,0.5,1,5,4,
trajectory_000000:8697,mutual,mutual.CO+T,superlevel,h0,0.75,1,4,3,
trajectory_000000:8697,mutual,mutual.CO+T,superlevel,h0,0.9,1,4,3,
trajectory_000000:8697,mutual,mutual.CO+T,superlevel,h1,0.1,0,0,0,
trajectory_000000:8697,mutual,mutual.CO+T,superlevel,h1,0.25,1,0,1,
trajectory_000000:8697,mutual,mutual.CO+T,superlevel,h1,0.5,0,1,1,
trajectory_000000:8697,mutual,mutual.CO+T,superlevel,h1,0.75,0,1,1,
trajectory_000000:8697,mutual,mutual.CO+T,superlevel,h1,0.9,2,0,2,
trajectory_000000:8697,mutual,mutual.CO+T,superlevel,h0,0.1,9,2,7,
trajectory_000000:8697,mutual,mutual.CO+T,superlevel,h0,0.25,12,7,5,
trajectory_000000:8697,mutual,mutual.CO+T,superlevel,h0,0.5,1,1,0,
trajectory_000000:8697,mutual,mutual.CO+T,superlevel,h0,0.75,1,1,0,
trajectory_000000:8697,mutual,mutual.CO+T,superlevel,h0,0.9,1,1,0,
trajectory_000000:8697,mutual,mutual.CO+T,superlevel,h1,0.1,0,1,1,
trajectory_000000:8697,mutual,mutual.CO+T,superlevel,h1,0.25,1,0,1,
trajectory_000000:8697,mutual,mutual.CO+T,superlevel,h1,0.5,0,0,0,
trajectory_000000:8697,mutual,mutual.CO+T,superlevel,h1,0.75,111,0,111,
trajectory_000000:8697,mutual,mutual.CO+T,superlevel,h1,0.9,111,0,111,
trajectory_000000:8697,persistence_distance,topology.self.persistence,,,,,,,0.005737802479416132
trajectory_000000:8697,persistence_distance,topology.mutual.persistence,,,,,,,0.0031405596528202295
trajectory_000000:8697,persistence_distance,topology.component_weighted_total_before_outer_family_weight,,,,,,,0.008878362365067005
trajectory_000000:8697,dimension_distance_diagnostic,topology.self.CO.h0,,,,,,,0.015438784845173359
trajectory_000000:8697,dimension_distance_diagnostic,topology.self.CO.h1,,,,,,,0.0014953556237742305
trajectory_000000:8697,dimension_distance_diagnostic,topology.self.T.h0,,,,,,,0.005886751227080822
trajectory_000000:8697,dimension_distance_diagnostic,topology.self.T.h1,,,,,,,0.00013031827984377742
trajectory_000000:8697,dimension_distance_diagnostic,topology.mutual.CO+T.h0,,,,,,,0.004993746988475323
trajectory_000000:8697,dimension_distance_diagnostic,topology.mutual.CO+T.h1,,,,,,,0.0012873717350885272
trajectory_000000:8713,self,self.CO,sublevel,h0,0.1,4,1,3,
trajectory_000000:8713,self,self.CO,sublevel,h0,0.25,4,1,3,
trajectory_000000:8713,self,self.CO,sublevel,h0,0.5,1,1,0,
trajectory_000000:8713,self,self.CO,sublevel,h0,0.75,1,1,0,
trajectory_000000:8713,self,self.CO,sublevel,h0,0.9,2,1,1,
trajectory_000000:8713,self,self.CO,sublevel,h1,0.1,103,0,103,
trajectory_000000:8713,self,self.CO,sublevel,h1,0.25,103,0,103,
trajectory_000000:8713,self,self.CO,sublevel,h1,0.5,0,0,0,
trajectory_000000:8713,self,self.CO,sublevel,h1,0.75,3,2,1,
trajectory_000000:8713,self,self.CO,sublevel,h1,0.9,1,5,4,
trajectory_000000:8713,self,self.T,sublevel,h0,0.1,2,2,0,
trajectory_000000:8713,self,self.T,sublevel,h0,0.25,3,2,1,
trajectory_000000:8713,self,self.T,sublevel,h0,0.5,1,1,0,
trajectory_000000:8713,self,self.T,sublevel,h0,0.75,1,1,0,
trajectory_000000:8713,self,self.T,sublevel,h0,0.9,1,1,0,
trajectory_000000:8713,self,self.T,sublevel,h1,0.1,0,4,4,
trajectory_000000:8713,self,self.T,sublevel,h1,0.25,1,2,1,
trajectory_000000:8713,self,self.T,sublevel,h1,0.5,2,0,2,
trajectory_000000:8713,self,self.T,sublevel,h1,0.75,1,1,0,
trajectory_000000:8713,self,self.T,sublevel,h1,0.9,2,3,1,
trajectory_000000:8713,mutual,mutual.CO+T,sublevel,h0,0.1,2,2,0,
trajectory_000000:8713,mutual,mutual.CO+T,sublevel,h0,0.25,3,2,1,
trajectory_000000:8713,mutual,mutual.CO+T,sublevel,h0,0.5,1,1,0,
trajectory_000000:8713,mutual,mutual.CO+T,sublevel,h0,0.75,22,1,21,
trajectory_000000:8713,mutual,mutual.CO+T,sublevel,h0,0.9,2,1,1,
trajectory_000000:8713,mutual,mutual.CO+T,sublevel,h1,0.1,0,4,4,
trajectory_000000:8713,mutual,mutual.CO+T,sublevel,h1,0.25,1,2,1,
trajectory_000000:8713,mutual,mutual.CO+T,sublevel,h1,0.5,2,0,2,
trajectory_000000:8713,mutual,mutual.CO+T,sublevel,h1,0.75,1,6,5,
trajectory_000000:8713,mutual,mutual.CO+T,sublevel,h1,0.9,1,5,4,
trajectory_000000:8713,mutual,mutual.CO+T,sublevel,h0,0.1,4,1,3,
trajectory_000000:8713,mutual,mutual.CO+T,sublevel,h0,0.25,4,1,3,
trajectory_000000:8713,mutual,mutual.CO+T,sublevel,h0,0.5,1,1,0,
trajectory_000000:8713,mutual,mutual.CO+T,sublevel,h0,0.75,23,1,22,
trajectory_000000:8713,mutual,mutual.CO+T,sublevel,h0,0.9,2,1,1,
trajectory_000000:8713,mutual,mutual.CO+T,sublevel,h1,0.1,103,0,103,
trajectory_000000:8713,mutual,mutual.CO+T,sublevel,h1,0.25,103,0,103,
trajectory_000000:8713,mutual,mutual.CO+T,sublevel,h1,0.5,0,0,0,
trajectory_000000:8713,mutual,mutual.CO+T,sublevel,h1,0.75,1,6,5,
trajectory_000000:8713,mutual,mutual.CO+T,sublevel,h1,0.9,3,4,1,
trajectory_000000:8713,mutual,mutual.CO+T,sublevel,h0,0.1,2,2,0,
trajectory_000000:8713,mutual,mutual.CO+T,sublevel,h0,0.25,3,2,1,
trajectory_000000:8713,mutual,mutual.CO+T,sublevel,h0,0.5,1,1,0,
trajectory_000000:8713,mutual,mutual.CO+T,sublevel,h0,0.75,1,1,0,
trajectory_000000:8713,mutual,mutual.CO+T,sublevel,h0,0.9,2,1,1,
trajectory_000000:8713,mutual,mutual.CO+T,sublevel,h1,0.1,0,4,4,
trajectory_000000:8713,mutual,mutual.CO+T,sublevel,h1,0.25,1,2,1,
trajectory_000000:8713,mutual,mutual.CO+T,sublevel,h1,0.5,2,0,2,
trajectory_000000:8713,mutual,mutual.CO+T,sublevel,h1,0.75,3,2,1,
trajectory_000000:8713,mutual,mutual.CO+T,sublevel,h1,0.9,1,5,4,
trajectory_000000:8713,self,self.CO,superlevel,h0,0.1,1,5,4,
trajectory_000000:8713,self,self.CO,superlevel,h0,0.25,5,3,2,
trajectory_000000:8713,self,self.CO,superlevel,h0,0.5,1,3,2,
trajectory_000000:8713,self,self.CO,superlevel,h0,0.75,1,4,3,
trajectory_000000:8713,self,self.CO,superlevel,h0,0.9,1,4,3,
trajectory_000000:8713,self,self.CO,superlevel,h1,0.1,1,0,1,
trajectory_000000:8713,self,self.CO,superlevel,h1,0.25,0,0,0,
trajectory_000000:8713,self,self.CO,superlevel,h1,0.5,0,0,0,
trajectory_000000:8713,self,self.CO,superlevel,h1,0.75,119,0,119,
trajectory_000000:8713,self,self.CO,superlevel,h1,0.9,119,0,119,
trajectory_000000:8713,self,self.T,superlevel,h0,0.1,4,3,1,
trajectory_000000:8713,self,self.T,superlevel,h0,0.25,2,2,0,
trajectory_000000:8713,self,self.T,superlevel,h0,0.5,3,3,0,
trajectory_000000:8713,self,self.T,superlevel,h0,0.75,3,6,3,
trajectory_000000:8713,self,self.T,superlevel,h0,0.9,1,9,8,
trajectory_000000:8713,self,self.T,superlevel,h1,0.1,0,0,0,
trajectory_000000:8713,self,self.T,superlevel,h1,0.25,0,0,0,
trajectory_000000:8713,self,self.T,superlevel,h1,0.5,0,0,0,
trajectory_000000:8713,self,self.T,superlevel,h1,0.75,0,0,0,
trajectory_000000:8713,self,self.T,superlevel,h1,0.9,0,0,0,
trajectory_000000:8713,mutual,mutual.CO+T,superlevel,h0,0.1,5,3,2,
trajectory_000000:8713,mutual,mutual.CO+T,superlevel,h0,0.25,2,2,0,
trajectory_000000:8713,mutual,mutual.CO+T,superlevel,h0,0.5,3,3,0,
trajectory_000000:8713,mutual,mutual.CO+T,superlevel,h0,0.75,3,6,3,
trajectory_000000:8713,mutual,mutual.CO+T,superlevel,h0,0.9,1,9,8,
trajectory_000000:8713,mutual,mutual.CO+T,superlevel,h1,0.1,0,0,0,
trajectory_000000:8713,mutual,mutual.CO+T,superlevel,h1,0.25,0,0,0,
trajectory_000000:8713,mutual,mutual.CO+T,superlevel,h1,0.5,0,0,0,
trajectory_000000:8713,mutual,mutual.CO+T,superlevel,h1,0.75,0,0,0,
trajectory_000000:8713,mutual,mutual.CO+T,superlevel,h1,0.9,0,0,0,
trajectory_000000:8713,mutual,mutual.CO+T,superlevel,h0,0.1,5,5,0,
trajectory_000000:8713,mutual,mutual.CO+T,superlevel,h0,0.25,6,4,2,
trajectory_000000:8713,mutual,mutual.CO+T,superlevel,h0,0.5,3,3,0,
trajectory_000000:8713,mutual,mutual.CO+T,superlevel,h0,0.75,3,6,3,
trajectory_000000:8713,mutual,mutual.CO+T,superlevel,h0,0.9,1,9,8,
trajectory_000000:8713,mutual,mutual.CO+T,superlevel,h1,0.1,1,0,1,
trajectory_000000:8713,mutual,mutual.CO+T,superlevel,h1,0.25,2,0,2,
trajectory_000000:8713,mutual,mutual.CO+T,superlevel,h1,0.5,0,0,0,
trajectory_000000:8713,mutual,mutual.CO+T,superlevel,h1,0.75,0,0,0,
trajectory_000000:8713,mutual,mutual.CO+T,superlevel,h1,0.9,0,0,0,
trajectory_000000:8713,mutual,mutual.CO+T,superlevel,h0,0.1,5,4,1,
trajectory_000000:8713,mutual,mutual.CO+T,superlevel,h0,0.25,5,4,1,
trajectory_000000:8713,mutual,mutual.CO+T,superlevel,h0,0.5,1,3,2,
trajectory_000000:8713,mutual,mutual.CO+T,superlevel,h0,0.75,1,4,3,
trajectory_000000:8713,mutual,mutual.CO+T,superlevel,h0,0.9,1,4,3,
trajectory_000000:8713,mutual,mutual.CO+T,superlevel,h1,0.1,0,0,0,
trajectory_000000:8713,mutual,mutual.CO+T,superlevel,h1,0.25,3,0,3,
trajectory_000000:8713,mutual,mutual.CO+T,superlevel,h1,0.5,0,0,0,
trajectory_000000:8713,mutual,mutual.CO+T,superlevel,h1,0.75,119,0,119,
trajectory_000000:8713,mutual,mutual.CO+T,superlevel,h1,0.9,119,0,119,
trajectory_000000:8713,persistence_distance,topology.self.persistence,,,,,,,0.01805184967815876
trajectory_000000:8713,persistence_distance,topology.mutual.persistence,,,,,,,0.0021858818363398314
trajectory_000000:8713,persistence_distance,topology.component_weighted_total_before_outer_family_weight,,,,,,,0.02023773081600666
trajectory_000000:8713,dimension_distance_diagnostic,topology.self.CO.h0,,,,,,,0.06735943257808685
trajectory_000000:8713,dimension_distance_diagnostic,topology.self.CO.h1,,,,,,,0.001146682072430849
trajectory_000000:8713,dimension_distance_diagnostic,topology.self.T.h0,,,,,,,0.0035705906338989735
trajectory_000000:8713,dimension_distance_diagnostic,topology.self.T.h1,,,,,,,0.00013069812848698348
trajectory_000000:8713,dimension_distance_diagnostic,topology.mutual.CO+T.h0,,,,,,,0.0033614819403737783
trajectory_000000:8713,dimension_distance_diagnostic,topology.mutual.CO+T.h1,,,,,,,0.0010102817323058844
trajectory_000000:8729,self,self.CO,sublevel,h0,0.1,2,1,1,
trajectory_000000:8729,self,self.CO,sublevel,h0,0.25,2,1,1,
trajectory_000000:8729,self,self.CO,sublevel,h0,0.5,1,1,0,
trajectory_000000:8729,self,self.CO,sublevel,h0,0.75,2,1,1,
trajectory_000000:8729,self,self.CO,sublevel,h0,0.9,1,1,0,
trajectory_000000:8729,self,self.CO,sublevel,h1,0.1,109,0,109,
trajectory_000000:8729,self,self.CO,sublevel,h1,0.25,109,0,109,
trajectory_000000:8729,self,self.CO,sublevel,h1,0.5,0,0,0,
trajectory_000000:8729,self,self.CO,sublevel,h1,0.75,1,0,1,
trajectory_000000:8729,self,self.CO,sublevel,h1,0.9,3,1,2,
trajectory_000000:8729,self,self.T,sublevel,h0,0.1,6,2,4,
trajectory_000000:8729,self,self.T,sublevel,h0,0.25,2,4,2,
trajectory_000000:8729,self,self.T,sublevel,h0,0.5,1,1,0,
trajectory_000000:8729,self,self.T,sublevel,h0,0.75,1,1,0,
trajectory_000000:8729,self,self.T,sublevel,h0,0.9,1,2,1,
trajectory_000000:8729,self,self.T,sublevel,h1,0.1,1,3,2,
trajectory_000000:8729,self,self.T,sublevel,h1,0.25,2,1,1,
trajectory_000000:8729,self,self.T,sublevel,h1,0.5,1,1,0,
trajectory_000000:8729,self,self.T,sublevel,h1,0.75,0,1,1,
trajectory_000000:8729,self,self.T,sublevel,h1,0.9,1,1,0,
trajectory_000000:8729,mutual,mutual.CO+T,sublevel,h0,0.1,6,2,4,
trajectory_000000:8729,mutual,mutual.CO+T,sublevel,h0,0.25,2,4,2,
trajectory_000000:8729,mutual,mutual.CO+T,sublevel,h0,0.5,1,1,0,
trajectory_000000:8729,mutual,mutual.CO+T,sublevel,h0,0.75,9,1,8,
trajectory_000000:8729,mutual,mutual.CO+T,sublevel,h0,0.9,1,1,0,
trajectory_000000:8729,mutual,mutual.CO+T,sublevel,h1,0.1,1,3,2,
trajectory_000000:8729,mutual,mutual.CO+T,sublevel,h1,0.25,2,1,1,
trajectory_000000:8729,mutual,mutual.CO+T,sublevel,h1,0.5,1,1,0,
trajectory_000000:8729,mutual,mutual.CO+T,sublevel,h1,0.75,4,1,3,
trajectory_000000:8729,mutual,mutual.CO+T,sublevel,h1,0.9,5,3,2,
trajectory_000000:8729,mutual,mutual.CO+T,sublevel,h0,0.1,1,1,0,
trajectory_000000:8729,mutual,mutual.CO+T,sublevel,h0,0.25,1,1,0,
trajectory_000000:8729,mutual,mutual.CO+T,sublevel,h0,0.5,1,1,0,
trajectory_000000:8729,mutual,mutual.CO+T,sublevel,h0,0.75,9,1,8,
trajectory_000000:8729,mutual,mutual.CO+T,sublevel,h0,0.9,1,1,0,
trajectory_000000:8729,mutual,mutual.CO+T,sublevel,h1,0.1,1,0,1,
trajectory_000000:8729,mutual,mutual.CO+T,sublevel,h1,0.25,1,0,1,
trajectory_000000:8729,mutual,mutual.CO+T,sublevel,h1,0.5,0,0,0,
trajectory_000000:8729,mutual,mutual.CO+T,sublevel,h1,0.75,4,1,3,
trajectory_000000:8729,mutual,mutual.CO+T,sublevel,h1,0.9,6,2,4,
trajectory_000000:8729,mutual,mutual.CO+T,sublevel,h0,0.1,6,2,4,
trajectory_000000:8729,mutual,mutual.CO+T,sublevel,h0,0.25,2,4,2,
trajectory_000000:8729,mutual,mutual.CO+T,sublevel,h0,0.5,1,1,0,
trajectory_000000:8729,mutual,mutual.CO+T,sublevel,h0,0.75,1,1,0,
trajectory_000000:8729,mutual,mutual.CO+T,sublevel,h0,0.9,1,1,0,
trajectory_000000:8729,mutual,mutual.CO+T,sublevel,h1,0.1,1,3,2,
trajectory_000000:8729,mutual,mutual.CO+T,sublevel,h1,0.25,2,1,1,
trajectory_000000:8729,mutual,mutual.CO+T,sublevel,h1,0.5,1,1,0,
trajectory_000000:8729,mutual,mutual.CO+T,sublevel,h1,0.75,1,0,1,
trajectory_000000:8729,mutual,mutual.CO+T,sublevel,h1,0.9,3,1,2,
trajectory_000000:8729,self,self.CO,superlevel,h0,0.1,5,2,3,
trajectory_000000:8729,self,self.CO,superlevel,h0,0.25,2,1,1,
trajectory_000000:8729,self,self.CO,superlevel,h0,0.5,1,3,2,
trajectory_000000:8729,self,self.CO,superlevel,h0,0.75,1,3,2,
trajectory_000000:8729,self,self.CO,superlevel,h0,0.9,1,3,2,
trajectory_000000:8729,self,self.CO,superlevel,h1,0.1,0,0,0,
trajectory_000000:8729,self,self.CO,superlevel,h1,0.25,0,0,0,
trajectory_000000:8729,self,self.CO,superlevel,h1,0.5,0,0,0,
trajectory_000000:8729,self,self.CO,superlevel,h1,0.75,135,0,135,
trajectory_000000:8729,self,self.CO,superlevel,h1,0.9,135,0,135,
trajectory_000000:8729,self,self.T,superlevel,h0,0.1,4,2,2,
trajectory_000000:8729,self,self.T,superlevel,h0,0.25,4,2,2,
trajectory_000000:8729,self,self.T,superlevel,h0,0.5,2,4,2,
trajectory_000000:8729,self,self.T,superlevel,h0,0.75,6,9,3,
trajectory_000000:8729,self,self.T,superlevel,h0,0.9,2,11,9,
trajectory_000000:8729,self,self.T,superlevel,h1,0.1,0,0,0,
trajectory_000000:8729,self,self.T,superlevel,h1,0.25,0,0,0,
trajectory_000000:8729,self,self.T,superlevel,h1,0.5,0,0,0,
trajectory_000000:8729,self,self.T,superlevel,h1,0.75,0,2,2,
trajectory_000000:8729,self,self.T,superlevel,h1,0.9,1,0,1,
trajectory_000000:8729,mutual,mutual.CO+T,superlevel,h0,0.1,2,2,0,
trajectory_000000:8729,mutual,mutual.CO+T,superlevel,h0,0.25,2,2,0,
trajectory_000000:8729,mutual,mutual.CO+T,superlevel,h0,0.5,2,4,2,
trajectory_000000:8729,mutual,mutual.CO+T,superlevel,h0,0.75,6,9,3,
trajectory_000000:8729,mutual,mutual.CO+T,superlevel,h0,0.9,2,11,9,
trajectory_000000:8729,mutual,mutual.CO+T,superlevel,h1,0.1,0,1,1,
trajectory_000000:8729,mutual,mutual.CO+T,superlevel,h1,0.25,2,1,1,
trajectory_000000:8729,mutual,mutual.CO+T,superlevel,h1,0.5,0,0,0,
trajectory_000000:8729,mutual,mutual.CO+T,superlevel,h1,0.75,0,2,2,
trajectory_000000:8729,mutual,mutual.CO+T,superlevel,h1,0.9,1,0,1,
trajectory_000000:8729,mutual,mutual.CO+T,superlevel,h0,0.1,11,2,9,
trajectory_000000:8729,mutual,mutual.CO+T,superlevel,h0,0.25,2,3,1,
trajectory_000000:8729,mutual,mutual.CO+T,superlevel,h0,0.5,2,4,2,
trajectory_000000:8729,mutual,mutual.CO+T,superlevel,h0,0.75,6,9,3,
trajectory_000000:8729,mutual,mutual.CO+T,superlevel,h0,0.9,2,11,9,
trajectory_000000:8729,mutual,mutual.CO+T,superlevel,h1,0.1,0,1,1,
trajectory_000000:8729,mutual,mutual.CO+T,superlevel,h1,0.25,1,0,1,
trajectory_000000:8729,mutual,mutual.CO+T,superlevel,h1,0.5,0,0,0,
trajectory_000000:8729,mutual,mutual.CO+T,superlevel,h1,0.75,0,2,2,
trajectory_000000:8729,mutual,mutual.CO+T,superlevel,h1,0.9,1,0,1,
trajectory_000000:8729,mutual,mutual.CO+T,superlevel,h0,0.1,2,4,2,
trajectory_000000:8729,mutual,mutual.CO+T,superlevel,h0,0.25,2,3,1,
trajectory_000000:8729,mutual,mutual.CO+T,superlevel,h0,0.5,1,3,2,
trajectory_000000:8729,mutual,mutual.CO+T,superlevel,h0,0.75,1,3,2,
trajectory_000000:8729,mutual,mutual.CO+T,superlevel,h0,0.9,1,3,2,
trajectory_000000:8729,mutual,mutual.CO+T,superlevel,h1,0.1,0,0,0,
trajectory_000000:8729,mutual,mutual.CO+T,superlevel,h1,0.25,1,0,1,
trajectory_000000:8729,mutual,mutual.CO+T,superlevel,h1,0.5,0,0,0,
trajectory_000000:8729,mutual,mutual.CO+T,superlevel,h1,0.75,135,0,135,
trajectory_000000:8729,mutual,mutual.CO+T,superlevel,h1,0.9,135,0,135,
trajectory_000000:8729,persistence_distance,topology.self.persistence,,,,,,,0.010091918520629406
trajectory_000000:8729,persistence_distance,topology.mutual.persistence,,,,,,,0.002821368398144841
trajectory_000000:8729,persistence_distance,topology.component_weighted_total_before_outer_family_weight,,,,,,,0.012913286685943604
trajectory_000000:8729,dimension_distance_diagnostic,topology.self.CO.h0,,,,,,,0.03555978089570999
trajectory_000000:8729,dimension_distance_diagnostic,topology.self.CO.h1,,,,,,,0.0011698519811034203
trajectory_000000:8729,dimension_distance_diagnostic,topology.self.T.h0,,,,,,,0.0035710949450731277
trajectory_000000:8729,dimension_distance_diagnostic,topology.self.T.h1,,,,,,,6.69513683533296e-05
trajectory_000000:8729,dimension_distance_diagnostic,topology.mutual.CO+T.h0,,,,,,,0.00457069231197238
trajectory_000000:8729,dimension_distance_diagnostic,topology.mutual.CO+T.h1,,,,,,,0.0010720443679019809
trajectory_000000:8745,self,self.CO,sublevel,h0,0.1,6,1,5,
trajectory_000000:8745,self,self.CO,sublevel,h0,0.25,6,1,5,
trajectory_000000:8745,self,self.CO,sublevel,h0,0.5,1,1,0,
trajectory_000000:8745,self,self.CO,sublevel,h0,0.75,4,2,2,
trajectory_000000:8745,self,self.CO,sublevel,h0,0.9,2,1,1,
trajectory_000000:8745,self,self.CO,sublevel,h1,0.1,109,2,107,
trajectory_000000:8745,self,self.CO,sublevel,h1,0.25,109,2,107,
trajectory_000000:8745,self,self.CO,sublevel,h1,0.5,0,2,2,
trajectory_000000:8745,self,self.CO,sublevel,h1,0.75,1,0,1,
trajectory_000000:8745,self,self.CO,sublevel,h1,0.9,6,8,2,
trajectory_000000:8745,self,self.T,sublevel,h0,0.1,1,6,5,
trajectory_000000:8745,self,self.T,sublevel,h0,0.25,2,4,2,
trajectory_000000:8745,self,self.T,sublevel,h0,0.5,1,3,2,
trajectory_000000:8745,self,self.T,sublevel,h0,0.75,1,1,0,
trajectory_000000:8745,self,self.T,sublevel,h0,0.9,1,1,0,
trajectory_000000:8745,self,self.T,sublevel,h1,0.1,0,0,0,
trajectory_000000:8745,self,self.T,sublevel,h1,0.25,0,3,3,
trajectory_000000:8745,self,self.T,sublevel,h1,0.5,0,1,1,
trajectory_000000:8745,self,self.T,sublevel,h1,0.75,0,3,3,
trajectory_000000:8745,self,self.T,sublevel,h1,0.9,2,0,2,
trajectory_000000:8745,mutual,mutual.CO+T,sublevel,h0,0.1,1,6,5,
trajectory_000000:8745,mutual,mutual.CO+T,sublevel,h0,0.25,2,4,2,
trajectory_000000:8745,mutual,mutual.CO+T,sublevel,h0,0.5,1,3,2,
trajectory_000000:8745,mutual,mutual.CO+T,sublevel,h0,0.75,7,6,1,
trajectory_000000:8745,mutual,mutual.CO+T,sublevel,h0,0.9,4,1,3,
trajectory_000000:8745,mutual,mutual.CO+T,sublevel,h1,0.1,0,0,0,
trajectory_000000:8745,mutual,mutual.CO+T,sublevel,h1,0.25,0,3,3,
trajectory_000000:8745,mutual,mutual.CO+T,sublevel,h1,0.5,0,1,1,
trajectory_000000:8745,mutual,mutual.CO+T,sublevel,h1,0.75,2,2,0,
trajectory_000000:8745,mutual,mutual.CO+T,sublevel,h1,0.9,9,10,1,
trajectory_000000:8745,mutual,mutual.CO+T,sublevel,h0,0.1,1,1,0,
trajectory_000000:8745,mutual,mutual.CO+T,sublevel,h0,0.25,1,1,0,
trajectory_000000:8745,mutual,mutual.CO+T,sublevel,h0,0.5,1,1,0,
trajectory_000000:8745,mutual,mutual.CO+T,sublevel,h0,0.75,6,8,2,
trajectory_000000:8745,mutual,mutual.CO+T,sublevel,h0,0.9,3,1,2,
trajectory_000000:8745,mutual,mutual.CO+T,sublevel,h1,0.1,1,2,1,
trajectory_000000:8745,mutual,mutual.CO+T,sublevel,h1,0.25,1,2,1,
trajectory_000000:8745,mutual,mutual.CO+T,sublevel,h1,0.5,0,2,2,
trajectory_000000:8745,mutual,mutual.CO+T,sublevel,h1,0.75,2,2,0,
trajectory_000000:8745,mutual,mutual.CO+T,sublevel,h1,0.9,9,6,3,
trajectory_000000:8745,mutual,mutual.CO+T,sublevel,h0,0.1,1,6,5,
trajectory_000000:8745,mutual,mutual.CO+T,sublevel,h0,0.25,2,4,2,
trajectory_000000:8745,mutual,mutual.CO+T,sublevel,h0,0.5,1,3,2,
trajectory_000000:8745,mutual,mutual.CO+T,sublevel,h0,0.75,4,3,1,
trajectory_000000:8745,mutual,mutual.CO+T,sublevel,h0,0.9,2,1,1,
trajectory_000000:8745,mutual,mutual.CO+T,sublevel,h1,0.1,0,0,0,
trajectory_000000:8745,mutual,mutual.CO+T,sublevel,h1,0.25,0,3,3,
trajectory_000000:8745,mutual,mutual.CO+T,sublevel,h1,0.5,0,1,1,
trajectory_000000:8745,mutual,mutual.CO+T,sublevel,h1,0.75,2,0,2,
trajectory_000000:8745,mutual,mutual.CO+T,sublevel,h1,0.9,6,8,2,
trajectory_000000:8745,self,self.CO,superlevel,h0,0.1,10,12,2,
trajectory_000000:8745,self,self.CO,superlevel,h0,0.25,2,2,0,
trajectory_000000:8745,self,self.CO,superlevel,h0,0.5,1,4,3,
trajectory_000000:8745,self,self.CO,superlevel,h0,0.75,1,4,3,
trajectory_000000:8745,self,self.CO,superlevel,h0,0.9,1,4,3,
trajectory_000000:8745,self,self.CO,superlevel,h1,0.1,1,0,1,
trajectory_000000:8745,self,self.CO,superlevel,h1,0.25,2,1,1,
trajectory_000000:8745,self,self.CO,superlevel,h1,0.5,0,0,0,
trajectory_000000:8745,self,self.CO,superlevel,h1,0.75,126,0,126,
trajectory_000000:8745,self,self.CO,superlevel,h1,0.9,126,0,126,
trajectory_000000:8745,self,self.T,superlevel,h0,0.1,3,2,1,
trajectory_000000:8745,self,self.T,superlevel,h0,0.25,1,4,3,
trajectory_000000:8745,self,self.T,superlevel,h0,0.5,2,3,1,
trajectory_000000:8745,self,self.T,superlevel,h0,0.75,1,4,3,
trajectory_000000:8745,self,self.T,superlevel,h0,0.9,2,1,1,
trajectory_000000:8745,self,self.T,superlevel,h1,0.1,0,0,0,
trajectory_000000:8745,self,self.T,superlevel,h1,0.25,0,0,0,
trajectory_000000:8745,self,self.T,superlevel,h1,0.5,0,1,1,
trajectory_000000:8745,self,self.T,superlevel,h1,0.75,0,2,2,
trajectory_000000:8745,self,self.T,superlevel,h1,0.9,0,2,2,
trajectory_000000:8745,mutual,mutual.CO+T,superlevel,h0,0.1,7,1,6,
trajectory_000000:8745,mutual,mutual.CO+T,superlevel,h0,0.25,5,2,3,
trajectory_000000:8745,mutual,mutual.CO+T,superlevel,h0,0.5,2,3,1,
trajectory_000000:8745,mutual,mutual.CO+T,superlevel,h0,0.75,1,4,3,
trajectory_000000:8745,mutual,mutual.CO+T,superlevel,h0,0.9,2,1,1,
trajectory_000000:8745,mutual,mutual.CO+T,superlevel,h1,0.1,0,0,0,
trajectory_000000:8745,mutual,mutual.CO+T,superlevel,h1,0.25,0,0,0,
trajectory_000000:8745,mutual,mutual.CO+T,superlevel,h1,0.5,0,1,1,
trajectory_000000:8745,mutual,mutual.CO+T,superlevel,h1,0.75,0,2,2,
trajectory_000000:8745,mutual,mutual.CO+T,superlevel,h1,0.9,0,2,2,
trajectory_000000:8745,mutual,mutual.CO+T,superlevel,h0,0.1,13,11,2,
trajectory_000000:8745,mutual,mutual.CO+T,superlevel,h0,0.25,2,2,0,
trajectory_000000:8745,mutual,mutual.CO+T,superlevel,h0,0.5,2,3,1,
trajectory_000000:8745,mutual,mutual.CO+T,superlevel,h0,0.75,1,4,3,
trajectory_000000:8745,mutual,mutual.CO+T,superlevel,h0,0.9,2,1,1,
trajectory_000000:8745,mutual,mutual.CO+T,superlevel,h1,0.1,1,0,1,
trajectory_000000:8745,mutual,mutual.CO+T,superlevel,h1,0.25,1,1,0,
trajectory_000000:8745,mutual,mutual.CO+T,superlevel,h1,0.5,0,1,1,
trajectory_000000:8745,mutual,mutual.CO+T,superlevel,h1,0.75,0,2,2,
trajectory_000000:8745,mutual,mutual.CO+T,superlevel,h1,0.9,0,2,2,
trajectory_000000:8745,mutual,mutual.CO+T,superlevel,h0,0.1,10,4,6,
trajectory_000000:8745,mutual,mutual.CO+T,superlevel,h0,0.25,2,2,0,
trajectory_000000:8745,mutual,mutual.CO+T,superlevel,h0,0.5,1,4,3,
trajectory_000000:8745,mutual,mutual.CO+T,superlevel,h0,0.75,1,4,3,
trajectory_000000:8745,mutual,mutual.CO+T,superlevel,h0,0.9,1,4,3,
trajectory_000000:8745,mutual,mutual.CO+T,superlevel,h1,0.1,1,1,0,
trajectory_000000:8745,mutual,mutual.CO+T,superlevel,h1,0.25,1,1,0,
trajectory_000000:8745,mutual,mutual.CO+T,superlevel,h1,0.5,0,0,0,
trajectory_000000:8745,mutual,mutual.CO+T,superlevel,h1,0.75,126,0,126,
trajectory_000000:8745,mutual,mutual.CO+T,superlevel,h1,0.9,126,0,126,
trajectory_000000:8745,persistence_distance,topology.self.persistence,,,,,,,0.019307587295770645
trajectory_000000:8745,persistence_distance,topology.mutual.persistence,,,,,,,0.003088046098127961
trajectory_000000:8745,persistence_distance,topology.component_weighted_total_before_outer_family_weight,,,,,,,0.022395633161067963
trajectory_000000:8745,dimension_distance_diagnostic,topology.self.CO.h0,,,,,,,0.06942448019981384
trajectory_000000:8745,dimension_distance_diagnostic,topology.self.CO.h1,,,,,,,0.001452530501410365
trajectory_000000:8745,dimension_distance_diagnostic,topology.self.T.h0,,,,,,,0.006230536382645369
trajectory_000000:8745,dimension_distance_diagnostic,topology.self.T.h1,,,,,,,0.00012280294322408736
trajectory_000000:8745,dimension_distance_diagnostic,topology.mutual.CO+T.h0,,,,,,,0.00492973392829299
trajectory_000000:8745,dimension_distance_diagnostic,topology.mutual.CO+T.h1,,,,,,,0.001246358035132289
trajectory_000000:8761,self,self.CO,sublevel,h0,0.1,5,2,3,
trajectory_000000:8761,self,self.CO,sublevel,h0,0.25,5,2,3,
trajectory_000000:8761,self,self.CO,sublevel,h0,0.5,1,2,1,
trajectory_000000:8761,self,self.CO,sublevel,h0,0.75,4,2,2,
trajectory_000000:8761,self,self.CO,sublevel,h0,0.9,6,1,5,
trajectory_000000:8761,self,self.CO,sublevel,h1,0.1,98,0,98,
trajectory_000000:8761,self,self.CO,sublevel,h1,0.25,98,0,98,
trajectory_000000:8761,self,self.CO,sublevel,h1,0.5,0,0,0,
trajectory_000000:8761,self,self.CO,sublevel,h1,0.75,3,0,3,
trajectory_000000:8761,self,self.CO,sublevel,h1,0.9,5,8,3,
trajectory_000000:8761,self,self.T,sublevel,h0,0.1,1,2,1,
trajectory_000000:8761,self,self.T,sublevel,h0,0.25,3,2,1,
trajectory_000000:8761,self,self.T,sublevel,h0,0.5,1,3,2,
trajectory_000000:8761,self,self.T,sublevel,h0,0.75,4,2,2,
trajectory_000000:8761,self,self.T,sublevel,h0,0.9,1,1,0,
trajectory_000000:8761,self,self.T,sublevel,h1,0.1,0,1,1,
trajectory_000000:8761,self,self.T,sublevel,h1,0.25,0,1,1,
trajectory_000000:8761,self,self.T,sublevel,h1,0.5,0,0,0,
trajectory_000000:8761,self,self.T,sublevel,h1,0.75,2,1,1,
trajectory_000000:8761,self,self.T,sublevel,h1,0.9,4,1,3,
trajectory_000000:8761,mutual,mutual.CO+T,sublevel,h0,0.1,1,2,1,
trajectory_000000:8761,mutual,mutual.CO+T,sublevel,h0,0.25,3,2,1,
trajectory_000000:8761,mutual,mutual.CO+T,sublevel,h0,0.5,1,3,2,
trajectory_000000:8761,mutual,mutual.CO+T,sublevel,h0,0.75,19,1,18,
trajectory_000000:8761,mutual,mutual.CO+T,sublevel,h0,0.9,6,1,5,
trajectory_000000:8761,mutual,mutual.CO+T,sublevel,h1,0.1,0,1,1,
trajectory_000000:8761,mutual,mutual.CO+T,sublevel,h1,0.25,0,1,1,
trajectory_000000:8761,mutual,mutual.CO+T,sublevel,h1,0.5,0,0,0,
trajectory_000000:8761,mutual,mutual.CO+T,sublevel,h1,0.75,3,9,6,
trajectory_000000:8761,mutual,mutual.CO+T,sublevel,h1,0.9,5,7,2,
trajectory_000000:8761,mutual,mutual.CO+T,sublevel,h0,0.1,1,2,1,
trajectory_000000:8761,mutual,mutual.CO+T,sublevel,h0,0.25,1,2,1,
trajectory_000000:8761,mutual,mutual.CO+T,sublevel,h0,0.5,1,2,1,
trajectory_000000:8761,mutual,mutual.CO+T,sublevel,h0,0.75,19,1,18,
trajectory_000000:8761,mutual,mutual.CO+T,sublevel,h0,0.9,5,1,4,
trajectory_000000:8761,mutual,mutual.CO+T,sublevel,h1,0.1,1,0,1,
trajectory_000000:8761,mutual,mutual.CO+T,sublevel,h1,0.25,1,0,1,
trajectory_000000:8761,mutual,mutual.CO+T,sublevel,h1,0.5,0,0,0,
trajectory_000000:8761,mutual,mutual.CO+T,sublevel,h1,0.75,4,10,6,
trajectory_000000:8761,mutual,mutual.CO+T,sublevel,h1,0.9,4,7,3,
trajectory_000000:8761,mutual,mutual.CO+T,sublevel,h0,0.1,1,3,2,
trajectory_000000:8761,mutual,mutual.CO+T,sublevel,h0,0.25,3,3,0,
trajectory_000000:8761,mutual,mutual.CO+T,sublevel,h0,0.5,1,3,2,
trajectory_000000:8761,mutual,mutual.CO+T,sublevel,h0,0.75,4,2,2,
trajectory_000000:8761,mutual,mutual.CO+T,sublevel,h0,0.9,6,1,5,
trajectory_000000:8761,mutual,mutual.CO+T,sublevel,h1,0.1,0,1,1,
trajectory_000000:8761,mutual,mutual.CO+T,sublevel,h1,0.25,0,1,1,
trajectory_000000:8761,mutual,mutual.CO+T,sublevel,h1,0.5,0,0,0,
trajectory_000000:8761,mutual,mutual.CO+T,sublevel,h1,0.75,3,0,3,
trajectory_000000:8761,mutual,mutual.CO+T,sublevel,h1,0.9,5,8,3,
trajectory_000000:8761,self,self.CO,superlevel,h0,0.1,9,10,1,
trajectory_000000:8761,self,self.CO,superlevel,h0,0.25,6,1,5,
trajectory_000000:8761,self,self.CO,superlevel,h0,0.5,1,2,1,
trajectory_000000:8761,self,self.CO,superlevel,h0,0.75,1,2,1,
trajectory_000000:8761,self,self.CO,superlevel,h0,0.9,1,2,1,
trajectory_000000:8761,self,self.CO,superlevel,h1,0.1,3,0,3,
trajectory_000000:8761,self,self.CO,superlevel,h1,0.25,2,0,2,
trajectory_000000:8761,self,self.CO,superlevel,h1,0.5,0,0,0,
trajectory_000000:8761,self,self.CO,superlevel,h1,0.75,118,0,118,
trajectory_000000:8761,self,self.CO,superlevel,h1,0.9,118,0,118,
trajectory_000000:8761,self,self.T,superlevel,h0,0.1,5,1,4,
trajectory_000000:8761,self,self.T,superlevel,h0,0.25,3,2,1,
trajectory_000000:8761,self,self.T,superlevel,h0,0.5,1,1,0,
trajectory_000000:8761,self,self.T,superlevel,h0,0.75,1,3,2,
trajectory_000000:8761,self,self.T,superlevel,h0,0.9,1,2,1,
trajectory_000000:8761,self,self.T,superlevel,h1,0.1,0,0,0,
trajectory_000000:8761,self,self.T,superlevel,h1,0.25,0,0,0,
trajectory_000000:8761,self,self.T,superlevel,h1,0.5,0,0,0,
trajectory_000000:8761,self,self.T,superlevel,h1,0.75,0,0,0,
trajectory_000000:8761,self,self.T,superlevel,h1,0.9,0,0,0,
trajectory_000000:8761,mutual,mutual.CO+T,superlevel,h0,0.1,3,7,4,
trajectory_000000:8761,mutual,mutual.CO+T,superlevel,h0,0.25,2,1,1,
trajectory_000000:8761,mutual,mutual.CO+T,superlevel,h0,0.5,1,1,0,
trajectory_000000:8761,mutual,mutual.CO+T,superlevel,h0,0.75,1,3,2,
trajectory_000000:8761,mutual,mutual.CO+T,superlevel,h0,0.9,1,2,1,
trajectory_000000:8761,mutual,mutual.CO+T,superlevel,h1,0.1,0,0,0,
trajectory_000000:8761,mutual,mutual.CO+T,superlevel,h1,0.25,0,0,0,
trajectory_000000:8761,mutual,mutual.CO+T,superlevel,h1,0.5,0,0,0,
trajectory_000000:8761,mutual,mutual.CO+T,superlevel,h1,0.75,0,0,0,
trajectory_000000:8761,mutual,mutual.CO+T,superlevel,h1,0.9,0,0,0,
trajectory_000000:8761,mutual,mutual.CO+T,superlevel,h0,0.1,4,18,14,
trajectory_000000:8761,mutual,mutual.CO+T,superlevel,h0,0.25,5,1,4,
trajectory_000000:8761,mutual,mutual.CO+T,superlevel,h0,0.5,1,1,0,
trajectory_000000:8761,mutual,mutual.CO+T,superlevel,h0,0.75,1,3,2,
trajectory_000000:8761,mutual,mutual.CO+T,superlevel,h0,0.9,1,2,1,
trajectory_000000:8761,mutual,mutual.CO+T,superlevel,h1,0.1,0,0,0,
trajectory_000000:8761,mutual,mutual.CO+T,superlevel,h1,0.25,2,2,0,
trajectory_000000:8761,mutual,mutual.CO+T,superlevel,h1,0.5,0,0,0,
trajectory_000000:8761,mutual,mutual.CO+T,superlevel,h1,0.75,0,0,0,
trajectory_000000:8761,mutual,mutual.CO+T,superlevel,h1,0.9,0,0,0,
trajectory_000000:8761,mutual,mutual.CO+T,superlevel,h0,0.1,5,1,4,
trajectory_000000:8761,mutual,mutual.CO+T,superlevel,h0,0.25,5,2,3,
trajectory_000000:8761,mutual,mutual.CO+T,superlevel,h0,0.5,1,2,1,
trajectory_000000:8761,mutual,mutual.CO+T,superlevel,h0,0.75,1,2,1,
trajectory_000000:8761,mutual,mutual.CO+T,superlevel,h0,0.9,1,2,1,
trajectory_000000:8761,mutual,mutual.CO+T,superlevel,h1,0.1,1,0,1,
trajectory_000000:8761,mutual,mutual.CO+T,superlevel,h1,0.25,1,1,0,
trajectory_000000:8761,mutual,mutual.CO+T,superlevel,h1,0.5,0,0,0,
trajectory_000000:8761,mutual,mutual.CO+T,superlevel,h1,0.75,118,0,118,
trajectory_000000:8761,mutual,mutual.CO+T,superlevel,h1,0.9,118,0,118,
trajectory_000000:8761,persistence_distance,topology.self.persistence,,,,,,,0.01655079983174801
trajectory_000000:8761,persistence_distance,topology.mutual.persistence,,,,,,,0.004875325132161379
trajectory_000000:8761,persistence_distance,topology.component_weighted_total_before_outer_family_weight,,,,,,,0.0214261244982481
trajectory_000000:8761,dimension_distance_diagnostic,topology.self.CO.h0,,,,,,,0.057010527700185776
trajectory_000000:8761,dimension_distance_diagnostic,topology.self.CO.h1,,,,,,,0.0016001637559384108
trajectory_000000:8761,dimension_distance_diagnostic,topology.self.T.h0,,,,,,,0.007374740671366453
trajectory_000000:8761,dimension_distance_diagnostic,topology.self.T.h1,,,,,,,0.00021776552603114396
trajectory_000000:8761,dimension_distance_diagnostic,topology.mutual.CO+T.h0,,,,,,,0.008354350924491882
trajectory_000000:8761,dimension_distance_diagnostic,topology.mutual.CO+T.h1,,,,,,,0.0013962993398308754
trajectory_000000:8777,self,self.CO,sublevel,h0,0.1,2,1,1,
trajectory_000000:8777,self,self.CO,sublevel,h0,0.25,2,1,1,
trajectory_000000:8777,self,self.CO,sublevel,h0,0.5,1,1,0,
trajectory_000000:8777,self,self.CO,sublevel,h0,0.75,5,1,4,
trajectory_000000:8777,self,self.CO,sublevel,h0,0.9,4,1,3,
trajectory_000000:8777,self,self.CO,sublevel,h1,0.1,98,0,98,
trajectory_000000:8777,self,self.CO,sublevel,h1,0.25,98,0,98,
trajectory_000000:8777,self,self.CO,sublevel,h1,0.5,0,0,0,
trajectory_000000:8777,self,self.CO,sublevel,h1,0.75,3,1,2,
trajectory_000000:8777,self,self.CO,sublevel,h1,0.9,5,3,2,
trajectory_000000:8777,self,self.T,sublevel,h0,0.1,4,2,2,
trajectory_000000:8777,self,self.T,sublevel,h0,0.25,3,4,1,
trajectory_000000:8777,self,self.T,sublevel,h0,0.5,1,4,3,
trajectory_000000:8777,self,self.T,sublevel,h0,0.75,1,1,0,
trajectory_000000:8777,self,self.T,sublevel,h0,0.9,2,1,1,
trajectory_000000:8777,self,self.T,sublevel,h1,0.1,0,0,0,
trajectory_000000:8777,self,self.T,sublevel,h1,0.25,1,1,0,
trajectory_000000:8777,self,self.T,sublevel,h1,0.5,0,0,0,
trajectory_000000:8777,self,self.T,sublevel,h1,0.75,1,1,0,
trajectory_000000:8777,self,self.T,sublevel,h1,0.9,2,4,2,
trajectory_000000:8777,mutual,mutual.CO+T,sublevel,h0,0.1,4,2,2,
trajectory_000000:8777,mutual,mutual.CO+T,sublevel,h0,0.25,3,4,1,
trajectory_000000:8777,mutual,mutual.CO+T,sublevel,h0,0.5,1,4,3,
trajectory_000000:8777,mutual,mutual.CO+T,sublevel,h0,0.75,11,1,10,
trajectory_000000:8777,mutual,mutual.CO+T,sublevel,h0,0.9,4,1,3,
trajectory_000000:8777,mutual,mutual.CO+T,sublevel,h1,0.1,0,0,0,
trajectory_000000:8777,mutual,mutual.CO+T,sublevel,h1,0.25,1,1,0,
trajectory_000000:8777,mutual,mutual.CO+T,sublevel,h1,0.5,0,0,0,
trajectory_000000:8777,mutual,mutual.CO+T,sublevel,h1,0.75,3,3,0,
trajectory_000000:8777,mutual,mutual.CO+T,sublevel,h1,0.9,6,5,1,
trajectory_000000:8777,mutual,mutual.CO+T,sublevel,h0,0.1,1,1,0,
trajectory_000000:8777,mutual,mutual.CO+T,sublevel,h0,0.25,1,1,0,
trajectory_000000:8777,mutual,mutual.CO+T,sublevel,h0,0.5,1,1,0,
trajectory_000000:8777,mutual,mutual.CO+T,sublevel,h0,0.75,12,1,11,
trajectory_000000:8777,mutual,mutual.CO+T,sublevel,h0,0.9,4,1,3,
trajectory_000000:8777,mutual,mutual.CO+T,sublevel,h1,0.1,0,0,0,
trajectory_000000:8777,mutual,mutual.CO+T,sublevel,h1,0.25,0,0,0,
trajectory_000000:8777,mutual,mutual.CO+T,sublevel,h1,0.5,0,0,0,
trajectory_000000:8777,mutual,mutual.CO+T,sublevel,h1,0.75,3,3,0,
trajectory_000000:8777,mutual,mutual.CO+T,sublevel,h1,0.9,5,5,0,
trajectory_000000:8777,mutual,mutual.CO+T,sublevel,h0,0.1,4,2,2,
trajectory_000000:8777,mutual,mutual.CO+T,sublevel,h0,0.25,3,4,1,
trajectory_000000:8777,mutual,mutual.CO+T,sublevel,h0,0.5,1,4,3,
trajectory_000000:8777,mutual,mutual.CO+T,sublevel,h0,0.75,5,1,4,
trajectory_000000:8777,mutual,mutual.CO+T,sublevel,h0,0.9,4,1,3,
trajectory_000000:8777,mutual,mutual.CO+T,sublevel,h1,0.1,0,0,0,
trajectory_000000:8777,mutual,mutual.CO+T,sublevel,h1,0.25,1,1,0,
trajectory_000000:8777,mutual,mutual.CO+T,sublevel,h1,0.5,0,0,0,
trajectory_000000:8777,mutual,mutual.CO+T,sublevel,h1,0.75,3,1,2,
trajectory_000000:8777,mutual,mutual.CO+T,sublevel,h1,0.9,5,3,2,
trajectory_000000:8777,self,self.CO,superlevel,h0,0.1,7,5,2,
trajectory_000000:8777,self,self.CO,superlevel,h0,0.25,7,5,2,
trajectory_000000:8777,self,self.CO,superlevel,h0,0.5,1,2,1,
trajectory_000000:8777,self,self.CO,superlevel,h0,0.75,1,2,1,
trajectory_000000:8777,self,self.CO,superlevel,h0,0.9,1,2,1,
trajectory_000000:8777,self,self.CO,superlevel,h1,0.1,1,0,1,
trajectory_000000:8777,self,self.CO,superlevel,h1,0.25,4,0,4,
trajectory_000000:8777,self,self.CO,superlevel,h1,0.5,0,0,0,
trajectory_000000:8777,self,self.CO,superlevel,h1,0.75,112,0,112,
trajectory_000000:8777,self,self.CO,superlevel,h1,0.9,112,0,112,
trajectory_000000:8777,self,self.T,superlevel,h0,0.1,2,5,3,
trajectory_000000:8777,self,self.T,superlevel,h0,0.25,3,2,1,
trajectory_000000:8777,self,self.T,superlevel,h0,0.5,1,1,0,
trajectory_000000:8777,self,self.T,superlevel,h0,0.75,3,3,0,
trajectory_000000:8777,self,self.T,superlevel,h0,0.9,2,3,1,
trajectory_000000:8777,self,self.T,superlevel,h1,0.1,1,0,1,
trajectory_000000:8777,self,self.T,superlevel,h1,0.25,0,0,0,
trajectory_000000:8777,self,self.T,superlevel,h1,0.5,0,2,2,
trajectory_000000:8777,self,self.T,superlevel,h1,0.75,1,2,1,
trajectory_000000:8777,self,self.T,superlevel,h1,0.9,2,0,2,
trajectory_000000:8777,mutual,mutual.CO+T,superlevel,h0,0.1,2,4,2,
trajectory_000000:8777,mutual,mutual.CO+T,superlevel,h0,0.25,2,3,1,
trajectory_000000:8777,mutual,mutual.CO+T,superlevel,h0,0.5,1,1,0,
trajectory_000000:8777,mutual,mutual.CO+T,superlevel,h0,0.75,3,3,0,
trajectory_000000:8777,mutual,mutual.CO+T,superlevel,h0,0.9,2,3,1,
trajectory_000000:8777,mutual,mutual.CO+T,superlevel,h1,0.1,1,0,1,
trajectory_000000:8777,mutual,mutual.CO+T,superlevel,h1,0.25,0,0,0,
trajectory_000000:8777,mutual,mutual.CO+T,superlevel,h1,0.5,0,2,2,
trajectory_000000:8777,mutual,mutual.CO+T,superlevel,h1,0.75,1,2,1,
trajectory_000000:8777,mutual,mutual.CO+T,superlevel,h1,0.9,2,0,2,
trajectory_000000:8777,mutual,mutual.CO+T,superlevel,h0,0.1,10,7,3,
trajectory_000000:8777,mutual,mutual.CO+T,superlevel,h0,0.25,8,5,3,
trajectory_000000:8777,mutual,mutual.CO+T,superlevel,h0,0.5,1,1,0,
trajectory_000000:8777,mutual,mutual.CO+T,superlevel,h0,0.75,3,3,0,
trajectory_000000:8777,mutual,mutual.CO+T,superlevel,h0,0.9,2,3,1,
trajectory_000000:8777,mutual,mutual.CO+T,superlevel,h1,0.1,0,0,0,
trajectory_000000:8777,mutual,mutual.CO+T,superlevel,h1,0.25,1,1,0,
trajectory_000000:8777,mutual,mutual.CO+T,superlevel,h1,0.5,0,2,2,
trajectory_000000:8777,mutual,mutual.CO+T,superlevel,h1,0.75,1,2,1,
trajectory_000000:8777,mutual,mutual.CO+T,superlevel,h1,0.9,2,0,2,
trajectory_000000:8777,mutual,mutual.CO+T,superlevel,h0,0.1,3,3,0,
trajectory_000000:8777,mutual,mutual.CO+T,superlevel,h0,0.25,7,5,2,
trajectory_000000:8777,mutual,mutual.CO+T,superlevel,h0,0.5,1,2,1,
trajectory_000000:8777,mutual,mutual.CO+T,superlevel,h0,0.75,1,2,1,
trajectory_000000:8777,mutual,mutual.CO+T,superlevel,h0,0.9,1,2,1,
trajectory_000000:8777,mutual,mutual.CO+T,superlevel,h1,0.1,0,0,0,
trajectory_000000:8777,mutual,mutual.CO+T,superlevel,h1,0.25,0,0,0,
trajectory_000000:8777,mutual,mutual.CO+T,superlevel,h1,0.5,0,0,0,
trajectory_000000:8777,mutual,mutual.CO+T,superlevel,h1,0.75,112,0,112,
trajectory_000000:8777,mutual,mutual.CO+T,superlevel,h1,0.9,112,0,112,
trajectory_000000:8777,persistence_distance,topology.self.persistence,,,,,,,0.01234042551368475
trajectory_000000:8777,persistence_distance,topology.mutual.persistence,,,,,,,0.0029618805274367332
trajectory_000000:8777,persistence_distance,topology.component_weighted_total_before_outer_family_weight,,,,,,,0.015302306041121483
trajectory_000000:8777,dimension_distance_diagnostic,topology.self.CO.h0,,,,,,,0.04430330544710159
trajectory_000000:8777,dimension_distance_diagnostic,topology.self.CO.h1,,,,,,,0.001237636199221015
trajectory_000000:8777,dimension_distance_diagnostic,topology.self.T.h0,,,,,,,0.0037386601325124502
trajectory_000000:8777,dimension_distance_diagnostic,topology.self.T.h1,,,,,,,8.21040230221115e-05
trajectory_000000:8777,dimension_distance_diagnostic,topology.mutual.CO+T.h0,,,,,,,0.004884188529103994
trajectory_000000:8777,dimension_distance_diagnostic,topology.mutual.CO+T.h1,,,,,,,0.0010395721765235066
trajectory_000000:8792,self,self.CO,sublevel,h0,0.1,5,1,4,
trajectory_000000:8792,self,self.CO,sublevel,h0,0.25,5,1,4,
trajectory_000000:8792,self,self.CO,sublevel,h0,0.5,1,1,0,
trajectory_000000:8792,self,self.CO,sublevel,h0,0.75,2,1,1,
trajectory_000000:8792,self,self.CO,sublevel,h0,0.9,2,3,1,
trajectory_000000:8792,self,self.CO,sublevel,h1,0.1,100,0,100,
trajectory_000000:8792,self,self.CO,sublevel,h1,0.25,100,0,100,
trajectory_000000:8792,self,self.CO,sublevel,h1,0.5,0,0,0,
trajectory_000000:8792,self,self.CO,sublevel,h1,0.75,3,0,3,
trajectory_000000:8792,self,self.CO,sublevel,h1,0.9,4,2,2,
trajectory_000000:8792,self,self.T,sublevel,h0,0.1,3,7,4,
trajectory_000000:8792,self,self.T,sublevel,h0,0.25,4,4,0,
trajectory_000000:8792,self,self.T,sublevel,h0,0.5,1,3,2,
trajectory_000000:8792,self,self.T,sublevel,h0,0.75,2,3,1,
trajectory_000000:8792,self,self.T,sublevel,h0,0.9,1,1,0,
trajectory_000000:8792,self,self.T,sublevel,h1,0.1,0,2,2,
trajectory_000000:8792,self,self.T,sublevel,h1,0.25,2,3,1,
trajectory_000000:8792,self,self.T,sublevel,h1,0.5,1,0,1,
trajectory_000000:8792,self,self.T,sublevel,h1,0.75,1,0,1,
trajectory_000000:8792,self,self.T,sublevel,h1,0.9,0,5,5,
trajectory_000000:8792,mutual,mutual.CO+T,sublevel,h0,0.1,3,7,4,
trajectory_000000:8792,mutual,mutual.CO+T,sublevel,h0,0.25,4,4,0,
trajectory_000000:8792,mutual,mutual.CO+T,sublevel,h0,0.5,1,3,2,
trajectory_000000:8792,mutual,mutual.CO+T,sublevel,h0,0.75,10,3,7,
trajectory_000000:8792,mutual,mutual.CO+T,sublevel,h0,0.9,1,2,1,
trajectory_000000:8792,mutual,mutual.CO+T,sublevel,h1,0.1,0,2,2,
trajectory_000000:8792,mutual,mutual.CO+T,sublevel,h1,0.25,2,3,1,
trajectory_000000:8792,mutual,mutual.CO+T,sublevel,h1,0.5,1,0,1,
trajectory_000000:8792,mutual,mutual.CO+T,sublevel,h1,0.75,2,1,1,
trajectory_000000:8792,mutual,mutual.CO+T,sublevel,h1,0.9,7,3,4,
trajectory_000000:8792,mutual,mutual.CO+T,sublevel,h0,0.1,5,1,4,
trajectory_000000:8792,mutual,mutual.CO+T,sublevel,h0,0.25,5,1,4,
trajectory_000000:8792,mutual,mutual.CO+T,sublevel,h0,0.5,1,1,0,
trajectory_000000:8792,mutual,mutual.CO+T,sublevel,h0,0.75,8,4,4,
trajectory_000000:8792,mutual,mutual.CO+T,sublevel,h0,0.9,1,1,0,
trajectory_000000:8792,mutual,mutual.CO+T,sublevel,h1,0.1,100,0,100,
trajectory_000000:8792,mutual,mutual.CO+T,sublevel,h1,0.25,100,0,100,
trajectory_000000:8792,mutual,mutual.CO+T,sublevel,h1,0.5,0,0,0,
trajectory_000000:8792,mutual,mutual.CO+T,sublevel,h1,0.75,2,1,1,
trajectory_000000:8792,mutual,mutual.CO+T,sublevel,h1,0.9,7,6,1,
trajectory_000000:8792,mutual,mutual.CO+T,sublevel,h0,0.1,3,7,4,
trajectory_000000:8792,mutual,mutual.CO+T,sublevel,h0,0.25,4,4,0,
trajectory_000000:8792,mutual,mutual.CO+T,sublevel,h0,0.5,1,3,2,
trajectory_000000:8792,mutual,mutual.CO+T,sublevel,h0,0.75,2,1,1,
trajectory_000000:8792,mutual,mutual.CO+T,sublevel,h0,0.9,2,3,1,
trajectory_000000:8792,mutual,mutual.CO+T,sublevel,h1,0.1,0,2,2,
trajectory_000000:8792,mutual,mutual.CO+T,sublevel,h1,0.25,2,3,1,
trajectory_000000:8792,mutual,mutual.CO+T,sublevel,h1,0.5,1,0,1,
trajectory_000000:8792,mutual,mutual.CO+T,sublevel,h1,0.75,3,0,3,
trajectory_000000:8792,mutual,mutual.CO+T,sublevel,h1,0.9,4,2,2,
trajectory_000000:8792,self,self.CO,superlevel,h0,0.1,6,5,1,
trajectory_000000:8792,self,self.CO,superlevel,h0,0.25,4,1,3,
trajectory_000000:8792,self,self.CO,superlevel,h0,0.5,1,1,0,
trajectory_000000:8792,self,self.CO,superlevel,h0,0.75,1,1,0,
trajectory_000000:8792,self,self.CO,superlevel,h0,0.9,1,1,0,
trajectory_000000:8792,self,self.CO,superlevel,h1,0.1,0,1,1,
trajectory_000000:8792,self,self.CO,superlevel,h1,0.25,0,0,0,
trajectory_000000:8792,self,self.CO,superlevel,h1,0.5,0,0,0,
trajectory_000000:8792,self,self.CO,superlevel,h1,0.75,116,0,116,
trajectory_000000:8792,self,self.CO,superlevel,h1,0.9,116,0,116,
trajectory_000000:8792,self,self.T,superlevel,h0,0.1,1,5,4,
trajectory_000000:8792,self,self.T,superlevel,h0,0.25,3,1,2,
trajectory_000000:8792,self,self.T,superlevel,h0,0.5,4,1,3,
trajectory_000000:8792,self,self.T,superlevel,h0,0.75,3,9,6,
trajectory_000000:8792,self,self.T,superlevel,h0,0.9,1,4,3,
trajectory_000000:8792,self,self.T,superlevel,h1,0.1,0,0,0,
trajectory_000000:8792,self,self.T,superlevel,h1,0.25,0,1,1,
trajectory_000000:8792,self,self.T,superlevel,h1,0.5,0,0,0,
trajectory_000000:8792,self,self.T,superlevel,h1,0.75,2,0,2,
trajectory_000000:8792,self,self.T,superlevel,h1,0.9,2,3,1,
trajectory_000000:8792,mutual,mutual.CO+T,superlevel,h0,0.1,1,5,4,
trajectory_000000:8792,mutual,mutual.CO+T,superlevel,h0,0.25,5,5,0,
trajectory_000000:8792,mutual,mutual.CO+T,superlevel,h0,0.5,4,1,3,
trajectory_000000:8792,mutual,mutual.CO+T,superlevel,h0,0.75,3,9,6,
trajectory_000000:8792,mutual,mutual.CO+T,superlevel,h0,0.9,1,4,3,
trajectory_000000:8792,mutual,mutual.CO+T,superlevel,h1,0.1,0,0,0,
trajectory_000000:8792,mutual,mutual.CO+T,superlevel,h1,0.25,0,0,0,
trajectory_000000:8792,mutual,mutual.CO+T,superlevel,h1,0.5,0,0,0,
trajectory_000000:8792,mutual,mutual.CO+T,superlevel,h1,0.75,2,0,2,
trajectory_000000:8792,mutual,mutual.CO+T,superlevel,h1,0.9,2,3,1,
trajectory_000000:8792,mutual,mutual.CO+T,superlevel,h0,0.1,4,4,0,
trajectory_000000:8792,mutual,mutual.CO+T,superlevel,h0,0.25,7,1,6,
trajectory_000000:8792,mutual,mutual.CO+T,superlevel,h0,0.5,4,1,3,
trajectory_000000:8792,mutual,mutual.CO+T,superlevel,h0,0.75,3,9,6,
trajectory_000000:8792,mutual,mutual.CO+T,superlevel,h0,0.9,1,4,3,
trajectory_000000:8792,mutual,mutual.CO+T,superlevel,h1,0.1,1,0,1,
trajectory_000000:8792,mutual,mutual.CO+T,superlevel,h1,0.25,1,0,1,
trajectory_000000:8792,mutual,mutual.CO+T,superlevel,h1,0.5,0,0,0,
trajectory_000000:8792,mutual,mutual.CO+T,superlevel,h1,0.75,2,0,2,
trajectory_000000:8792,mutual,mutual.CO+T,superlevel,h1,0.9,2,3,1,
trajectory_000000:8792,mutual,mutual.CO+T,superlevel,h0,0.1,2,5,3,
trajectory_000000:8792,mutual,mutual.CO+T,superlevel,h0,0.25,8,2,6,
trajectory_000000:8792,mutual,mutual.CO+T,superlevel,h0,0.5,1,1,0,
trajectory_000000:8792,mutual,mutual.CO+T,superlevel,h0,0.75,1,1,0,
trajectory_000000:8792,mutual,mutual.CO+T,superlevel,h0,0.9,1,1,0,
trajectory_000000:8792,mutual,mutual.CO+T,superlevel,h1,0.1,1,0,1,
trajectory_000000:8792,mutual,mutual.CO+T,superlevel,h1,0.25,2,1,1,
trajectory_000000:8792,mutual,mutual.CO+T,superlevel,h1,0.5,0,0,0,
trajectory_000000:8792,mutual,mutual.CO+T,superlevel,h1,0.75,116,0,116,
trajectory_000000:8792,mutual,mutual.CO+T,superlevel,h1,0.9,116,0,116,
trajectory_000000:8792,persistence_distance,topology.self.persistence,,,,,,,0.017442524433135986
trajectory_000000:8792,persistence_distance,topology.mutual.persistence,,,,,,,0.0026416524779051542
trajectory_000000:8792,persistence_distance,topology.component_weighted_total_before_outer_family_weight,,,,,,,0.02008417621254921
trajectory_000000:8792,dimension_distance_diagnostic,topology.self.CO.h0,,,,,,,0.06495790928602219
trajectory_000000:8792,dimension_distance_diagnostic,topology.self.CO.h1,,,,,,,0.0009763535927049816
trajectory_000000:8792,dimension_distance_diagnostic,topology.self.T.h0,,,,,,,0.0037117148749530315
trajectory_000000:8792,dimension_distance_diagnostic,topology.self.T.h1,,,,,,,0.00012411706848070025
trajectory_000000:8792,dimension_distance_diagnostic,topology.mutual.CO+T.h0,,,,,,,0.004482092801481485
trajectory_000000:8792,dimension_distance_diagnostic,topology.mutual.CO+T.h1,,,,,,,0.0008012121543288231
trajectory_000000:8808,self,self.CO,sublevel,h0,0.1,4,1,3,
trajectory_000000:8808,self,self.CO,sublevel,h0,0.25,4,1,3,
trajectory_000000:8808,self,self.CO,sublevel,h0,0.5,1,1,0,
trajectory_000000:8808,self,self.CO,sublevel,h0,0.75,2,1,1,
trajectory_000000:8808,self,self.CO,sublevel,h0,0.9,3,2,1,
trajectory_000000:8808,self,self.CO,sublevel,h1,0.1,99,0,99,
trajectory_000000:8808,self,self.CO,sublevel,h1,0.25,99,0,99,
trajectory_000000:8808,self,self.CO,sublevel,h1,0.5,0,0,0,
trajectory_000000:8808,self,self.CO,sublevel,h1,0.75,4,0,4,
trajectory_000000:8808,self,self.CO,sublevel,h1,0.9,6,2,4,
trajectory_000000:8808,self,self.T,sublevel,h0,0.1,4,4,0,
trajectory_000000:8808,self,self.T,sublevel,h0,0.25,3,5,2,
trajectory_000000:8808,self,self.T,sublevel,h0,0.5,1,7,6,
trajectory_000000:8808,self,self.T,sublevel,h0,0.75,2,1,1,
trajectory_000000:8808,self,self.T,sublevel,h0,0.9,5,1,4,
trajectory_000000:8808,self,self.T,sublevel,h1,0.1,0,0,0,
trajectory_000000:8808,self,self.T,sublevel,h1,0.25,0,0,0,
trajectory_000000:8808,self,self.T,sublevel,h1,0.5,0,0,0,
trajectory_000000:8808,self,self.T,sublevel,h1,0.75,0,0,0,
trajectory_000000:8808,self,self.T,sublevel,h1,0.9,3,2,1,
trajectory_000000:8808,mutual,mutual.CO+T,sublevel,h0,0.1,4,4,0,
trajectory_000000:8808,mutual,mutual.CO+T,sublevel,h0,0.25,3,5,2,
trajectory_000000:8808,mutual,mutual.CO+T,sublevel,h0,0.5,1,7,6,
trajectory_000000:8808,mutual,mutual.CO+T,sublevel,h0,0.75,18,9,9,
trajectory_000000:8808,mutual,mutual.CO+T,sublevel,h0,0.9,2,2,0,
trajectory_000000:8808,mutual,mutual.CO+T,sublevel,h1,0.1,0,0,0,
trajectory_000000:8808,mutual,mutual.CO+T,sublevel,h1,0.25,0,0,0,
trajectory_000000:8808,mutual,mutual.CO+T,sublevel,h1,0.5,0,0,0,
trajectory_000000:8808,mutual,mutual.CO+T,sublevel,h1,0.75,4,3,1,
trajectory_000000:8808,mutual,mutual.CO+T,sublevel,h1,0.9,11,2,9,
trajectory_000000:8808,mutual,mutual.CO+T,sublevel,h0,0.1,1,1,0,
trajectory_000000:8808,mutual,mutual.CO+T,sublevel,h0,0.25,1,1,0,
trajectory_000000:8808,mutual,mutual.CO+T,sublevel,h0,0.5,1,1,0,
trajectory_000000:8808,mutual,mutual.CO+T,sublevel,h0,0.75,18,9,9,
trajectory_000000:8808,mutual,mutual.CO+T,sublevel,h0,0.9,2,2,0,
trajectory_000000:8808,mutual,mutual.CO+T,sublevel,h1,0.1,1,0,1,
trajectory_000000:8808,mutual,mutual.CO+T,sublevel,h1,0.25,1,0,1,
trajectory_000000:8808,mutual,mutual.CO+T,sublevel,h1,0.5,0,0,0,
trajectory_000000:8808,mutual,mutual.CO+T,sublevel,h1,0.75,5,3,2,
trajectory_000000:8808,mutual,mutual.CO+T,sublevel,h1,0.9,10,2,8,
trajectory_000000:8808,mutual,mutual.CO+T,sublevel,h0,0.1,4,4,0,
trajectory_000000:8808,mutual,mutual.CO+T,sublevel,h0,0.25,3,5,2,
trajectory_000000:8808,mutual,mutual.CO+T,sublevel,h0,0.5,1,7,6,
trajectory_000000:8808,mutual,mutual.CO+T,sublevel,h0,0.75,2,1,1,
trajectory_000000:8808,mutual,mutual.CO+T,sublevel,h0,0.9,3,2,1,
trajectory_000000:8808,mutual,mutual.CO+T,sublevel,h1,0.1,0,0,0,
trajectory_000000:8808,mutual,mutual.CO+T,sublevel,h1,0.25,0,0,0,
trajectory_000000:8808,mutual,mutual.CO+T,sublevel,h1,0.5,0,0,0,
trajectory_000000:8808,mutual,mutual.CO+T,sublevel,h1,0.75,4,0,4,
trajectory_000000:8808,mutual,mutual.CO+T,sublevel,h1,0.9,6,2,4,
trajectory_000000:8808,self,self.CO,superlevel,h0,0.1,8,4,4,
trajectory_000000:8808,self,self.CO,superlevel,h0,0.25,5,1,4,
trajectory_000000:8808,self,self.CO,superlevel,h0,0.5,1,3,2,
trajectory_000000:8808,self,self.CO,superlevel,h0,0.75,1,2,1,
trajectory_000000:8808,self,self.CO,superlevel,h0,0.9,1,2,1,
trajectory_000000:8808,self,self.CO,superlevel,h1,0.1,1,1,0,
trajectory_000000:8808,self,self.CO,superlevel,h1,0.25,0,0,0,
trajectory_000000:8808,self,self.CO,superlevel,h1,0.5,0,0,0,
trajectory_000000:8808,self,self.CO,superlevel,h1,0.75,117,0,117,
trajectory_000000:8808,self,self.CO,superlevel,h1,0.9,117,0,117,
trajectory_000000:8808,self,self.T,superlevel,h0,0.1,4,3,1,
trajectory_000000:8808,self,self.T,superlevel,h0,0.25,1,1,0,
trajectory_000000:8808,self,self.T,superlevel,h0,0.5,2,1,1,
trajectory_000000:8808,self,self.T,superlevel,h0,0.75,1,1,0,
trajectory_000000:8808,self,self.T,superlevel,h0,0.9,1,1,0,
trajectory_000000:8808,self,self.T,superlevel,h1,0.1,2,0,2,
trajectory_000000:8808,self,self.T,superlevel,h1,0.25,0,0,0,
trajectory_000000:8808,self,self.T,superlevel,h1,0.5,0,2,2,
trajectory_000000:8808,self,self.T,superlevel,h1,0.75,1,0,1,
trajectory_000000:8808,self,self.T,superlevel,h1,0.9,1,0,1,
trajectory_000000:8808,mutual,mutual.CO+T,superlevel,h0,0.1,5,3,2,
trajectory_000000:8808,mutual,mutual.CO+T,superlevel,h0,0.25,1,1,0,
trajectory_000000:8808,mutual,mutual.CO+T,superlevel,h0,0.5,2,1,1,
trajectory_000000:8808,mutual,mutual.CO+T,superlevel,h0,0.75,1,1,0,
trajectory_000000:8808,mutual,mutual.CO+T,superlevel,h0,0.9,1,1,0,
trajectory_000000:8808,mutual,mutual.CO+T,superlevel,h1,0.1,1,0,1,
trajectory_000000:8808,mutual,mutual.CO+T,superlevel,h1,0.25,0,0,0,
trajectory_000000:8808,mutual,mutual.CO+T,superlevel,h1,0.5,0,2,2,
trajectory_000000:8808,mutual,mutual.CO+T,superlevel,h1,0.75,1,0,1,
trajectory_000000:8808,mutual,mutual.CO+T,superlevel,h1,0.9,1,0,1,
trajectory_000000:8808,mutual,mutual.CO+T,superlevel,h0,0.1,4,1,3,
trajectory_000000:8808,mutual,mutual.CO+T,superlevel,h0,0.25,9,3,6,
trajectory_000000:8808,mutual,mutual.CO+T,superlevel,h0,0.5,2,1,1,
trajectory_000000:8808,mutual,mutual.CO+T,superlevel,h0,0.75,1,1,0,
trajectory_000000:8808,mutual,mutual.CO+T,superlevel,h0,0.9,1,1,0,
trajectory_000000:8808,mutual,mutual.CO+T,superlevel,h1,0.1,0,0,0,
trajectory_000000:8808,mutual,mutual.CO+T,superlevel,h1,0.25,2,0,2,
trajectory_000000:8808,mutual,mutual.CO+T,superlevel,h1,0.5,0,2,2,
trajectory_000000:8808,mutual,mutual.CO+T,superlevel,h1,0.75,1,0,1,
trajectory_000000:8808,mutual,mutual.CO+T,superlevel,h1,0.9,1,0,1,
trajectory_000000:8808,mutual,mutual.CO+T,superlevel,h0,0.1,5,1,4,
trajectory_000000:8808,mutual,mutual.CO+T,superlevel,h0,0.25,10,4,6,
trajectory_000000:8808,mutual,mutual.CO+T,superlevel,h0,0.5,1,3,2,
trajectory_000000:8808,mutual,mutual.CO+T,superlevel,h0,0.75,1,2,1,
trajectory_000000:8808,mutual,mutual.CO+T,superlevel,h0,0.9,1,2,1,
trajectory_000000:8808,mutual,mutual.CO+T,superlevel,h1,0.1,1,0,1,
trajectory_000000:8808,mutual,mutual.CO+T,superlevel,h1,0.25,2,0,2,
trajectory_000000:8808,mutual,mutual.CO+T,superlevel,h1,0.5,0,0,0,
trajectory_000000:8808,mutual,mutual.CO+T,superlevel,h1,0.75,117,0,117,
trajectory_000000:8808,mutual,mutual.CO+T,superlevel,h1,0.9,117,0,117,
trajectory_000000:8808,persistence_distance,topology.self.persistence,,,,,,,0.008608942851424217
trajectory_000000:8808,persistence_distance,topology.mutual.persistence,,,,,,,0.0022701530251652002
trajectory_000000:8808,persistence_distance,topology.component_weighted_total_before_outer_family_weight,,,,,,,0.010879095643758774
trajectory_000000:8808,dimension_distance_diagnostic,topology.self.CO.h0,,,,,,,0.030163612216711044
trajectory_000000:8808,dimension_distance_diagnostic,topology.self.CO.h1,,,,,,,0.0011369629064574838
trajectory_000000:8808,dimension_distance_diagnostic,topology.self.T.h0,,,,,,,0.0030383248813450336
trajectory_000000:8808,dimension_distance_diagnostic,topology.self.T.h1,,,,,,,9.687037527328357e-05
trajectory_000000:8808,dimension_distance_diagnostic,topology.mutual.CO+T.h0,,,,,,,0.003603853052482009
trajectory_000000:8808,dimension_distance_diagnostic,topology.mutual.CO+T.h1,,,,,,,0.0009364532888866961
trajectory_000000:8824,self,self.CO,sublevel,h0,0.1,3,1,2,
trajectory_000000:8824,self,self.CO,sublevel,h0,0.25,3,1,2,
trajectory_000000:8824,self,self.CO,sublevel,h0,0.5,1,1,0,
trajectory_000000:8824,self,self.CO,sublevel,h0,0.75,1,1,0,
trajectory_000000:8824,self,self.CO,sublevel,h0,0.9,3,2,1,
trajectory_000000:8824,self,self.CO,sublevel,h1,0.1,91,0,91,
trajectory_000000:8824,self,self.CO,sublevel,h1,0.25,91,0,91,
trajectory_000000:8824,self,self.CO,sublevel,h1,0.5,0,0,0,
trajectory_000000:8824,self,self.CO,sublevel,h1,0.75,3,1,2,
trajectory_000000:8824,self,self.CO,sublevel,h1,0.9,7,2,5,
trajectory_000000:8824,self,self.T,sublevel,h0,0.1,6,3,3,
trajectory_000000:8824,self,self.T,sublevel,h0,0.25,5,5,0,
trajectory_000000:8824,self,self.T,sublevel,h0,0.5,1,5,4,
trajectory_000000:8824,self,self.T,sublevel,h0,0.75,2,2,0,
trajectory_000000:8824,self,self.T,sublevel,h0,0.9,1,1,0,
trajectory_000000:8824,self,self.T,sublevel,h1,0.1,0,0,0,
trajectory_000000:8824,self,self.T,sublevel,h1,0.25,0,0,0,
trajectory_000000:8824,self,self.T,sublevel,h1,0.5,0,2,2,
trajectory_000000:8824,self,self.T,sublevel,h1,0.75,4,2,2,
trajectory_000000:8824,self,self.T,sublevel,h1,0.9,2,5,3,
trajectory_000000:8824,mutual,mutual.CO+T,sublevel,h0,0.1,6,3,3,
trajectory_000000:8824,mutual,mutual.CO+T,sublevel,h0,0.25,5,5,0,
trajectory_000000:8824,mutual,mutual.CO+T,sublevel,h0,0.5,1,5,4,
trajectory_000000:8824,mutual,mutual.CO+T,sublevel,h0,0.75,11,10,1,
trajectory_000000:8824,mutual,mutual.CO+T,sublevel,h0,0.9,2,1,1,
trajectory_000000:8824,mutual,mutual.CO+T,sublevel,h1,0.1,0,0,0,
trajectory_000000:8824,mutual,mutual.CO+T,sublevel,h1,0.25,0,0,0,
trajectory_000000:8824,mutual,mutual.CO+T,sublevel,h1,0.5,0,2,2,
trajectory_000000:8824,mutual,mutual.CO+T,sublevel,h1,0.75,6,2,4,
trajectory_000000:8824,mutual,mutual.CO+T,sublevel,h1,0.9,12,3,9,
trajectory_000000:8824,mutual,mutual.CO+T,sublevel,h0,0.1,1,1,0,
trajectory_000000:8824,mutual,mutual.CO+T,sublevel,h0,0.25,1,1,0,
trajectory_000000:8824,mutual,mutual.CO+T,sublevel,h0,0.5,1,1,0,
trajectory_000000:8824,mutual,mutual.CO+T,sublevel,h0,0.75,12,10,2,
trajectory_000000:8824,mutual,mutual.CO+T,sublevel,h0,0.9,1,1,0,
trajectory_000000:8824,mutual,mutual.CO+T,sublevel,h1,0.1,1,0,1,
trajectory_000000:8824,mutual,mutual.CO+T,sublevel,h1,0.25,1,0,1,
trajectory_000000:8824,mutual,mutual.CO+T,sublevel,h1,0.5,0,0,0,
trajectory_000000:8824,mutual,mutual.CO+T,sublevel,h1,0.75,6,2,4,
trajectory_000000:8824,mutual,mutual.CO+T,sublevel,h1,0.9,11,3,8,
trajectory_000000:8824,mutual,mutual.CO+T,sublevel,h0,0.1,6,3,3,
trajectory_000000:8824,mutual,mutual.CO+T,sublevel,h0,0.25,5,5,0,
trajectory_000000:8824,mutual,mutual.CO+T,sublevel,h0,0.5,1,1,0,
trajectory_000000:8824,mutual,mutual.CO+T,sublevel,h0,0.75,1,1,0,
trajectory_000000:8824,mutual,mutual.CO+T,sublevel,h0,0.9,3,2,1,
trajectory_000000:8824,mutual,mutual.CO+T,sublevel,h1,0.1,0,0,0,
trajectory_000000:8824,mutual,mutual.CO+T,sublevel,h1,0.25,0,0,0,
trajectory_000000:8824,mutual,mutual.CO+T,sublevel,h1,0.5,0,0,0,
trajectory_000000:8824,mutual,mutual.CO+T,sublevel,h1,0.75,3,1,2,
trajectory_000000:8824,mutual,mutual.CO+T,sublevel,h1,0.9,7,2,5,
trajectory_000000:8824,self,self.CO,superlevel,h0,0.1,10,3,7,
trajectory_000000:8824,self,self.CO,superlevel,h0,0.25,4,3,1,
trajectory_000000:8824,self,self.CO,superlevel,h0,0.5,1,1,0,
trajectory_000000:8824,self,self.CO,superlevel,h0,0.75,1,1,0,
trajectory_000000:8824,self,self.CO,superlevel,h0,0.9,1,1,0,
trajectory_000000:8824,self,self.CO,superlevel,h1,0.1,2,0,2,
trajectory_000000:8824,self,self.CO,superlevel,h1,0.25,0,0,0,
trajectory_000000:8824,self,self.CO,superlevel,h1,0.5,0,0,0,
trajectory_000000:8824,self,self.CO,superlevel,h1,0.75,107,0,107,
trajectory_000000:8824,self,self.CO,superlevel,h1,0.9,107,0,107,
trajectory_000000:8824,self,self.T,superlevel,h0,0.1,4,5,1,
trajectory_000000:8824,self,self.T,superlevel,h0,0.25,6,3,3,
trajectory_000000:8824,self,self.T,superlevel,h0,0.5,1,4,3,
trajectory_000000:8824,self,self.T,superlevel,h0,0.75,1,2,1,
trajectory_000000:8824,self,self.T,superlevel,h0,0.9,2,1,1,
trajectory_000000:8824,self,self.T,superlevel,h1,0.1,0,0,0,
trajectory_000000:8824,self,self.T,superlevel,h1,0.25,0,0,0,
trajectory_000000:8824,self,self.T,superlevel,h1,0.5,0,3,3,
trajectory_000000:8824,self,self.T,superlevel,h1,0.75,1,2,1,
trajectory_000000:8824,self,self.T,superlevel,h1,0.9,2,1,1,
trajectory_000000:8824,mutual,mutual.CO+T,superlevel,h0,0.1,4,4,0,
trajectory_000000:8824,mutual,mutual.CO+T,superlevel,h0,0.25,8,1,7,
trajectory_000000:8824,mutual,mutual.CO+T,superlevel,h0,0.5,1,4,3,
trajectory_000000:8824,mutual,mutual.CO+T,superlevel,h0,0.75,1,2,1,
trajectory_000000:8824,mutual,mutual.CO+T,superlevel,h0,0.9,2,1,1,
trajectory_000000:8824,mutual,mutual.CO+T,superlevel,h1,0.1,1,0,1,
trajectory_000000:8824,mutual,mutual.CO+T,superlevel,h1,0.25,0,0,0,
trajectory_000000:8824,mutual,mutual.CO+T,superlevel,h1,0.5,0,3,3,
trajectory_000000:8824,mutual,mutual.CO+T,superlevel,h1,0.75,1,2,1,
trajectory_000000:8824,mutual,mutual.CO+T,superlevel,h1,0.9,2,1,1,
trajectory_000000:8824,mutual,mutual.CO+T,superlevel,h0,0.1,10,6,4,
trajectory_000000:8824,mutual,mutual.CO+T,superlevel,h0,0.25,10,2,8,
trajectory_000000:8824,mutual,mutual.CO+T,superlevel,h0,0.5,1,4,3,
trajectory_000000:8824,mutual,mutual.CO+T,superlevel,h0,0.75,1,2,1,
trajectory_000000:8824,mutual,mutual.CO+T,superlevel,h0,0.9,2,1,1,
trajectory_000000:8824,mutual,mutual.CO+T,superlevel,h1,0.1,0,1,1,
trajectory_000000:8824,mutual,mutual.CO+T,superlevel,h1,0.25,3,1,2,
trajectory_000000:8824,mutual,mutual.CO+T,superlevel,h1,0.5,0,4,4,
trajectory_000000:8824,mutual,mutual.CO+T,superlevel,h1,0.75,1,2,1,
trajectory_000000:8824,mutual,mutual.CO+T,superlevel,h1,0.9,2,1,1,
trajectory_000000:8824,mutual,mutual.CO+T,superlevel,h0,0.1,10,2,8,
trajectory_000000:8824,mutual,mutual.CO+T,superlevel,h0,0.25,9,3,6,
trajectory_000000:8824,mutual,mutual.CO+T,superlevel,h0,0.5,1,1,0,
trajectory_000000:8824,mutual,mutual.CO+T,superlevel,h0,0.75,1,1,0,
trajectory_000000:8824,mutual,mutual.CO+T,superlevel,h0,0.9,1,1,0,
trajectory_000000:8824,mutual,mutual.CO+T,superlevel,h1,0.1,1,0,1,
trajectory_000000:8824,mutual,mutual.CO+T,superlevel,h1,0.25,4,0,4,
trajectory_000000:8824,mutual,mutual.CO+T,superlevel,h1,0.5,0,0,0,
trajectory_000000:8824,mutual,mutual.CO+T,superlevel,h1,0.75,107,0,107,
trajectory_000000:8824,mutual,mutual.CO+T,superlevel,h1,0.9,107,0,107,
trajectory_000000:8824,persistence_distance,topology.self.persistence,,,,,,,0.01866159215569496
trajectory_000000:8824,persistence_distance,topology.mutual.persistence,,,,,,,0.0027942711021751165
trajectory_000000:8824,persistence_distance,topology.component_weighted_total_before_outer_family_weight,,,,,,,0.021455863490700722
trajectory_000000:8824,dimension_distance_diagnostic,topology.self.CO.h0,,,,,,,0.06813748925924301
trajectory_000000:8824,dimension_distance_diagnostic,topology.self.CO.h1,,,,,,,0.0015721572563052177
trajectory_000000:8824,dimension_distance_diagnostic,topology.self.T.h0,,,,,,,0.004771681968122721
trajectory_000000:8824,dimension_distance_diagnostic,topology.self.T.h1,,,,,,,0.0001650382182560861
trajectory_000000:8824,dimension_distance_diagnostic,topology.mutual.CO+T.h0,,,,,,,0.004174312110990286
trajectory_000000:8824,dimension_distance_diagnostic,topology.mutual.CO+T.h1,,,,,,,0.00141422962769866
trajectory_000000:8840,self,self.CO,sublevel,h0,0.1,2,2,0,
trajectory_000000:8840,self,self.CO,sublevel,h0,0.25,2,2,0,
trajectory_000000:8840,self,self.CO,sublevel,h0,0.5,2,1,1,
trajectory_000000:8840,self,self.CO,sublevel,h0,0.75,6,1,5,
trajectory_000000:8840,self,self.CO,sublevel,h0,0.9,3,1,2,
trajectory_000000:8840,self,self.CO,sublevel,h1,0.1,90,3,87,
trajectory_000000:8840,self,self.CO,sublevel,h1,0.25,90,3,87,
trajectory_000000:8840,self,self.CO,sublevel,h1,0.5,0,0,0,
trajectory_000000:8840,self,self.CO,sublevel,h1,0.75,3,0,3,
trajectory_000000:8840,self,self.CO,sublevel,h1,0.9,2,3,1,
trajectory_000000:8840,self,self.T,sublevel,h0,0.1,5,5,0,
trajectory_000000:8840,self,self.T,sublevel,h0,0.25,4,2,2,
trajectory_000000:8840,self,self.T,sublevel,h0,0.5,1,1,0,
trajectory_000000:8840,self,self.T,sublevel,h0,0.75,2,1,1,
trajectory_000000:8840,self,self.T,sublevel,h0,0.9,1,1,0,
trajectory_000000:8840,self,self.T,sublevel,h1,0.1,0,2,2,
trajectory_000000:8840,self,self.T,sublevel,h1,0.25,1,2,1,
trajectory_000000:8840,self,self.T,sublevel,h1,0.5,0,0,0,
trajectory_000000:8840,self,self.T,sublevel,h1,0.75,4,3,1,
trajectory_000000:8840,self,self.T,sublevel,h1,0.9,1,0,1,
trajectory_000000:8840,mutual,mutual.CO+T,sublevel,h0,0.1,5,5,0,
trajectory_000000:8840,mutual,mutual.CO+T,sublevel,h0,0.25,4,2,2,
trajectory_000000:8840,mutual,mutual.CO+T,sublevel,h0,0.5,1,1,0,
trajectory_000000:8840,mutual,mutual.CO+T,sublevel,h0,0.75,21,7,14,
trajectory_000000:8840,mutual,mutual.CO+T,sublevel,h0,0.9,4,1,3,
trajectory_000000:8840,mutual,mutual.CO+T,sublevel,h1,0.1,0,2,2,
trajectory_000000:8840,mutual,mutual.CO+T,sublevel,h1,0.25,1,2,1,
trajectory_000000:8840,mutual,mutual.CO+T,sublevel,h1,0.5,0,0,0,
trajectory_000000:8840,mutual,mutual.CO+T,sublevel,h1,0.75,2,3,1,
trajectory_000000:8840,mutual,mutual.CO+T,sublevel,h1,0.9,8,5,3,
trajectory_000000:8840,mutual,mutual.CO+T,sublevel,h0,0.1,1,2,1,
trajectory_000000:8840,mutual,mutual.CO+T,sublevel,h0,0.25,1,2,1,
trajectory_000000:8840,mutual,mutual.CO+T,sublevel,h0,0.5,3,1,2,
trajectory_000000:8840,mutual,mutual.CO+T,sublevel,h0,0.75,22,7,15,
trajectory_000000:8840,mutual,mutual.CO+T,sublevel,h0,0.9,3,1,2,
trajectory_000000:8840,mutual,mutual.CO+T,sublevel,h1,0.1,0,3,3,
trajectory_000000:8840,mutual,mutual.CO+T,sublevel,h1,0.25,0,3,3,
trajectory_000000:8840,mutual,mutual.CO+T,sublevel,h1,0.5,0,0,0,
trajectory_000000:8840,mutual,mutual.CO+T,sublevel,h1,0.75,2,3,1,
trajectory_000000:8840,mutual,mutual.CO+T,sublevel,h1,0.9,11,7,4,
trajectory_000000:8840,mutual,mutual.CO+T,sublevel,h0,0.1,5,5,0,
trajectory_000000:8840,mutual,mutual.CO+T,sublevel,h0,0.25,4,2,2,
trajectory_000000:8840,mutual,mutual.CO+T,sublevel,h0,0.5,1,1,0,
trajectory_000000:8840,mutual,mutual.CO+T,sublevel,h0,0.75,5,1,4,
trajectory_000000:8840,mutual,mutual.CO+T,sublevel,h0,0.9,3,1,2,
trajectory_000000:8840,mutual,mutual.CO+T,sublevel,h1,0.1,0,2,2,
trajectory_000000:8840,mutual,mutual.CO+T,sublevel,h1,0.25,1,2,1,
trajectory_000000:8840,mutual,mutual.CO+T,sublevel,h1,0.5,0,0,0,
trajectory_000000:8840,mutual,mutual.CO+T,sublevel,h1,0.75,6,1,5,
trajectory_000000:8840,mutual,mutual.CO+T,sublevel,h1,0.9,2,3,1,
trajectory_000000:8840,self,self.CO,superlevel,h0,0.1,8,6,2,
trajectory_000000:8840,self,self.CO,superlevel,h0,0.25,7,2,5,
trajectory_000000:8840,self,self.CO,superlevel,h0,0.5,1,1,0,
trajectory_000000:8840,self,self.CO,superlevel,h0,0.75,1,15,14,
trajectory_000000:8840,self,self.CO,superlevel,h0,0.9,1,15,14,
trajectory_000000:8840,self,self.CO,superlevel,h1,0.1,1,0,1,
trajectory_000000:8840,self,self.CO,superlevel,h1,0.25,1,0,1,
trajectory_000000:8840,self,self.CO,superlevel,h1,0.5,1,0,1,
trajectory_000000:8840,self,self.CO,superlevel,h1,0.75,102,0,102,
trajectory_000000:8840,self,self.CO,superlevel,h1,0.9,102,0,102,
trajectory_000000:8840,self,self.T,superlevel,h0,0.1,2,1,1,
trajectory_000000:8840,self,self.T,superlevel,h0,0.25,6,4,2,
trajectory_000000:8840,self,self.T,superlevel,h0,0.5,1,1,0,
trajectory_000000:8840,self,self.T,superlevel,h0,0.75,2,5,3,
trajectory_000000:8840,self,self.T,superlevel,h0,0.9,1,5,4,
trajectory_000000:8840,self,self.T,superlevel,h1,0.1,0,0,0,
trajectory_000000:8840,self,self.T,superlevel,h1,0.25,0,0,0,
trajectory_000000:8840,self,self.T,superlevel,h1,0.5,0,0,0,
trajectory_000000:8840,self,self.T,superlevel,h1,0.75,2,0,2,
trajectory_000000:8840,self,self.T,superlevel,h1,0.9,1,1,0,
trajectory_000000:8840,mutual,mutual.CO+T,superlevel,h0,0.1,5,1,4,
trajectory_000000:8840,mutual,mutual.CO+T,superlevel,h0,0.25,4,6,2,
trajectory_000000:8840,mutual,mutual.CO+T,superlevel,h0,0.5,1,1,0,
trajectory_000000:8840,mutual,mutual.CO+T,superlevel,h0,0.75,2,5,3,
trajectory_000000:8840,mutual,mutual.CO+T,superlevel,h0,0.9,1,5,4,
trajectory_000000:8840,mutual,mutual.CO+T,superlevel,h1,0.1,1,0,1,
trajectory_000000:8840,mutual,mutual.CO+T,superlevel,h1,0.25,0,0,0,
trajectory_000000:8840,mutual,mutual.CO+T,superlevel,h1,0.5,0,0,0,
trajectory_000000:8840,mutual,mutual.CO+T,superlevel,h1,0.75,2,0,2,
trajectory_000000:8840,mutual,mutual.CO+T,superlevel,h1,0.9,1,1,0,
trajectory_000000:8840,mutual,mutual.CO+T,superlevel,h0,0.1,8,13,5,
trajectory_000000:8840,mutual,mutual.CO+T,superlevel,h0,0.25,6,4,2,
trajectory_000000:8840,mutual,mutual.CO+T,superlevel,h0,0.5,1,1,0,
trajectory_000000:8840,mutual,mutual.CO+T,superlevel,h0,0.75,2,5,3,
trajectory_000000:8840,mutual,mutual.CO+T,superlevel,h0,0.9,1,5,4,
trajectory_000000:8840,mutual,mutual.CO+T,superlevel,h1,0.1,0,0,0,
trajectory_000000:8840,mutual,mutual.CO+T,superlevel,h1,0.25,5,0,5,
trajectory_000000:8840,mutual,mutual.CO+T,superlevel,h1,0.5,0,0,0,
trajectory_000000:8840,mutual,mutual.CO+T,superlevel,h1,0.75,2,0,2,
trajectory_000000:8840,mutual,mutual.CO+T,superlevel,h1,0.9,1,1,0,
trajectory_000000:8840,mutual,mutual.CO+T,superlevel,h0,0.1,7,4,3,
trajectory_000000:8840,mutual,mutual.CO+T,superlevel,h0,0.25,7,5,2,
trajectory_000000:8840,mutual,mutual.CO+T,superlevel,h0,0.5,1,1,0,
trajectory_000000:8840,mutual,mutual.CO+T,superlevel,h0,0.75,1,15,14,
trajectory_000000:8840,mutual,mutual.CO+T,superlevel,h0,0.9,1,15,14,
trajectory_000000:8840,mutual,mutual.CO+T,superlevel,h1,0.1,2,0,2,
trajectory_000000:8840,mutual,mutual.CO+T,superlevel,h1,0.25,4,0,4,
trajectory_000000:8840,mutual,mutual.CO+T,superlevel,h1,0.5,1,0,1,
trajectory_000000:8840,mutual,mutual.CO+T,superlevel,h1,0.75,102,0,102,
trajectory_000000:8840,mutual,mutual.CO+T,superlevel,h1,0.9,102,0,102,
trajectory_000000:8840,persistence_distance,topology.self.persistence,,,,,,,0.017903022468090057
trajectory_000000:8840,persistence_distance,topology.mutual.persistence,,,,,,,0.00203364877961576
trajectory_000000:8840,persistence_distance,topology.component_weighted_total_before_outer_family_weight,,,,,,,0.01993667148053646
trajectory_000000:8840,dimension_distance_diagnostic,topology.self.CO.h0,,,,,,,0.06585770845413208
trajectory_000000:8840,dimension_distance_diagnostic,topology.self.CO.h1,,,,,,,0.0014846862759441137
trajectory_000000:8840,dimension_distance_diagnostic,topology.self.T.h0,,,,,,,0.0040983883664011955
trajectory_000000:8840,dimension_distance_diagnostic,topology.self.T.h1,,,,,,,0.00017130063497461379
trajectory_000000:8840,dimension_distance_diagnostic,topology.mutual.CO+T.h0,,,,,,,0.002778825117275119
trajectory_000000:8840,dimension_distance_diagnostic,topology.mutual.CO+T.h1,,,,,,,0.0012884722091257572
trajectory_000000:8856,self,self.CO,sublevel,h0,0.1,2,6,4,
trajectory_000000:8856,self,self.CO,sublevel,h0,0.25,2,6,4,
trajectory_000000:8856,self,self.CO,sublevel,h0,0.5,3,1,2,
trajectory_000000:8856,self,self.CO,sublevel,h0,0.75,5,2,3,
trajectory_000000:8856,self,self.CO,sublevel,h0,0.9,1,1,0,
trajectory_000000:8856,self,self.CO,sublevel,h1,0.1,85,5,80,
trajectory_000000:8856,self,self.CO,sublevel,h1,0.25,85,5,80,
trajectory_000000:8856,self,self.CO,sublevel,h1,0.5,0,0,0,
trajectory_000000:8856,self,self.CO,sublevel,h1,0.75,2,1,1,
trajectory_000000:8856,self,self.CO,sublevel,h1,0.9,5,4,1,
trajectory_000000:8856,self,self.T,sublevel,h0,0.1,4,10,6,
trajectory_000000:8856,self,self.T,sublevel,h0,0.25,4,4,0,
trajectory_000000:8856,self,self.T,sublevel,h0,0.5,2,1,1,
trajectory_000000:8856,self,self.T,sublevel,h0,0.75,2,1,1,
trajectory_000000:8856,self,self.T,sublevel,h0,0.9,2,1,1,
trajectory_000000:8856,self,self.T,sublevel,h1,0.1,0,0,0,
trajectory_000000:8856,self,self.T,sublevel,h1,0.25,0,3,3,
trajectory_000000:8856,self,self.T,sublevel,h1,0.5,0,0,0,
trajectory_000000:8856,self,self.T,sublevel,h1,0.75,1,0,1,
trajectory_000000:8856,self,self.T,sublevel,h1,0.9,1,1,0,
trajectory_000000:8856,mutual,mutual.CO+T,sublevel,h0,0.1,4,10,6,
trajectory_000000:8856,mutual,mutual.CO+T,sublevel,h0,0.25,4,4,0,
trajectory_000000:8856,mutual,mutual.CO+T,sublevel,h0,0.5,2,1,1,
trajectory_000000:8856,mutual,mutual.CO+T,sublevel,h0,0.75,8,10,2,
trajectory_000000:8856,mutual,mutual.CO+T,sublevel,h0,0.9,1,1,0,
trajectory_000000:8856,mutual,mutual.CO+T,sublevel,h1,0.1,0,0,0,
trajectory_000000:8856,mutual,mutual.CO+T,sublevel,h1,0.25,0,3,3,
trajectory_000000:8856,mutual,mutual.CO+T,sublevel,h1,0.5,0,0,0,
trajectory_000000:8856,mutual,mutual.CO+T,sublevel,h1,0.75,3,6,3,
trajectory_000000:8856,mutual,mutual.CO+T,sublevel,h1,0.9,7,4,3,
trajectory_000000:8856,mutual,mutual.CO+T,sublevel,h0,0.1,1,6,5,
trajectory_000000:8856,mutual,mutual.CO+T,sublevel,h0,0.25,1,6,5,
trajectory_000000:8856,mutual,mutual.CO+T,sublevel,h0,0.5,3,1,2,
trajectory_000000:8856,mutual,mutual.CO+T,sublevel,h0,0.75,8,10,2,
trajectory_000000:8856,mutual,mutual.CO+T,sublevel,h0,0.9,1,1,0,
trajectory_000000:8856,mutual,mutual.CO+T,sublevel,h1,0.1,0,5,5,
trajectory_000000:8856,mutual,mutual.CO+T,sublevel,h1,0.25,0,5,5,
trajectory_000000:8856,mutual,mutual.CO+T,sublevel,h1,0.5,0,0,0,
trajectory_000000:8856,mutual,mutual.CO+T,sublevel,h1,0.75,3,6,3,
trajectory_000000:8856,mutual,mutual.CO+T,sublevel,h1,0.9,8,5,3,
trajectory_000000:8856,mutual,mutual.CO+T,sublevel,h0,0.1,4,10,6,
trajectory_000000:8856,mutual,mutual.CO+T,sublevel,h0,0.25,4,4,0,
trajectory_000000:8856,mutual,mutual.CO+T,sublevel,h0,0.5,2,1,1,
trajectory_000000:8856,mutual,mutual.CO+T,sublevel,h0,0.75,5,3,2,
trajectory_000000:8856,mutual,mutual.CO+T,sublevel,h0,0.9,1,1,0,
trajectory_000000:8856,mutual,mutual.CO+T,sublevel,h1,0.1,0,0,0,
trajectory_000000:8856,mutual,mutual.CO+T,sublevel,h1,0.25,0,3,3,
trajectory_000000:8856,mutual,mutual.CO+T,sublevel,h1,0.5,0,0,0,
trajectory_000000:8856,mutual,mutual.CO+T,sublevel,h1,0.75,4,1,3,
trajectory_000000:8856,mutual,mutual.CO+T,sublevel,h1,0.9,5,4,1,
trajectory_000000:8856,self,self.CO,superlevel,h0,0.1,6,5,1,
trajectory_000000:8856,self,self.CO,superlevel,h0,0.25,4,2,2,
trajectory_000000:8856,self,self.CO,superlevel,h0,0.5,1,1,0,
trajectory_000000:8856,self,self.CO,superlevel,h0,0.75,1,9,8,
trajectory_000000:8856,self,self.CO,superlevel,h0,0.9,1,9,8,
trajectory_000000:8856,self,self.CO,superlevel,h1,0.1,0,0,0,
trajectory_000000:8856,self,self.CO,superlevel,h1,0.25,3,1,2,
trajectory_000000:8856,self,self.CO,superlevel,h1,0.5,2,0,2,
trajectory_000000:8856,self,self.CO,superlevel,h1,0.75,96,2,94,
trajectory_000000:8856,self,self.CO,superlevel,h1,0.9,96,2,94,
trajectory_000000:8856,self,self.T,superlevel,h0,0.1,3,2,1,
trajectory_000000:8856,self,self.T,superlevel,h0,0.25,2,1,1,
trajectory_000000:8856,self,self.T,superlevel,h0,0.5,1,1,0,
trajectory_000000:8856,self,self.T,superlevel,h0,0.75,2,5,3,
trajectory_000000:8856,self,self.T,superlevel,h0,0.9,1,4,3,
trajectory_000000:8856,self,self.T,superlevel,h1,0.1,0,0,0,
trajectory_000000:8856,self,self.T,superlevel,h1,0.25,0,0,0,
trajectory_000000:8856,self,self.T,superlevel,h1,0.5,1,0,1,
trajectory_000000:8856,self,self.T,superlevel,h1,0.75,1,1,0,
trajectory_000000:8856,self,self.T,superlevel,h1,0.9,2,5,3,
trajectory_000000:8856,mutual,mutual.CO+T,superlevel,h0,0.1,6,3,3,
trajectory_000000:8856,mutual,mutual.CO+T,superlevel,h0,0.25,4,1,3,
trajectory_000000:8856,mutual,mutual.CO+T,superlevel,h0,0.5,1,1,0,
trajectory_000000:8856,mutual,mutual.CO+T,superlevel,h0,0.75,2,5,3,
trajectory_000000:8856,mutual,mutual.CO+T,superlevel,h0,0.9,1,4,3,
trajectory_000000:8856,mutual,mutual.CO+T,superlevel,h1,0.1,0,0,0,
trajectory_000000:8856,mutual,mutual.CO+T,superlevel,h1,0.25,0,0,0,
trajectory_000000:8856,mutual,mutual.CO+T,superlevel,h1,0.5,1,0,1,
trajectory_000000:8856,mutual,mutual.CO+T,superlevel,h1,0.75,1,1,0,
trajectory_000000:8856,mutual,mutual.CO+T,superlevel,h1,0.9,2,5,3,
trajectory_000000:8856,mutual,mutual.CO+T,superlevel,h0,0.1,8,3,5,
trajectory_000000:8856,mutual,mutual.CO+T,superlevel,h0,0.25,4,3,1,
trajectory_000000:8856,mutual,mutual.CO+T,superlevel,h0,0.5,1,1,0,
trajectory_000000:8856,mutual,mutual.CO+T,superlevel,h0,0.75,2,5,3,
trajectory_000000:8856,mutual,mutual.CO+T,superlevel,h0,0.9,1,4,3,
trajectory_000000:8856,mutual,mutual.CO+T,superlevel,h1,0.1,0,1,1,
trajectory_000000:8856,mutual,mutual.CO+T,superlevel,h1,0.25,2,1,1,
trajectory_000000:8856,mutual,mutual.CO+T,superlevel,h1,0.5,1,0,1,
trajectory_000000:8856,mutual,mutual.CO+T,superlevel,h1,0.75,1,1,0,
trajectory_000000:8856,mutual,mutual.CO+T,superlevel,h1,0.9,2,5,3,
trajectory_000000:8856,mutual,mutual.CO+T,superlevel,h0,0.1,3,2,1,
trajectory_000000:8856,mutual,mutual.CO+T,superlevel,h0,0.25,4,3,1,
trajectory_000000:8856,mutual,mutual.CO+T,superlevel,h0,0.5,1,1,0,
trajectory_000000:8856,mutual,mutual.CO+T,superlevel,h0,0.75,1,9,8,
trajectory_000000:8856,mutual,mutual.CO+T,superlevel,h0,0.9,1,9,8,
trajectory_000000:8856,mutual,mutual.CO+T,superlevel,h1,0.1,0,1,1,
trajectory_000000:8856,mutual,mutual.CO+T,superlevel,h1,0.25,2,1,1,
trajectory_000000:8856,mutual,mutual.CO+T,superlevel,h1,0.5,2,0,2,
trajectory_000000:8856,mutual,mutual.CO+T,superlevel,h1,0.75,96,2,94,
trajectory_000000:8856,mutual,mutual.CO+T,superlevel,h1,0.9,96,2,94,
trajectory_000000:8856,persistence_distance,topology.self.persistence,,,,,,,0.003551970236003399
trajectory_000000:8856,persistence_distance,topology.mutual.persistence,,,,,,,0.0018387093441560864
trajectory_000000:8856,persistence_distance,topology.component_weighted_total_before_outer_family_weight,,,,,,,0.0053906794637441635
trajectory_000000:8856,dimension_distance_diagnostic,topology.self.CO.h0,,,,,,,0.009957459755241871
trajectory_000000:8856,dimension_distance_diagnostic,topology.self.CO.h1,,,,,,,0.001061480725184083
trajectory_000000:8856,dimension_distance_diagnostic,topology.self.T.h0,,,,,,,0.0030329395085573196
trajectory_000000:8856,dimension_distance_diagnostic,topology.self.T.h1,,,,,,,0.00015599965990986675
trajectory_000000:8856,dimension_distance_diagnostic,topology.mutual.CO+T.h0,,,,,,,0.002747365040704608
trajectory_000000:8856,dimension_distance_diagnostic,topology.mutual.CO+T.h1,,,,,,,0.0009300538222305477
trajectory_000000:8872,self,self.CO,sublevel,h0,0.1,2,2,0,
trajectory_000000:8872,self,self.CO,sublevel,h0,0.25,2,2,0,
trajectory_000000:8872,self,self.CO,sublevel,h0,0.5,1,1,0,
trajectory_000000:8872,self,self.CO,sublevel,h0,0.75,3,3,0,
trajectory_000000:8872,self,self.CO,sublevel,h0,0.9,2,1,1,
trajectory_000000:8872,self,self.CO,sublevel,h1,0.1,83,1,82,
trajectory_000000:8872,self,self.CO,sublevel,h1,0.25,83,1,82,
trajectory_000000:8872,self,self.CO,sublevel,h1,0.5,0,0,0,
trajectory_000000:8872,self,self.CO,sublevel,h1,0.75,2,1,1,
trajectory_000000:8872,self,self.CO,sublevel,h1,0.9,8,4,4,
trajectory_000000:8872,self,self.T,sublevel,h0,0.1,10,7,3,
trajectory_000000:8872,self,self.T,sublevel,h0,0.25,3,2,1,
trajectory_000000:8872,self,self.T,sublevel,h0,0.5,1,1,0,
trajectory_000000:8872,self,self.T,sublevel,h0,0.75,2,2,0,
trajectory_000000:8872,self,self.T,sublevel,h0,0.9,1,3,2,
trajectory_000000:8872,self,self.T,sublevel,h1,0.1,0,1,1,
trajectory_000000:8872,self,self.T,sublevel,h1,0.25,2,5,3,
trajectory_000000:8872,self,self.T,sublevel,h1,0.5,0,0,0,
trajectory_000000:8872,self,self.T,sublevel,h1,0.75,0,0,0,
trajectory_000000:8872,self,self.T,sublevel,h1,0.9,4,2,2,
trajectory_000000:8872,mutual,mutual.CO+T,sublevel,h0,0.1,10,7,3,
trajectory_000000:8872,mutual,mutual.CO+T,sublevel,h0,0.25,3,2,1,
trajectory_000000:8872,mutual,mutual.CO+T,sublevel,h0,0.5,1,1,0,
trajectory_000000:8872,mutual,mutual.CO+T,sublevel,h0,0.75,16,6,10,
trajectory_000000:8872,mutual,mutual.CO+T,sublevel,h0,0.9,3,1,2,
trajectory_000000:8872,mutual,mutual.CO+T,sublevel,h1,0.1,0,1,1,
trajectory_000000:8872,mutual,mutual.CO+T,sublevel,h1,0.25,2,5,3,
trajectory_000000:8872,mutual,mutual.CO+T,sublevel,h1,0.5,0,0,0,
trajectory_000000:8872,mutual,mutual.CO+T,sublevel,h1,0.75,6,3,3,
trajectory_000000:8872,mutual,mutual.CO+T,sublevel,h1,0.9,12,5,7,
trajectory_000000:8872,mutual,mutual.CO+T,sublevel,h0,0.1,1,2,1,
trajectory_000000:8872,mutual,mutual.CO+T,sublevel,h0,0.25,1,2,1,
trajectory_000000:8872,mutual,mutual.CO+T,sublevel,h0,0.5,1,1,0,
trajectory_000000:8872,mutual,mutual.CO+T,sublevel,h0,0.75,16,7,9,
trajectory_000000:8872,mutual,mutual.CO+T,sublevel,h0,0.9,3,1,2,
trajectory_000000:8872,mutual,mutual.CO+T,sublevel,h1,0.1,0,1,1,
trajectory_000000:8872,mutual,mutual.CO+T,sublevel,h1,0.25,0,1,1,
trajectory_000000:8872,mutual,mutual.CO+T,sublevel,h1,0.5,0,0,0,
trajectory_000000:8872,mutual,mutual.CO+T,sublevel,h1,0.75,6,3,3,
trajectory_000000:8872,mutual,mutual.CO+T,sublevel,h1,0.9,12,5,7,
trajectory_000000:8872,mutual,mutual.CO+T,sublevel,h0,0.1,10,7,3,
trajectory_000000:8872,mutual,mutual.CO+T,sublevel,h0,0.25,3,2,1,
trajectory_000000:8872,mutual,mutual.CO+T,sublevel,h0,0.5,1,1,0,
trajectory_000000:8872,mutual,mutual.CO+T,sublevel,h0,0.75,3,3,0,
trajectory_000000:8872,mutual,mutual.CO+T,sublevel,h0,0.9,2,1,1,
trajectory_000000:8872,mutual,mutual.CO+T,sublevel,h1,0.1,0,1,1,
trajectory_000000:8872,mutual,mutual.CO+T,sublevel,h1,0.25,2,5,3,
trajectory_000000:8872,mutual,mutual.CO+T,sublevel,h1,0.5,0,0,0,
trajectory_000000:8872,mutual,mutual.CO+T,sublevel,h1,0.75,2,1,1,
trajectory_000000:8872,mutual,mutual.CO+T,sublevel,h1,0.9,8,4,4,
trajectory_000000:8872,self,self.CO,superlevel,h0,0.1,12,7,5,
trajectory_000000:8872,self,self.CO,superlevel,h0,0.25,3,2,1,
trajectory_000000:8872,self,self.CO,superlevel,h0,0.5,1,1,0,
trajectory_000000:8872,self,self.CO,superlevel,h0,0.75,1,4,3,
trajectory_000000:8872,self,self.CO,superlevel,h0,0.9,1,4,3,
trajectory_000000:8872,self,self.CO,superlevel,h1,0.1,0,0,0,
trajectory_000000:8872,self,self.CO,superlevel,h1,0.25,1,2,1,
trajectory_000000:8872,self,self.CO,superlevel,h1,0.5,0,0,0,
trajectory_000000:8872,self,self.CO,superlevel,h1,0.75,89,1,88,
trajectory_000000:8872,self,self.CO,superlevel,h1,0.9,89,1,88,
trajectory_000000:8872,self,self.T,superlevel,h0,0.1,5,4,1,
trajectory_000000:8872,self,self.T,superlevel,h0,0.25,1,1,0,
trajectory_000000:8872,self,self.T,superlevel,h0,0.5,1,1,0,
trajectory_000000:8872,self,self.T,superlevel,h0,0.75,3,7,4,
trajectory_000000:8872,self,self.T,superlevel,h0,0.9,1,6,5,
trajectory_000000:8872,self,self.T,superlevel,h1,0.1,0,2,2,
trajectory_000000:8872,self,self.T,superlevel,h1,0.25,1,0,1,
trajectory_000000:8872,self,self.T,superlevel,h1,0.5,0,0,0,
trajectory_000000:8872,self,self.T,superlevel,h1,0.75,1,1,0,
trajectory_000000:8872,self,self.T,superlevel,h1,0.9,6,4,2,
trajectory_000000:8872,mutual,mutual.CO+T,superlevel,h0,0.1,7,3,4,
trajectory_000000:8872,mutual,mutual.CO+T,superlevel,h0,0.25,1,1,0,
trajectory_000000:8872,mutual,mutual.CO+T,superlevel,h0,0.5,1,1,0,
trajectory_000000:8872,mutual,mutual.CO+T,superlevel,h0,0.75,3,7,4,
trajectory_000000:8872,mutual,mutual.CO+T,superlevel,h0,0.9,1,6,5,
trajectory_000000:8872,mutual,mutual.CO+T,superlevel,h1,0.1,0,0,0,
trajectory_000000:8872,mutual,mutual.CO+T,superlevel,h1,0.25,1,0,1,
trajectory_000000:8872,mutual,mutual.CO+T,superlevel,h1,0.5,0,0,0,
trajectory_000000:8872,mutual,mutual.CO+T,superlevel,h1,0.75,1,1,0,
trajectory_000000:8872,mutual,mutual.CO+T,superlevel,h1,0.9,6,4,2,
trajectory_000000:8872,mutual,mutual.CO+T,superlevel,h0,0.1,11,7,4,
trajectory_000000:8872,mutual,mutual.CO+T,superlevel,h0,0.25,4,4,0,
trajectory_000000:8872,mutual,mutual.CO+T,superlevel,h0,0.5,1,1,0,
trajectory_000000:8872,mutual,mutual.CO+T,superlevel,h0,0.75,3,7,4,
trajectory_000000:8872,mutual,mutual.CO+T,superlevel,h0,0.9,1,6,5,
trajectory_000000:8872,mutual,mutual.CO+T,superlevel,h1,0.1,0,0,0,
trajectory_000000:8872,mutual,mutual.CO+T,superlevel,h1,0.25,2,3,1,
trajectory_000000:8872,mutual,mutual.CO+T,superlevel,h1,0.5,0,0,0,
trajectory_000000:8872,mutual,mutual.CO+T,superlevel,h1,0.75,1,1,0,
trajectory_000000:8872,mutual,mutual.CO+T,superlevel,h1,0.9,6,4,2,
trajectory_000000:8872,mutual,mutual.CO+T,superlevel,h0,0.1,10,4,6,
trajectory_000000:8872,mutual,mutual.CO+T,superlevel,h0,0.25,5,3,2,
trajectory_000000:8872,mutual,mutual.CO+T,superlevel,h0,0.5,1,1,0,
trajectory_000000:8872,mutual,mutual.CO+T,superlevel,h0,0.75,1,4,3,
trajectory_000000:8872,mutual,mutual.CO+T,superlevel,h0,0.9,1,4,3,
trajectory_000000:8872,mutual,mutual.CO+T,superlevel,h1,0.1,0,0,0,
trajectory_000000:8872,mutual,mutual.CO+T,superlevel,h1,0.25,2,2,0,
trajectory_000000:8872,mutual,mutual.CO+T,superlevel,h1,0.5,0,0,0,
trajectory_000000:8872,mutual,mutual.CO+T,superlevel,h1,0.75,89,1,88,
trajectory_000000:8872,mutual,mutual.CO+T,superlevel,h1,0.9,89,1,88,
trajectory_000000:8872,persistence_distance,topology.self.persistence,,,,,,,0.018416302278637886
trajectory_000000:8872,persistence_distance,topology.mutual.persistence,,,,,,,0.002689709886908531
trajectory_000000:8872,persistence_distance,topology.component_weighted_total_before_outer_family_weight,,,,,,,0.021106012165546417
trajectory_000000:8872,dimension_distance_diagnostic,topology.self.CO.h0,,,,,,,0.0664302408695221
trajectory_000000:8872,dimension_distance_diagnostic,topology.self.CO.h1,,,,,,,0.0016235127113759518
trajectory_000000:8872,dimension_distance_diagnostic,topology.self.T.h0,,,,,,,0.005416622385382652
trajectory_000000:8872,dimension_distance_diagnostic,topology.self.T.h1,,,,,,,0.00019483470532577485
trajectory_000000:8872,dimension_distance_diagnostic,topology.mutual.CO+T.h0,,,,,,,0.003945211414247751
trajectory_000000:8872,dimension_distance_diagnostic,topology.mutual.CO+T.h1,,,,,,,0.0014342082431539893
trajectory_000000:8888,self,self.CO,sublevel,h0,0.1,3,1,2,
trajectory_000000:8888,self,self.CO,sublevel,h0,0.25,3,1,2,
trajectory_000000:8888,self,self.CO,sublevel,h0,0.5,4,2,2,
trajectory_000000:8888,self,self.CO,sublevel,h0,0.75,2,1,1,
trajectory_000000:8888,self,self.CO,sublevel,h0,0.9,2,2,0,
trajectory_000000:8888,self,self.CO,sublevel,h1,0.1,77,0,77,
trajectory_000000:8888,self,self.CO,sublevel,h1,0.25,77,0,77,
trajectory_000000:8888,self,self.CO,sublevel,h1,0.5,0,0,0,
trajectory_000000:8888,self,self.CO,sublevel,h1,0.75,1,0,1,
trajectory_000000:8888,self,self.CO,sublevel,h1,0.9,2,1,1,
trajectory_000000:8888,self,self.T,sublevel,h0,0.1,2,4,2,
trajectory_000000:8888,self,self.T,sublevel,h0,0.25,5,2,3,
trajectory_000000:8888,self,self.T,sublevel,h0,0.5,4,1,3,
trajectory_000000:8888,self,self.T,sublevel,h0,0.75,2,1,1,
trajectory_000000:8888,self,self.T,sublevel,h0,0.9,1,1,0,
trajectory_000000:8888,self,self.T,sublevel,h1,0.1,0,0,0,
trajectory_000000:8888,self,self.T,sublevel,h1,0.25,0,1,1,
trajectory_000000:8888,self,self.T,sublevel,h1,0.5,0,0,0,
trajectory_000000:8888,self,self.T,sublevel,h1,0.75,1,3,2,
trajectory_000000:8888,self,self.T,sublevel,h1,0.9,5,4,1,
trajectory_000000:8888,mutual,mutual.CO+T,sublevel,h0,0.1,2,4,2,
trajectory_000000:8888,mutual,mutual.CO+T,sublevel,h0,0.25,5,2,3,
trajectory_000000:8888,mutual,mutual.CO+T,sublevel,h0,0.5,4,1,3,
trajectory_000000:8888,mutual,mutual.CO+T,sublevel,h0,0.75,27,3,24,
trajectory_000000:8888,mutual,mutual.CO+T,sublevel,h0,0.9,2,2,0,
trajectory_000000:8888,mutual,mutual.CO+T,sublevel,h1,0.1,0,0,0,
trajectory_000000:8888,mutual,mutual.CO+T,sublevel,h1,0.25,0,1,1,
trajectory_000000:8888,mutual,mutual.CO+T,sublevel,h1,0.5,0,0,0,
trajectory_000000:8888,mutual,mutual.CO+T,sublevel,h1,0.75,4,4,0,
trajectory_000000:8888,mutual,mutual.CO+T,sublevel,h1,0.9,2,1,1,
trajectory_000000:8888,mutual,mutual.CO+T,sublevel,h0,0.1,1,1,0,
trajectory_000000:8888,mutual,mutual.CO+T,sublevel,h0,0.25,1,1,0,
trajectory_000000:8888,mutual,mutual.CO+T,sublevel,h0,0.5,2,1,1,
trajectory_000000:8888,mutual,mutual.CO+T,sublevel,h0,0.75,27,3,24,
trajectory_000000:8888,mutual,mutual.CO+T,sublevel,h0,0.9,2,2,0,
trajectory_000000:8888,mutual,mutual.CO+T,sublevel,h1,0.1,0,0,0,
trajectory_000000:8888,mutual,mutual.CO+T,sublevel,h1,0.25,0,0,0,
trajectory_000000:8888,mutual,mutual.CO+T,sublevel,h1,0.5,0,0,0,
trajectory_000000:8888,mutual,mutual.CO+T,sublevel,h1,0.75,4,4,0,
trajectory_000000:8888,mutual,mutual.CO+T,sublevel,h1,0.9,3,1,2,
trajectory_000000:8888,mutual,mutual.CO+T,sublevel,h0,0.1,2,4,2,
trajectory_000000:8888,mutual,mutual.CO+T,sublevel,h0,0.25,5,2,3,
trajectory_000000:8888,mutual,mutual.CO+T,sublevel,h0,0.5,2,1,1,
trajectory_000000:8888,mutual,mutual.CO+T,sublevel,h0,0.75,2,1,1,
trajectory_000000:8888,mutual,mutual.CO+T,sublevel,h0,0.9,2,2,0,
trajectory_000000:8888,mutual,mutual.CO+T,sublevel,h1,0.1,0,0,0,
trajectory_000000:8888,mutual,mutual.CO+T,sublevel,h1,0.25,0,1,1,
trajectory_000000:8888,mutual,mutual.CO+T,sublevel,h1,0.5,0,0,0,
trajectory_000000:8888,mutual,mutual.CO+T,sublevel,h1,0.75,1,0,1,
trajectory_000000:8888,mutual,mutual.CO+T,sublevel,h1,0.9,2,1,1,
trajectory_000000:8888,self,self.CO,superlevel,h0,0.1,3,3,0,
trajectory_000000:8888,self,self.CO,superlevel,h0,0.25,3,1,2,
trajectory_000000:8888,self,self.CO,superlevel,h0,0.5,1,1,0,
trajectory_000000:8888,self,self.CO,superlevel,h0,0.75,1,2,1,
trajectory_000000:8888,self,self.CO,superlevel,h0,0.9,1,2,1,
trajectory_000000:8888,self,self.CO,superlevel,h1,0.1,0,1,1,
trajectory_000000:8888,self,self.CO,superlevel,h1,0.25,1,0,1,
trajectory_000000:8888,self,self.CO,superlevel,h1,0.5,0,0,0,
trajectory_000000:8888,self,self.CO,superlevel,h1,0.75,88,0,88,
trajectory_000000:8888,self,self.CO,superlevel,h1,0.9,88,0,88,
trajectory_000000:8888,self,self.T,superlevel,h0,0.1,7,5,2,
trajectory_000000:8888,self,self.T,superlevel,h0,0.25,2,4,2,
trajectory_000000:8888,self,self.T,superlevel,h0,0.5,1,1,0,
trajectory_000000:8888,self,self.T,superlevel,h0,0.75,1,3,2,
trajectory_000000:8888,self,self.T,superlevel,h0,0.9,1,1,0,
trajectory_000000:8888,self,self.T,superlevel,h1,0.1,0,0,0,
trajectory_000000:8888,self,self.T,superlevel,h1,0.25,0,0,0,
trajectory_000000:8888,self,self.T,superlevel,h1,0.5,0,0,0,
trajectory_000000:8888,self,self.T,superlevel,h1,0.75,2,1,1,
trajectory_000000:8888,self,self.T,superlevel,h1,0.9,0,1,1,
trajectory_000000:8888,mutual,mutual.CO+T,superlevel,h0,0.1,8,5,3,
trajectory_000000:8888,mutual,mutual.CO+T,superlevel,h0,0.25,6,1,5,
trajectory_000000:8888,mutual,mutual.CO+T,superlevel,h0,0.5,1,1,0,
trajectory_000000:8888,mutual,mutual.CO+T,superlevel,h0,0.75,1,3,2,
trajectory_000000:8888,mutual,mutual.CO+T,superlevel,h0,0.9,1,1,0,
trajectory_000000:8888,mutual,mutual.CO+T,superlevel,h1,0.1,0,0,0,
trajectory_000000:8888,mutual,mutual.CO+T,superlevel,h1,0.25,1,0,1,
trajectory_000000:8888,mutual,mutual.CO+T,superlevel,h1,0.5,0,0,0,
trajectory_000000:8888,mutual,mutual.CO+T,superlevel,h1,0.75,2,1,1,
trajectory_000000:8888,mutual,mutual.CO+T,superlevel,h1,0.9,0,1,1,
trajectory_000000:8888,mutual,mutual.CO+T,superlevel,h0,0.1,14,5,9,
trajectory_000000:8888,mutual,mutual.CO+T,superlevel,h0,0.25,5,2,3,
trajectory_000000:8888,mutual,mutual.CO+T,superlevel,h0,0.5,1,1,0,
trajectory_000000:8888,mutual,mutual.CO+T,superlevel,h0,0.75,1,3,2,
trajectory_000000:8888,mutual,mutual.CO+T,superlevel,h0,0.9,1,1,0,
trajectory_000000:8888,mutual,mutual.CO+T,superlevel,h1,0.1,3,1,2,
trajectory_000000:8888,mutual,mutual.CO+T,superlevel,h1,0.25,2,1,1,
trajectory_000000:8888,mutual,mutual.CO+T,superlevel,h1,0.5,0,0,0,
trajectory_000000:8888,mutual,mutual.CO+T,superlevel,h1,0.75,2,1,1,
trajectory_000000:8888,mutual,mutual.CO+T,superlevel,h1,0.9,0,1,1,
trajectory_000000:8888,mutual,mutual.CO+T,superlevel,h0,0.1,10,5,5,
trajectory_000000:8888,mutual,mutual.CO+T,superlevel,h0,0.25,4,2,2,
trajectory_000000:8888,mutual,mutual.CO+T,superlevel,h0,0.5,1,1,0,
trajectory_000000:8888,mutual,mutual.CO+T,superlevel,h0,0.75,1,2,1,
trajectory_000000:8888,mutual,mutual.CO+T,superlevel,h0,0.9,1,2,1,
trajectory_000000:8888,mutual,mutual.CO+T,superlevel,h1,0.1,1,0,1,
trajectory_000000:8888,mutual,mutual.CO+T,superlevel,h1,0.25,2,1,1,
trajectory_000000:8888,mutual,mutual.CO+T,superlevel,h1,0.5,0,0,0,
trajectory_000000:8888,mutual,mutual.CO+T,superlevel,h1,0.75,88,0,88,
trajectory_000000:8888,mutual,mutual.CO+T,superlevel,h1,0.9,88,0,88,
trajectory_000000:8888,persistence_distance,topology.self.persistence,,,,,,,0.00803320948034525
trajectory_000000:8888,persistence_distance,topology.mutual.persistence,,,,,,,0.0034437421709299088
trajectory_000000:8888,persistence_distance,topology.component_weighted_total_before_outer_family_weight,,,,,,,0.011476951651275158
trajectory_000000:8888,dimension_distance_diagnostic,topology.self.CO.h0,,,,,,,0.024636298418045044
trajectory_000000:8888,dimension_distance_diagnostic,topology.self.CO.h1,,,,,,,0.0010942484950646758
trajectory_000000:8888,dimension_distance_diagnostic,topology.self.T.h0,,,,,,,0.006202562712132931
trajectory_000000:8888,dimension_distance_diagnostic,topology.self.T.h1,,,,,,,0.00019972628797404468
trajectory_000000:8888,dimension_distance_diagnostic,topology.mutual.CO+T.h0,,,,,,,0.005932689178735018
trajectory_000000:8888,dimension_distance_diagnostic,topology.mutual.CO+T.h1,,,,,,,0.000954794988501817
trajectory_000000:8903,self,self.CO,sublevel,h0,0.1,10,1,9,
trajectory_000000:8903,self,self.CO,sublevel,h0,0.25,10,1,9,
trajectory_000000:8903,self,self.CO,sublevel,h0,0.5,7,8,1,
trajectory_000000:8903,self,self.CO,sublevel,h0,0.75,4,1,3,
trajectory_000000:8903,self,self.CO,sublevel,h0,0.9,2,1,1,
trajectory_000000:8903,self,self.CO,sublevel,h1,0.1,79,0,79,
trajectory_000000:8903,self,self.CO,sublevel,h1,0.25,79,0,79,
trajectory_000000:8903,self,self.CO,sublevel,h1,0.5,0,0,0,
trajectory_000000:8903,self,self.CO,sublevel,h1,0.75,4,1,3,
trajectory_000000:8903,self,self.CO,sublevel,h1,0.9,5,8,3,
trajectory_000000:8903,self,self.T,sublevel,h0,0.1,2,1,1,
trajectory_000000:8903,self,self.T,sublevel,h0,0.25,4,4,0,
trajectory_000000:8903,self,self.T,sublevel,h0,0.5,10,4,6,
trajectory_000000:8903,self,self.T,sublevel,h0,0.75,1,1,0,
trajectory_000000:8903,self,self.T,sublevel,h0,0.9,1,1,0,
trajectory_000000:8903,self,self.T,sublevel,h1,0.1,0,1,1,
trajectory_000000:8903,self,self.T,sublevel,h1,0.25,0,0,0,
trajectory_000000:8903,self,self.T,sublevel,h1,0.5,0,0,0,
trajectory_000000:8903,self,self.T,sublevel,h1,0.75,2,0,2,
trajectory_000000:8903,self,self.T,sublevel,h1,0.9,4,3,1,
trajectory_000000:8903,mutual,mutual.CO+T,sublevel,h0,0.1,2,1,1,
trajectory_000000:8903,mutual,mutual.CO+T,sublevel,h0,0.25,4,4,0,
trajectory_000000:8903,mutual,mutual.CO+T,sublevel,h0,0.5,9,3,6,
trajectory_000000:8903,mutual,mutual.CO+T,sublevel,h0,0.75,9,1,8,
trajectory_000000:8903,mutual,mutual.CO+T,sublevel,h0,0.9,2,1,1,
trajectory_000000:8903,mutual,mutual.CO+T,sublevel,h1,0.1,0,1,1,
trajectory_000000:8903,mutual,mutual.CO+T,sublevel,h1,0.25,0,0,0,
trajectory_000000:8903,mutual,mutual.CO+T,sublevel,h1,0.5,0,0,0,
trajectory_000000:8903,mutual,mutual.CO+T,sublevel,h1,0.75,2,10,8,
trajectory_000000:8903,mutual,mutual.CO+T,sublevel,h1,0.9,10,7,3,
trajectory_000000:8903,mutual,mutual.CO+T,sublevel,h0,0.1,10,1,9,
trajectory_000000:8903,mutual,mutual.CO+T,sublevel,h0,0.25,10,1,9,
trajectory_000000:8903,mutual,mutual.CO+T,sublevel,h0,0.5,10,4,6,
trajectory_000000:8903,mutual,mutual.CO+T,sublevel,h0,0.75,7,1,6,
trajectory_000000:8903,mutual,mutual.CO+T,sublevel,h0,0.9,2,1,1,
trajectory_000000:8903,mutual,mutual.CO+T,sublevel,h1,0.1,79,0,79,
trajectory_000000:8903,mutual,mutual.CO+T,sublevel,h1,0.25,79,0,79,
trajectory_000000:8903,mutual,mutual.CO+T,sublevel,h1,0.5,1,0,1,
trajectory_000000:8903,mutual,mutual.CO+T,sublevel,h1,0.75,2,10,8,
trajectory_000000:8903,mutual,mutual.CO+T,sublevel,h1,0.9,9,8,1,
trajectory_000000:8903,mutual,mutual.CO+T,sublevel,h0,0.1,2,1,1,
trajectory_000000:8903,mutual,mutual.CO+T,sublevel,h0,0.25,4,4,0,
trajectory_000000:8903,mutual,mutual.CO+T,sublevel,h0,0.5,13,6,7,
trajectory_000000:8903,mutual,mutual.CO+T,sublevel,h0,0.75,4,1,3,
trajectory_000000:8903,mutual,mutual.CO+T,sublevel,h0,0.9,2,1,1,
trajectory_000000:8903,mutual,mutual.CO+T,sublevel,h1,0.1,0,1,1,
trajectory_000000:8903,mutual,mutual.CO+T,sublevel,h1,0.25,0,0,0,
trajectory_000000:8903,mutual,mutual.CO+T,sublevel,h1,0.5,1,0,1,
trajectory_000000:8903,mutual,mutual.CO+T,sublevel,h1,0.75,4,1,3,
trajectory_000000:8903,mutual,mutual.CO+T,sublevel,h1,0.9,5,8,3,
trajectory_000000:8903,self,self.CO,superlevel,h0,0.1,7,11,4,
trajectory_000000:8903,self,self.CO,superlevel,h0,0.25,7,3,4,
trajectory_000000:8903,self,self.CO,superlevel,h0,0.5,2,2,0,
trajectory_000000:8903,self,self.CO,superlevel,h0,0.75,1,2,1,
trajectory_000000:8903,self,self.CO,superlevel,h0,0.9,1,2,1,
trajectory_000000:8903,self,self.CO,superlevel,h1,0.1,0,0,0,
trajectory_000000:8903,self,self.CO,superlevel,h1,0.25,2,0,2,
trajectory_000000:8903,self,self.CO,superlevel,h1,0.5,1,0,1,
trajectory_000000:8903,self,self.CO,superlevel,h1,0.75,88,0,88,
trajectory_000000:8903,self,self.CO,superlevel,h1,0.9,88,0,88,
trajectory_000000:8903,self,self.T,superlevel,h0,0.1,5,3,2,
trajectory_000000:8903,self,self.T,superlevel,h0,0.25,3,1,2,
trajectory_000000:8903,self,self.T,superlevel,h0,0.5,2,1,1,
trajectory_000000:8903,self,self.T,superlevel,h0,0.75,1,1,0,
trajectory_000000:8903,self,self.T,superlevel,h0,0.9,1,4,3,
trajectory_000000:8903,self,self.T,superlevel,h1,0.1,0,0,0,
trajectory_000000:8903,self,self.T,superlevel,h1,0.25,0,0,0,
trajectory_000000:8903,self,self.T,superlevel,h1,0.5,0,1,1,
trajectory_000000:8903,self,self.T,superlevel,h1,0.75,3,0,3,
trajectory_000000:8903,self,self.T,superlevel,h1,0.9,1,0,1,
trajectory_000000:8903,mutual,mutual.CO+T,superlevel,h0,0.1,6,1,5,
trajectory_000000:8903,mutual,mutual.CO+T,superlevel,h0,0.25,2,2,0,
trajectory_000000:8903,mutual,mutual.CO+T,superlevel,h0,0.5,2,1,1,
trajectory_000000:8903,mutual,mutual.CO+T,superlevel,h0,0.75,1,1,0,
trajectory_000000:8903,mutual,mutual.CO+T,superlevel,h0,0.9,1,4,3,
trajectory_000000:8903,mutual,mutual.CO+T,superlevel,h1,0.1,0,0,0,
trajectory_000000:8903,mutual,mutual.CO+T,superlevel,h1,0.25,0,1,1,
trajectory_000000:8903,mutual,mutual.CO+T,superlevel,h1,0.5,0,1,1,
trajectory_000000:8903,mutual,mutual.CO+T,superlevel,h1,0.75,3,0,3,
trajectory_000000:8903,mutual,mutual.CO+T,superlevel,h1,0.9,1,0,1,
trajectory_000000:8903,mutual,mutual.CO+T,superlevel,h0,0.1,6,11,5,
trajectory_000000:8903,mutual,mutual.CO+T,superlevel,h0,0.25,10,11,1,
trajectory_000000:8903,mutual,mutual.CO+T,superlevel,h0,0.5,3,1,2,
trajectory_000000:8903,mutual,mutual.CO+T,superlevel,h0,0.75,1,1,0,
trajectory_000000:8903,mutual,mutual.CO+T,superlevel,h0,0.9,1,4,3,
trajectory_000000:8903,mutual,mutual.CO+T,superlevel,h1,0.1,0,0,0,
trajectory_000000:8903,mutual,mutual.CO+T,superlevel,h1,0.25,0,1,1,
trajectory_000000:8903,mutual,mutual.CO+T,superlevel,h1,0.5,0,1,1,
trajectory_000000:8903,mutual,mutual.CO+T,superlevel,h1,0.75,3,0,3,
trajectory_000000:8903,mutual,mutual.CO+T,superlevel,h1,0.9,1,0,1,
trajectory_000000:8903,mutual,mutual.CO+T,superlevel,h0,0.1,8,3,5,
trajectory_000000:8903,mutual,mutual.CO+T,superlevel,h0,0.25,11,7,4,
trajectory_000000:8903,mutual,mutual.CO+T,superlevel,h0,0.5,2,2,0,
trajectory_000000:8903,mutual,mutual.CO+T,superlevel,h0,0.75,1,2,1,
trajectory_000000:8903,mutual,mutual.CO+T,superlevel,h0,0.9,1,2,1,
trajectory_000000:8903,mutual,mutual.CO+T,superlevel,h1,0.1,0,0,0,
trajectory_000000:8903,mutual,mutual.CO+T,superlevel,h1,0.25,0,1,1,
trajectory_000000:8903,mutual,mutual.CO+T,superlevel,h1,0.5,1,0,1,
trajectory_000000:8903,mutual,mutual.CO+T,superlevel,h1,0.75,88,0,88,
trajectory_000000:8903,mutual,mutual.CO+T,superlevel,h1,0.9,88,0,88,
trajectory_000000:8903,persistence_distance,topology.self.persistence,,,,,,,0.013042312115430832
trajectory_000000:8903,persistence_distance,topology.mutual.persistence,,,,,,,0.003529185429215431
trajectory_000000:8903,persistence_distance,topology.component_weighted_total_before_outer_family_weight,,,,,,,0.016571497544646263
trajectory_000000:8903,dimension_distance_diagnostic,topology.self.CO.h0,,,,,,,0.045379068702459335
trajectory_000000:8903,dimension_distance_diagnostic,topology.self.CO.h1,,,,,,,0.0012709249276667833
trajectory_000000:8903,dimension_distance_diagnostic,topology.self.T.h0,,,,,,,0.005429806653410196
trajectory_000000:8903,dimension_distance_diagnostic,topology.self.T.h1,,,,,,,8.944794535636902e-05
trajectory_000000:8903,dimension_distance_diagnostic,topology.mutual.CO+T.h0,,,,,,,0.005949564278125763
trajectory_000000:8903,dimension_distance_diagnostic,topology.mutual.CO+T.h1,,,,,,,0.0011088063474744558
trajectory_000000:8919,self,self.CO,sublevel,h0,0.1,5,3,2,
trajectory_000000:8919,self,self.CO,sublevel,h0,0.25,5,3,2,
trajectory_000000:8919,self,self.CO,sublevel,h0,0.5,8,4,4,
trajectory_000000:8919,self,self.CO,sublevel,h0,0.75,10,3,7,
trajectory_000000:8919,self,self.CO,sublevel,h0,0.9,4,1,3,
trajectory_000000:8919,self,self.CO,sublevel,h1,0.1,78,4,74,
trajectory_000000:8919,self,self.CO,sublevel,h1,0.25,78,4,74,
trajectory_000000:8919,self,self.CO,sublevel,h1,0.5,0,0,0,
trajectory_000000:8919,self,self.CO,sublevel,h1,0.75,3,0,3,
trajectory_000000:8919,self,self.CO,sublevel,h1,0.9,3,7,4,
trajectory_000000:8919,self,self.T,sublevel,h0,0.1,4,11,7,
trajectory_000000:8919,self,self.T,sublevel,h0,0.25,3,3,0,
trajectory_000000:8919,self,self.T,sublevel,h0,0.5,9,3,6,
trajectory_000000:8919,self,self.T,sublevel,h0,0.75,3,1,2,
trajectory_000000:8919,self,self.T,sublevel,h0,0.9,1,1,0,
trajectory_000000:8919,self,self.T,sublevel,h1,0.1,0,0,0,
trajectory_000000:8919,self,self.T,sublevel,h1,0.25,0,4,4,
trajectory_000000:8919,self,self.T,sublevel,h1,0.5,0,0,0,
trajectory_000000:8919,self,self.T,sublevel,h1,0.75,2,1,1,
trajectory_000000:8919,self,self.T,sublevel,h1,0.9,3,5,2,
trajectory_000000:8919,mutual,mutual.CO+T,sublevel,h0,0.1,4,11,7,
trajectory_000000:8919,mutual,mutual.CO+T,sublevel,h0,0.25,3,3,0,
trajectory_000000:8919,mutual,mutual.CO+T,sublevel,h0,0.5,10,4,6,
trajectory_000000:8919,mutual,mutual.CO+T,sublevel,h0,0.75,10,3,7,
trajectory_000000:8919,mutual,mutual.CO+T,sublevel,h0,0.9,4,1,3,
trajectory_000000:8919,mutual,mutual.CO+T,sublevel,h1,0.1,0,0,0,
trajectory_000000:8919,mutual,mutual.CO+T,sublevel,h1,0.25,0,4,4,
trajectory_000000:8919,mutual,mutual.CO+T,sublevel,h1,0.5,0,0,0,
trajectory_000000:8919,mutual,mutual.CO+T,sublevel,h1,0.75,1,7,6,
trajectory_000000:8919,mutual,mutual.CO+T,sublevel,h1,0.9,3,7,4,
trajectory_000000:8919,mutual,mutual.CO+T,sublevel,h0,0.1,1,3,2,
trajectory_000000:8919,mutual,mutual.CO+T,sublevel,h0,0.25,1,3,2,
trajectory_000000:8919,mutual,mutual.CO+T,sublevel,h0,0.5,14,12,2,
trajectory_000000:8919,mutual,mutual.CO+T,sublevel,h0,0.75,10,2,8,
trajectory_000000:8919,mutual,mutual.CO+T,sublevel,h0,0.9,4,1,3,
trajectory_000000:8919,mutual,mutual.CO+T,sublevel,h1,0.1,0,4,4,
trajectory_000000:8919,mutual,mutual.CO+T,sublevel,h1,0.25,0,4,4,
trajectory_000000:8919,mutual,mutual.CO+T,sublevel,h1,0.5,0,0,0,
trajectory_000000:8919,mutual,mutual.CO+T,sublevel,h1,0.75,2,4,2,
trajectory_000000:8919,mutual,mutual.CO+T,sublevel,h1,0.9,3,7,4,
trajectory_000000:8919,mutual,mutual.CO+T,sublevel,h0,0.1,4,11,7,
trajectory_000000:8919,mutual,mutual.CO+T,sublevel,h0,0.25,3,3,0,
trajectory_000000:8919,mutual,mutual.CO+T,sublevel,h0,0.5,14,12,2,
trajectory_000000:8919,mutual,mutual.CO+T,sublevel,h0,0.75,10,3,7,
trajectory_000000:8919,mutual,mutual.CO+T,sublevel,h0,0.9,4,1,3,
trajectory_000000:8919,mutual,mutual.CO+T,sublevel,h1,0.1,0,0,0,
trajectory_000000:8919,mutual,mutual.CO+T,sublevel,h1,0.25,0,4,4,
trajectory_000000:8919,mutual,mutual.CO+T,sublevel,h1,0.5,0,0,0,
trajectory_000000:8919,mutual,mutual.CO+T,sublevel,h1,0.75,3,0,3,
trajectory_000000:8919,mutual,mutual.CO+T,sublevel,h1,0.9,3,7,4,
trajectory_000000:8919,self,self.CO,superlevel,h0,0.1,7,10,3,
trajectory_000000:8919,self,self.CO,superlevel,h0,0.25,4,3,1,
trajectory_000000:8919,self,self.CO,superlevel,h0,0.5,2,1,1,
trajectory_000000:8919,self,self.CO,superlevel,h0,0.75,1,8,7,
trajectory_000000:8919,self,self.CO,superlevel,h0,0.9,1,8,7,
trajectory_000000:8919,self,self.CO,superlevel,h1,0.1,1,0,1,
trajectory_000000:8919,self,self.CO,superlevel,h1,0.25,8,1,7,
trajectory_000000:8919,self,self.CO,superlevel,h1,0.5,1,0,1,
trajectory_000000:8919,self,self.CO,superlevel,h1,0.75,88,2,86,
trajectory_000000:8919,self,self.CO,superlevel,h1,0.9,88,2,86,
trajectory_000000:8919,self,self.T,superlevel,h0,0.1,4,6,2,
trajectory_000000:8919,self,self.T,superlevel,h0,0.25,4,2,2,
trajectory_000000:8919,self,self.T,superlevel,h0,0.5,1,1,0,
trajectory_000000:8919,self,self.T,superlevel,h0,0.75,1,9,8,
trajectory_000000:8919,self,self.T,superlevel,h0,0.9,1,5,4,
trajectory_000000:8919,self,self.T,superlevel,h1,0.1,0,0,0,
trajectory_000000:8919,self,self.T,superlevel,h1,0.25,0,0,0,
trajectory_000000:8919,self,self.T,superlevel,h1,0.5,0,0,0,
trajectory_000000:8919,self,self.T,superlevel,h1,0.75,0,1,1,
trajectory_000000:8919,self,self.T,superlevel,h1,0.9,1,5,4,
trajectory_000000:8919,mutual,mutual.CO+T,superlevel,h0,0.1,5,5,0,
trajectory_000000:8919,mutual,mutual.CO+T,superlevel,h0,0.25,7,6,1,
trajectory_000000:8919,mutual,mutual.CO+T,superlevel,h0,0.5,1,1,0,
trajectory_000000:8919,mutual,mutual.CO+T,superlevel,h0,0.75,1,9,8,
trajectory_000000:8919,mutual,mutual.CO+T,superlevel,h0,0.9,1,5,4,
trajectory_000000:8919,mutual,mutual.CO+T,superlevel,h1,0.1,0,0,0,
trajectory_000000:8919,mutual,mutual.CO+T,superlevel,h1,0.25,1,0,1,
trajectory_000000:8919,mutual,mutual.CO+T,superlevel,h1,0.5,0,0,0,
trajectory_000000:8919,mutual,mutual.CO+T,superlevel,h1,0.75,0,1,1,
trajectory_000000:8919,mutual,mutual.CO+T,superlevel,h1,0.9,1,5,4,
trajectory_000000:8919,mutual,mutual.CO+T,superlevel,h0,0.1,14,15,1,
trajectory_000000:8919,mutual,mutual.CO+T,superlevel,h0,0.25,6,5,1,
trajectory_000000:8919,mutual,mutual.CO+T,superlevel,h0,0.5,1,1,0,
trajectory_000000:8919,mutual,mutual.CO+T,superlevel,h0,0.75,1,9,8,
trajectory_000000:8919,mutual,mutual.CO+T,superlevel,h0,0.9,1,5,4,
trajectory_000000:8919,mutual,mutual.CO+T,superlevel,h1,0.1,0,1,1,
trajectory_000000:8919,mutual,mutual.CO+T,superlevel,h1,0.25,1,0,1,
trajectory_000000:8919,mutual,mutual.CO+T,superlevel,h1,0.5,0,0,0,
trajectory_000000:8919,mutual,mutual.CO+T,superlevel,h1,0.75,0,1,1,
trajectory_000000:8919,mutual,mutual.CO+T,superlevel,h1,0.9,1,5,4,
trajectory_000000:8919,mutual,mutual.CO+T,superlevel,h0,0.1,11,8,3,
trajectory_000000:8919,mutual,mutual.CO+T,superlevel,h0,0.25,8,5,3,
trajectory_000000:8919,mutual,mutual.CO+T,superlevel,h0,0.5,2,1,1,
trajectory_000000:8919,mutual,mutual.CO+T,superlevel,h0,0.75,1,8,7,
trajectory_000000:8919,mutual,mutual.CO+T,superlevel,h0,0.9,1,8,7,
trajectory_000000:8919,mutual,mutual.CO+T,superlevel,h1,0.1,0,3,3,
trajectory_000000:8919,mutual,mutual.CO+T,superlevel,h1,0.25,1,0,1,
trajectory_000000:8919,mutual,mutual.CO+T,superlevel,h1,0.5,1,0,1,
trajectory_000000:8919,mutual,mutual.CO+T,superlevel,h1,0.75,88,2,86,
trajectory_000000:8919,mutual,mutual.CO+T,superlevel,h1,0.9,88,2,86,
trajectory_000000:8919,persistence_distance,topology.self.persistence,,,,,,,0.006675667129456997
trajectory_000000:8919,persistence_distance,topology.mutual.persistence,,,,,,,0.0017505352152511477
trajectory_000000:8919,persistence_distance,topology.component_weighted_total_before_outer_family_weight,,,,,,,0.008426202461123466
trajectory_000000:8919,dimension_distance_diagnostic,topology.self.CO.h0,,,,,,,0.022938180714845657
trajectory_000000:8919,dimension_distance_diagnostic,topology.self.CO.h1,,,,,,,0.0012240515789017081
trajectory_000000:8919,dimension_distance_diagnostic,topology.self.T.h0,,,,,,,0.0023702853359282017
trajectory_000000:8919,dimension_distance_diagnostic,topology.self.T.h1,,,,,,,0.00017015085904859006
trajectory_000000:8919,dimension_distance_diagnostic,topology.mutual.CO+T.h0,,,,,,,0.0024140297900885344
trajectory_000000:8919,dimension_distance_diagnostic,topology.mutual.CO+T.h1,,,,,,,0.0010870401747524738
trajectory_000000:8935,self,self.CO,sublevel,h0,0.1,4,1,3,
trajectory_000000:8935,self,self.CO,sublevel,h0,0.25,4,1,3,
trajectory_000000:8935,self,self.CO,sublevel,h0,0.5,12,6,6,
trajectory_000000:8935,self,self.CO,sublevel,h0,0.75,2,2,0,
trajectory_000000:8935,self,self.CO,sublevel,h0,0.9,1,1,0,
trajectory_000000:8935,self,self.CO,sublevel,h1,0.1,75,0,75,
trajectory_000000:8935,self,self.CO,sublevel,h1,0.25,75,0,75,
trajectory_000000:8935,self,self.CO,sublevel,h1,0.5,0,0,0,
trajectory_000000:8935,self,self.CO,sublevel,h1,0.75,5,1,4,
trajectory_000000:8935,self,self.CO,sublevel,h1,0.9,8,5,3,
trajectory_000000:8935,self,self.T,sublevel,h0,0.1,4,4,0,
trajectory_000000:8935,self,self.T,sublevel,h0,0.25,2,3,1,
trajectory_000000:8935,self,self.T,sublevel,h0,0.5,12,2,10,
trajectory_000000:8935,self,self.T,sublevel,h0,0.75,3,1,2,
trajectory_000000:8935,self,self.T,sublevel,h0,0.9,1,1,0,
trajectory_000000:8935,self,self.T,sublevel,h1,0.1,0,0,0,
trajectory_000000:8935,self,self.T,sublevel,h1,0.25,0,2,2,
trajectory_000000:8935,self,self.T,sublevel,h1,0.5,0,1,1,
trajectory_000000:8935,self,self.T,sublevel,h1,0.75,3,0,3,
trajectory_000000:8935,self,self.T,sublevel,h1,0.9,0,1,1,
trajectory_000000:8935,mutual,mutual.CO+T,sublevel,h0,0.1,4,4,0,
trajectory_000000:8935,mutual,mutual.CO+T,sublevel,h0,0.25,2,3,1,
trajectory_000000:8935,mutual,mutual.CO+T,sublevel,h0,0.5,11,2,9,
trajectory_000000:8935,mutual,mutual.CO+T,sublevel,h0,0.75,8,1,7,
trajectory_000000:8935,mutual,mutual.CO+T,sublevel,h0,0.9,1,1,0,
trajectory_000000:8935,mutual,mutual.CO+T,sublevel,h1,0.1,0,0,0,
trajectory_000000:8935,mutual,mutual.CO+T,sublevel,h1,0.25,0,2,2,
trajectory_000000:8935,mutual,mutual.CO+T,sublevel,h1,0.5,0,1,1,
trajectory_000000:8935,mutual,mutual.CO+T,sublevel,h1,0.75,5,6,1,
trajectory_000000:8935,mutual,mutual.CO+T,sublevel,h1,0.9,7,7,0,
trajectory_000000:8935,mutual,mutual.CO+T,sublevel,h0,0.1,4,1,3,
trajectory_000000:8935,mutual,mutual.CO+T,sublevel,h0,0.25,4,1,3,
trajectory_000000:8935,mutual,mutual.CO+T,sublevel,h0,0.5,16,9,7,
trajectory_000000:8935,mutual,mutual.CO+T,sublevel,h0,0.75,12,1,11,
trajectory_000000:8935,mutual,mutual.CO+T,sublevel,h0,0.9,2,1,1,
trajectory_000000:8935,mutual,mutual.CO+T,sublevel,h1,0.1,75,0,75,
trajectory_000000:8935,mutual,mutual.CO+T,sublevel,h1,0.25,75,0,75,
trajectory_000000:8935,mutual,mutual.CO+T,sublevel,h1,0.5,0,1,1,
trajectory_000000:8935,mutual,mutual.CO+T,sublevel,h1,0.75,6,6,0,
trajectory_000000:8935,mutual,mutual.CO+T,sublevel,h1,0.9,7,7,0,
trajectory_000000:8935,mutual,mutual.CO+T,sublevel,h0,0.1,4,4,0,
trajectory_000000:8935,mutual,mutual.CO+T,sublevel,h0,0.25,2,3,1,
trajectory_000000:8935,mutual,mutual.CO+T,sublevel,h0,0.5,18,10,8,
trajectory_000000:8935,mutual,mutual.CO+T,sublevel,h0,0.75,2,2,0,
trajectory_000000:8935,mutual,mutual.CO+T,sublevel,h0,0.9,1,1,0,
trajectory_000000:8935,mutual,mutual.CO+T,sublevel,h1,0.1,0,0,0,
trajectory_000000:8935,mutual,mutual.CO+T,sublevel,h1,0.25,0,2,2,
trajectory_000000:8935,mutual,mutual.CO+T,sublevel,h1,0.5,0,1,1,
trajectory_000000:8935,mutual,mutual.CO+T,sublevel,h1,0.75,5,1,4,
trajectory_000000:8935,mutual,mutual.CO+T,sublevel,h1,0.9,8,5,3,
trajectory_000000:8935,self,self.CO,superlevel,h0,0.1,12,7,5,
trajectory_000000:8935,self,self.CO,superlevel,h0,0.25,8,3,5,
trajectory_000000:8935,self,self.CO,superlevel,h0,0.5,1,2,1,
trajectory_000000:8935,self,self.CO,superlevel,h0,0.75,1,5,4,
trajectory_000000:8935,self,self.CO,superlevel,h0,0.9,1,5,4,
trajectory_000000:8935,self,self.CO,superlevel,h1,0.1,0,0,0,
trajectory_000000:8935,self,self.CO,superlevel,h1,0.25,0,1,1,
trajectory_000000:8935,self,self.CO,superlevel,h1,0.5,2,1,1,
trajectory_000000:8935,self,self.CO,superlevel,h1,0.75,1,0,1,
trajectory_000000:8935,self,self.CO,superlevel,h1,0.9,1,0,1,
trajectory_000000:8935,self,self.T,superlevel,h0,0.1,1,1,0,
trajectory_000000:8935,self,self.T,superlevel,h0,0.25,4,1,3,
trajectory_000000:8935,self,self.T,superlevel,h0,0.5,1,2,1,
trajectory_000000:8935,self,self.T,superlevel,h0,0.75,1,4,3,
trajectory_000000:8935,self,self.T,superlevel,h0,0.9,1,2,1,
trajectory_000000:8935,self,self.T,superlevel,h1,0.1,0,0,0,
trajectory_000000:8935,self,self.T,superlevel,h1,0.25,1,0,1,
trajectory_000000:8935,self,self.T,superlevel,h1,0.5,0,0,0,
trajectory_000000:8935,self,self.T,superlevel,h1,0.75,0,1,1,
trajectory_000000:8935,self,self.T,superlevel,h1,0.9,1,2,1,
trajectory_000000:8935,mutual,mutual.CO+T,superlevel,h0,0.1,5,4,1,
trajectory_000000:8935,mutual,mutual.CO+T,superlevel,h0,0.25,4,5,1,
trajectory_000000:8935,mutual,mutual.CO+T,superlevel,h0,0.5,1,1,0,
trajectory_000000:8935,mutual,mutual.CO+T,superlevel,h0,0.75,1,4,3,
trajectory_000000:8935,mutual,mutual.CO+T,superlevel,h0,0.9,1,2,1,
trajectory_000000:8935,mutual,mutual.CO+T,superlevel,h1,0.1,0,0,0,
trajectory_000000:8935,mutual,mutual.CO+T,superlevel,h1,0.25,2,2,0,
trajectory_000000:8935,mutual,mutual.CO+T,superlevel,h1,0.5,0,0,0,
trajectory_000000:8935,mutual,mutual.CO+T,superlevel,h1,0.75,0,1,1,
trajectory_000000:8935,mutual,mutual.CO+T,superlevel,h1,0.9,1,2,1,
trajectory_000000:8935,mutual,mutual.CO+T,superlevel,h0,0.1,12,10,2,
trajectory_000000:8935,mutual,mutual.CO+T,superlevel,h0,0.25,6,4,2,
trajectory_000000:8935,mutual,mutual.CO+T,superlevel,h0,0.5,1,1,0,
trajectory_000000:8935,mutual,mutual.CO+T,superlevel,h0,0.75,1,4,3,
trajectory_000000:8935,mutual,mutual.CO+T,superlevel,h0,0.9,1,2,1,
trajectory_000000:8935,mutual,mutual.CO+T,superlevel,h1,0.1,0,0,0,
trajectory_000000:8935,mutual,mutual.CO+T,superlevel,h1,0.25,0,2,2,
trajectory_000000:8935,mutual,mutual.CO+T,superlevel,h1,0.5,0,0,0,
trajectory_000000:8935,mutual,mutual.CO+T,superlevel,h1,0.75,0,1,1,
trajectory_000000:8935,mutual,mutual.CO+T,superlevel,h1,0.9,1,2,1,
trajectory_000000:8935,mutual,mutual.CO+T,superlevel,h0,0.1,12,6,6,
trajectory_000000:8935,mutual,mutual.CO+T,superlevel,h0,0.25,6,4,2,
trajectory_000000:8935,mutual,mutual.CO+T,superlevel,h0,0.5,1,2,1,
trajectory_000000:8935,mutual,mutual.CO+T,superlevel,h0,0.75,1,5,4,
trajectory_000000:8935,mutual,mutual.CO+T,superlevel,h0,0.9,1,5,4,
trajectory_000000:8935,mutual,mutual.CO+T,superlevel,h1,0.1,0,0,0,
trajectory_000000:8935,mutual,mutual.CO+T,superlevel,h1,0.25,0,2,2,
trajectory_000000:8935,mutual,mutual.CO+T,superlevel,h1,0.5,2,1,1,
trajectory_000000:8935,mutual,mutual.CO+T,superlevel,h1,0.75,1,0,1,
trajectory_000000:8935,mutual,mutual.CO+T,superlevel,h1,0.9,1,0,1,
trajectory_000000:8935,persistence_distance,topology.self.persistence,,,,,,,0.004655702505260706
trajectory_000000:8935,persistence_distance,topology.mutual.persistence,,,,,,,0.002445142949000001
trajectory_000000:8935,persistence_distance,topology.component_weighted_total_before_outer_family_weight,,,,,,,0.0071008456870913506
trajectory_000000:8935,dimension_distance_diagnostic,topology.self.CO.h0,,,,,,,0.01534721627831459
trajectory_000000:8935,dimension_distance_diagnostic,topology.self.CO.h1,,,,,,,0.001026458921842277
trajectory_000000:8935,dimension_distance_diagnostic,topology.self.T.h0,,,,,,,0.0021125664934515953
trajectory_000000:8935,dimension_distance_diagnostic,topology.self.T.h1,,,,,,,0.0001365685457130894
trajectory_000000:8935,dimension_distance_diagnostic,topology.mutual.CO+T.h0,,,,,,,0.003997286316007376
trajectory_000000:8935,dimension_distance_diagnostic,topology.mutual.CO+T.h1,,,,,,,0.0008929987088777125
trajectory_000000:8951,self,self.CO,sublevel,h0,0.1,5,3,2,
trajectory_000000:8951,self,self.CO,sublevel,h0,0.25,1,3,2,
trajectory_000000:8951,self,self.CO,sublevel,h0,0.5,9,7,2,
trajectory_000000:8951,self,self.CO,sublevel,h0,0.75,2,4,2,
trajectory_000000:8951,self,self.CO,sublevel,h0,0.9,3,3,0,
trajectory_000000:8951,self,self.CO,sublevel,h1,0.1,62,0,62,
trajectory_000000:8951,self,self.CO,sublevel,h1,0.25,0,0,0,
trajectory_000000:8951,self,self.CO,sublevel,h1,0.5,1,0,1,
trajectory_000000:8951,self,self.CO,sublevel,h1,0.75,5,0,5,
trajectory_000000:8951,self,self.CO,sublevel,h1,0.9,4,11,7,
trajectory_000000:8951,self,self.T,sublevel,h0,0.1,7,5,2,
trajectory_000000:8951,self,self.T,sublevel,h0,0.25,3,5,2,
trajectory_000000:8951,self,self.T,sublevel,h0,0.5,18,6,12,
trajectory_000000:8951,self,self.T,sublevel,h0,0.75,1,2,1,
trajectory_000000:8951,self,self.T,sublevel,h0,0.9,1,1,0,
trajectory_000000:8951,self,self.T,sublevel,h1,0.1,0,1,1,
trajectory_000000:8951,self,self.T,sublevel,h1,0.25,0,0,0,
trajectory_000000:8951,self,self.T,sublevel,h1,0.5,0,0,0,
trajectory_000000:8951,self,self.T,sublevel,h1,0.75,7,1,6,
trajectory_000000:8951,self,self.T,sublevel,h1,0.9,2,2,0,
trajectory_000000:8951,mutual,mutual.CO+T,sublevel,h0,0.1,7,5,2,
trajectory_000000:8951,mutual,mutual.CO+T,sublevel,h0,0.25,3,5,2,
trajectory_000000:8951,mutual,mutual.CO+T,sublevel,h0,0.5,16,9,7,
trajectory_000000:8951,mutual,mutual.CO+T,sublevel,h0,0.75,12,6,6,
trajectory_000000:8951,mutual,mutual.CO+T,sublevel,h0,0.9,3,3,0,
trajectory_000000:8951,mutual,mutual.CO+T,sublevel,h1,0.1,0,1,1,
trajectory_000000:8951,mutual,mutual.CO+T,sublevel,h1,0.25,0,0,0,
trajectory_000000:8951,mutual,mutual.CO+T,sublevel,h1,0.5,0,0,0,
trajectory_000000:8951,mutual,mutual.CO+T,sublevel,h1,0.75,5,9,4,
trajectory_000000:8951,mutual,mutual.CO+T,sublevel,h1,0.9,4,11,7,
trajectory_000000:8951,mutual,mutual.CO+T,sublevel,h0,0.1,5,3,2,
trajectory_000000:8951,mutual,mutual.CO+T,sublevel,h0,0.25,1,3,2,
trajectory_000000:8951,mutual,mutual.CO+T,sublevel,h0,0.5,20,16,4,
trajectory_000000:8951,mutual,mutual.CO+T,sublevel,h0,0.75,9,5,4,
trajectory_000000:8951,mutual,mutual.CO+T,sublevel,h0,0.9,3,3,0,
trajectory_000000:8951,mutual,mutual.CO+T,sublevel,h1,0.1,62,0,62,
trajectory_000000:8951,mutual,mutual.CO+T,sublevel,h1,0.25,0,0,0,
trajectory_000000:8951,mutual,mutual.CO+T,sublevel,h1,0.5,0,0,0,
trajectory_000000:8951,mutual,mutual.CO+T,sublevel,h1,0.75,5,8,3,
trajectory_000000:8951,mutual,mutual.CO+T,sublevel,h1,0.9,4,11,7,
trajectory_000000:8951,mutual,mutual.CO+T,sublevel,h0,0.1,7,5,2,
trajectory_000000:8951,mutual,mutual.CO+T,sublevel,h0,0.25,3,5,2,
trajectory_000000:8951,mutual,mutual.CO+T,sublevel,h0,0.5,19,17,2,
trajectory_000000:8951,mutual,mutual.CO+T,sublevel,h0,0.75,2,4,2,
trajectory_000000:8951,mutual,mutual.CO+T,sublevel,h0,0.9,3,3,0,
trajectory_000000:8951,mutual,mutual.CO+T,sublevel,h1,0.1,0,1,1,
trajectory_000000:8951,mutual,mutual.CO+T,sublevel,h1,0.25,0,0,0,
trajectory_000000:8951,mutual,mutual.CO+T,sublevel,h1,0.5,0,0,0,
trajectory_000000:8951,mutual,mutual.CO+T,sublevel,h1,0.75,5,0,5,
trajectory_000000:8951,mutual,mutual.CO+T,sublevel,h1,0.9,4,11,7,
trajectory_000000:8951,self,self.CO,superlevel,h0,0.1,7,13,6,
trajectory_000000:8951,self,self.CO,superlevel,h0,0.25,11,1,10,
trajectory_000000:8951,self,self.CO,superlevel,h0,0.5,2,2,0,
trajectory_000000:8951,self,self.CO,superlevel,h0,0.75,110,2,108,
trajectory_000000:8951,self,self.CO,superlevel,h0,0.9,1,2,1,
trajectory_000000:8951,self,self.CO,superlevel,h1,0.1,1,1,0,
trajectory_000000:8951,self,self.CO,superlevel,h1,0.25,1,1,0,
trajectory_000000:8951,self,self.CO,superlevel,h1,0.5,1,1,0,
trajectory_000000:8951,self,self.CO,superlevel,h1,0.75,0,0,0,
trajectory_000000:8951,self,self.CO,superlevel,h1,0.9,74,0,74,
trajectory_000000:8951,self,self.T,superlevel,h0,0.1,4,2,2,
trajectory_000000:8951,self,self.T,superlevel,h0,0.25,8,2,6,
trajectory_000000:8951,self,self.T,superlevel,h0,0.5,1,1,0,
trajectory_000000:8951,self,self.T,superlevel,h0,0.75,1,1,0,
trajectory_000000:8951,self,self.T,superlevel,h0,0.9,1,2,1,
trajectory_000000:8951,self,self.T,superlevel,h1,0.1,0,0,0,
trajectory_000000:8951,self,self.T,superlevel,h1,0.25,0,1,1,
trajectory_000000:8951,self,self.T,superlevel,h1,0.5,1,0,1,
trajectory_000000:8951,self,self.T,superlevel,h1,0.75,1,1,0,
trajectory_000000:8951,self,self.T,superlevel,h1,0.9,3,1,2,
trajectory_000000:8951,mutual,mutual.CO+T,superlevel,h0,0.1,4,4,0,
trajectory_000000:8951,mutual,mutual.CO+T,superlevel,h0,0.25,6,2,4,
trajectory_000000:8951,mutual,mutual.CO+T,superlevel,h0,0.5,1,1,0,
trajectory_000000:8951,mutual,mutual.CO+T,superlevel,h0,0.75,1,1,0,
trajectory_000000:8951,mutual,mutual.CO+T,superlevel,h0,0.9,1,2,1,
trajectory_000000:8951,mutual,mutual.CO+T,superlevel,h1,0.1,0,2,2,
trajectory_000000:8951,mutual,mutual.CO+T,superlevel,h1,0.25,2,0,2,
trajectory_000000:8951,mutual,mutual.CO+T,superlevel,h1,0.5,1,0,1,
trajectory_000000:8951,mutual,mutual.CO+T,superlevel,h1,0.75,1,1,0,
trajectory_000000:8951,mutual,mutual.CO+T,superlevel,h1,0.9,3,1,2,
trajectory_000000:8951,mutual,mutual.CO+T,superlevel,h0,0.1,8,10,2,
trajectory_000000:8951,mutual,mutual.CO+T,superlevel,h0,0.25,15,1,14,
trajectory_000000:8951,mutual,mutual.CO+T,superlevel,h0,0.5,1,2,1,
trajectory_000000:8951,mutual,mutual.CO+T,superlevel,h0,0.75,1,1,0,
trajectory_000000:8951,mutual,mutual.CO+T,superlevel,h0,0.9,1,2,1,
trajectory_000000:8951,mutual,mutual.CO+T,superlevel,h1,0.1,1,0,1,
trajectory_000000:8951,mutual,mutual.CO+T,superlevel,h1,0.25,3,2,1,
trajectory_000000:8951,mutual,mutual.CO+T,superlevel,h1,0.5,0,0,0,
trajectory_000000:8951,mutual,mutual.CO+T,superlevel,h1,0.75,1,1,0,
trajectory_000000:8951,mutual,mutual.CO+T,superlevel,h1,0.9,3,1,2,
trajectory_000000:8951,mutual,mutual.CO+T,superlevel,h0,0.1,6,8,2,
trajectory_000000:8951,mutual,mutual.CO+T,superlevel,h0,0.25,14,2,12,
trajectory_000000:8951,mutual,mutual.CO+T,superlevel,h0,0.5,2,2,0,
trajectory_000000:8951,mutual,mutual.CO+T,superlevel,h0,0.75,110,2,108,
trajectory_000000:8951,mutual,mutual.CO+T,superlevel,h0,0.9,1,2,1,
trajectory_000000:8951,mutual,mutual.CO+T,superlevel,h1,0.1,0,0,0,
trajectory_000000:8951,mutual,mutual.CO+T,superlevel,h1,0.25,3,2,1,
trajectory_000000:8951,mutual,mutual.CO+T,superlevel,h1,0.5,1,1,0,
trajectory_000000:8951,mutual,mutual.CO+T,superlevel,h1,0.75,0,0,0,
trajectory_000000:8951,mutual,mutual.CO+T,superlevel,h1,0.9,0,0,0,
trajectory_000000:8951,persistence_distance,topology.self.persistence,,,,,,,0.008077527396380901
trajectory_000000:8951,persistence_distance,topology.mutual.persistence,,,,,,,0.0029079460073262453
trajectory_000000:8951,persistence_distance,topology.component_weighted_total_before_outer_family_weight,,,,,,,0.010985473170876503
trajectory_000000:8951,dimension_distance_diagnostic,topology.self.CO.h0,,,,,,,0.027872378006577492
trajectory_000000:8951,dimension_distance_diagnostic,topology.self.CO.h1,,,,,,,0.0015012167859822512
trajectory_000000:8951,dimension_distance_diagnostic,topology.self.T.h0,,,,,,,0.0027402634732425213
trajectory_000000:8951,dimension_distance_diagnostic,topology.self.T.h1,,,,,,,0.00019625146524049342
trajectory_000000:8951,dimension_distance_diagnostic,topology.mutual.CO+T.h0,,,,,,,0.00456355232745409
trajectory_000000:8951,dimension_distance_diagnostic,topology.mutual.CO+T.h1,,,,,,,0.001252340036444366
trajectory_000000:8967,self,self.CO,sublevel,h0,0.1,4,1,3,
trajectory_000000:8967,self,self.CO,sublevel,h0,0.25,1,1,0,
trajectory_000000:8967,self,self.CO,sublevel,h0,0.5,7,6,1,
trajectory_000000:8967,self,self.CO,sublevel,h0,0.75,5,2,3,
trajectory_000000:8967,self,self.CO,sublevel,h0,0.9,1,1,0,
trajectory_000000:8967,self,self.CO,sublevel,h1,0.1,63,0,63,
trajectory_000000:8967,self,self.CO,sublevel,h1,0.25,0,0,0,
trajectory_000000:8967,self,self.CO,sublevel,h1,0.5,0,1,1,
trajectory_000000:8967,self,self.CO,sublevel,h1,0.75,2,2,0,
trajectory_000000:8967,self,self.CO,sublevel,h1,0.9,7,7,0,
trajectory_000000:8967,self,self.T,sublevel,h0,0.1,3,3,0,
trajectory_000000:8967,self,self.T,sublevel,h0,0.25,4,5,1,
trajectory_000000:8967,self,self.T,sublevel,h0,0.5,14,5,9,
trajectory_000000:8967,self,self.T,sublevel,h0,0.75,1,1,0,
trajectory_000000:8967,self,self.T,sublevel,h0,0.9,1,1,0,
trajectory_000000:8967,self,self.T,sublevel,h1,0.1,0,0,0,
trajectory_000000:8967,self,self.T,sublevel,h1,0.25,0,0,0,
trajectory_000000:8967,self,self.T,sublevel,h1,0.5,0,0,0,
trajectory_000000:8967,self,self.T,sublevel,h1,0.75,2,2,0,
trajectory_000000:8967,self,self.T,sublevel,h1,0.9,0,3,3,
trajectory_000000:8967,mutual,mutual.CO+T,sublevel,h0,0.1,3,3,0,
trajectory_000000:8967,mutual,mutual.CO+T,sublevel,h0,0.25,4,5,1,
trajectory_000000:8967,mutual,mutual.CO+T,sublevel,h0,0.5,16,14,2,
trajectory_000000:8967,mutual,mutual.CO+T,sublevel,h0,0.75,6,1,5,
trajectory_000000:8967,mutual,mutual.CO+T,sublevel,h0,0.9,1,1,0,
trajectory_000000:8967,mutual,mutual.CO+T,sublevel,h1,0.1,0,0,0,
trajectory_000000:8967,mutual,mutual.CO+T,sublevel,h1,0.25,0,0,0,
trajectory_000000:8967,mutual,mutual.CO+T,sublevel,h1,0.5,0,0,0,
trajectory_000000:8967,mutual,mutual.CO+T,sublevel,h1,0.75,6,10,4,
trajectory_000000:8967,mutual,mutual.CO+T,sublevel,h1,0.9,7,8,1,
trajectory_000000:8967,mutual,mutual.CO+T,sublevel,h0,0.1,4,1,3,
trajectory_000000:8967,mutual,mutual.CO+T,sublevel,h0,0.25,1,1,0,
trajectory_000000:8967,mutual,mutual.CO+T,sublevel,h0,0.5,22,14,8,
trajectory_000000:8967,mutual,mutual.CO+T,sublevel,h0,0.75,6,1,5,
trajectory_000000:8967,mutual,mutual.CO+T,sublevel,h0,0.9,1,1,0,
trajectory_000000:8967,mutual,mutual.CO+T,sublevel,h1,0.1,63,0,63,
trajectory_000000:8967,mutual,mutual.CO+T,sublevel,h1,0.25,0,0,0,
trajectory_000000:8967,mutual,mutual.CO+T,sublevel,h1,0.5,0,0,0,
trajectory_000000:8967,mutual,mutual.CO+T,sublevel,h1,0.75,7,10,3,
trajectory_000000:8967,mutual,mutual.CO+T,sublevel,h1,0.9,7,8,1,
trajectory_000000:8967,mutual,mutual.CO+T,sublevel,h0,0.1,3,3,0,
trajectory_000000:8967,mutual,mutual.CO+T,sublevel,h0,0.25,4,5,1,
trajectory_000000:8967,mutual,mutual.CO+T,sublevel,h0,0.5,20,18,2,
trajectory_000000:8967,mutual,mutual.CO+T,sublevel,h0,0.75,5,2,3,
trajectory_000000:8967,mutual,mutual.CO+T,sublevel,h0,0.9,1,1,0,
trajectory_000000:8967,mutual,mutual.CO+T,sublevel,h1,0.1,0,0,0,
trajectory_000000:8967,mutual,mutual.CO+T,sublevel,h1,0.25,0,0,0,
trajectory_000000:8967,mutual,mutual.CO+T,sublevel,h1,0.5,0,0,0,
trajectory_000000:8967,mutual,mutual.CO+T,sublevel,h1,0.75,2,2,0,
trajectory_000000:8967,mutual,mutual.CO+T,sublevel,h1,0.9,7,7,0,
trajectory_000000:8967,self,self.CO,superlevel,h0,0.1,10,10,0,
trajectory_000000:8967,self,self.CO,superlevel,h0,0.25,4,4,0,
trajectory_000000:8967,self,self.CO,superlevel,h0,0.5,1,3,2,
trajectory_000000:8967,self,self.CO,superlevel,h0,0.75,106,3,103,
trajectory_000000:8967,self,self.CO,superlevel,h0,0.9,1,3,2,
trajectory_000000:8967,self,self.CO,superlevel,h1,0.1,0,0,0,
trajectory_000000:8967,self,self.CO,superlevel,h1,0.25,3,0,3,
trajectory_000000:8967,self,self.CO,superlevel,h1,0.5,0,1,1,
trajectory_000000:8967,self,self.CO,superlevel,h1,0.75,0,0,0,
trajectory_000000:8967,self,self.CO,superlevel,h1,0.9,73,0,73,
trajectory_000000:8967,self,self.T,superlevel,h0,0.1,1,4,3,
trajectory_000000:8967,self,self.T,superlevel,h0,0.25,4,3,1,
trajectory_000000:8967,self,self.T,superlevel,h0,0.5,1,1,0,
trajectory_000000:8967,self,self.T,superlevel,h0,0.75,1,2,1,
trajectory_000000:8967,self,self.T,superlevel,h0,0.9,3,2,1,
trajectory_000000:8967,self,self.T,superlevel,h1,0.1,0,0,0,
trajectory_000000:8967,self,self.T,superlevel,h1,0.25,0,0,0,
trajectory_000000:8967,self,self.T,superlevel,h1,0.5,0,0,0,
trajectory_000000:8967,self,self.T,superlevel,h1,0.75,2,2,0,
trajectory_000000:8967,self,self.T,superlevel,h1,0.9,0,0,0,
trajectory_000000:8967,mutual,mutual.CO+T,superlevel,h0,0.1,2,6,4,
trajectory_000000:8967,mutual,mutual.CO+T,superlevel,h0,0.25,6,3,3,
trajectory_000000:8967,mutual,mutual.CO+T,superlevel,h0,0.5,1,1,0,
trajectory_000000:8967,mutual,mutual.CO+T,superlevel,h0,0.75,1,2,1,
trajectory_000000:8967,mutual,mutual.CO+T,superlevel,h0,0.9,3,2,1,
trajectory_000000:8967,mutual,mutual.CO+T,superlevel,h1,0.1,0,0,0,
trajectory_000000:8967,mutual,mutual.CO+T,superlevel,h1,0.25,1,1,0,
trajectory_000000:8967,mutual,mutual.CO+T,superlevel,h1,0.5,0,0,0,
trajectory_000000:8967,mutual,mutual.CO+T,superlevel,h1,0.75,2,2,0,
trajectory_000000:8967,mutual,mutual.CO+T,superlevel,h1,0.9,0,0,0,
trajectory_000000:8967,mutual,mutual.CO+T,superlevel,h0,0.1,23,9,14,
trajectory_000000:8967,mutual,mutual.CO+T,superlevel,h0,0.25,4,8,4,
trajectory_000000:8967,mutual,mutual.CO+T,superlevel,h0,0.5,1,2,1,
trajectory_000000:8967,mutual,mutual.CO+T,superlevel,h0,0.75,1,2,1,
trajectory_000000:8967,mutual,mutual.CO+T,superlevel,h0,0.9,3,2,1,
trajectory_000000:8967,mutual,mutual.CO+T,superlevel,h1,0.1,0,0,0,
trajectory_000000:8967,mutual,mutual.CO+T,superlevel,h1,0.25,2,0,2,
trajectory_000000:8967,mutual,mutual.CO+T,superlevel,h1,0.5,0,0,0,
trajectory_000000:8967,mutual,mutual.CO+T,superlevel,h1,0.75,2,2,0,
trajectory_000000:8967,mutual,mutual.CO+T,superlevel,h1,0.9,0,0,0,
trajectory_000000:8967,mutual,mutual.CO+T,superlevel,h0,0.1,2,8,6,
trajectory_000000:8967,mutual,mutual.CO+T,superlevel,h0,0.25,4,6,2,
trajectory_000000:8967,mutual,mutual.CO+T,superlevel,h0,0.5,1,3,2,
trajectory_000000:8967,mutual,mutual.CO+T,superlevel,h0,0.75,106,3,103,
trajectory_000000:8967,mutual,mutual.CO+T,superlevel,h0,0.9,1,3,2,
trajectory_000000:8967,mutual,mutual.CO+T,superlevel,h1,0.1,1,0,1,
trajectory_000000:8967,mutual,mutual.CO+T,superlevel,h1,0.25,2,0,2,
trajectory_000000:8967,mutual,mutual.CO+T,superlevel,h1,0.5,0,1,1,
trajectory_000000:8967,mutual,mutual.CO+T,superlevel,h1,0.75,0,0,0,
trajectory_000000:8967,mutual,mutual.CO+T,superlevel,h1,0.9,0,0,0,
trajectory_000000:8967,persistence_distance,topology.self.persistence,,,,,,,0.01628451980650425
trajectory_000000:8967,persistence_distance,topology.mutual.persistence,,,,,,,0.002899828366935253
trajectory_000000:8967,persistence_distance,topology.component_weighted_total_before_outer_family_weight,,,,,,,0.019184347242116928
trajectory_000000:8967,dimension_distance_diagnostic,topology.self.CO.h0,,,,,,,0.0566871277987957
trajectory_000000:8967,dimension_distance_diagnostic,topology.self.CO.h1,,,,,,,0.001399925909936428
trajectory_000000:8967,dimension_distance_diagnostic,topology.self.T.h0,,,,,,,0.006976522970944643
trajectory_000000:8967,dimension_distance_diagnostic,topology.self.T.h1,,,,,,,7.450621342286468e-05
trajectory_000000:8967,dimension_distance_diagnostic,topology.mutual.CO+T.h0,,,,,,,0.004530515056103468
trajectory_000000:8967,dimension_distance_diagnostic,topology.mutual.CO+T.h1,,,,,,,0.0012691409792751074
trajectory_000000:8983,self,self.CO,sublevel,h0,0.1,1,6,5,
trajectory_000000:8983,self,self.CO,sublevel,h0,0.25,1,6,5,
trajectory_000000:8983,self,self.CO,sublevel,h0,0.5,3,4,1,
trajectory_000000:8983,self,self.CO,sublevel,h0,0.75,1,4,3,
trajectory_000000:8983,self,self.CO,sublevel,h0,0.9,2,1,1,
trajectory_000000:8983,self,self.CO,sublevel,h1,0.1,0,1,1,
trajectory_000000:8983,self,self.CO,sublevel,h1,0.25,0,1,1,
trajectory_000000:8983,self,self.CO,sublevel,h1,0.5,0,0,0,
trajectory_000000:8983,self,self.CO,sublevel,h1,0.75,1,0,1,
trajectory_000000:8983,self,self.CO,sublevel,h1,0.9,6,4,2,
trajectory_000000:8983,self,self.T,sublevel,h0,0.1,2,15,13,
trajectory_000000:8983,self,self.T,sublevel,h0,0.25,2,4,2,
trajectory_000000:8983,self,self.T,sublevel,h0,0.5,15,5,10,
trajectory_000000:8983,self,self.T,sublevel,h0,0.75,2,1,1,
trajectory_000000:8983,self,self.T,sublevel,h0,0.9,1,1,0,
trajectory_000000:8983,self,self.T,sublevel,h1,0.1,0,2,2,
trajectory_000000:8983,self,self.T,sublevel,h1,0.25,0,0,0,
trajectory_000000:8983,self,self.T,sublevel,h1,0.5,0,0,0,
trajectory_000000:8983,self,self.T,sublevel,h1,0.75,1,0,1,
trajectory_000000:8983,self,self.T,sublevel,h1,0.9,1,5,4,
trajectory_000000:8983,mutual,mutual.CO+T,sublevel,h0,0.1,2,15,13,
trajectory_000000:8983,mutual,mutual.CO+T,sublevel,h0,0.25,2,4,2,
trajectory_000000:8983,mutual,mutual.CO+T,sublevel,h0,0.5,14,7,7,
trajectory_000000:8983,mutual,mutual.CO+T,sublevel,h0,0.75,10,5,5,
trajectory_000000:8983,mutual,mutual.CO+T,sublevel,h0,0.9,2,1,1,
trajectory_000000:8983,mutual,mutual.CO+T,sublevel,h1,0.1,0,2,2,
trajectory_000000:8983,mutual,mutual.CO+T,sublevel,h1,0.25,0,0,0,
trajectory_000000:8983,mutual,mutual.CO+T,sublevel,h1,0.5,0,0,0,
trajectory_000000:8983,mutual,mutual.CO+T,sublevel,h1,0.75,7,4,3,
trajectory_000000:8983,mutual,mutual.CO+T,sublevel,h1,0.9,9,4,5,
trajectory_000000:8983,mutual,mutual.CO+T,sublevel,h0,0.1,1,6,5,
trajectory_000000:8983,mutual,mutual.CO+T,sublevel,h0,0.25,1,6,5,
trajectory_000000:8983,mutual,mutual.CO+T,sublevel,h0,0.5,20,15,5,
trajectory_000000:8983,mutual,mutual.CO+T,sublevel,h0,0.75,10,5,5,
trajectory_000000:8983,mutual,mutual.CO+T,sublevel,h0,0.9,2,1,1,
trajectory_000000:8983,mutual,mutual.CO+T,sublevel,h1,0.1,0,1,1,
trajectory_000000:8983,mutual,mutual.CO+T,sublevel,h1,0.25,0,1,1,
trajectory_000000:8983,mutual,mutual.CO+T,sublevel,h1,0.5,0,0,0,
trajectory_000000:8983,mutual,mutual.CO+T,sublevel,h1,0.75,6,3,3,
trajectory_000000:8983,mutual,mutual.CO+T,sublevel,h1,0.9,9,5,4,
trajectory_000000:8983,mutual,mutual.CO+T,sublevel,h0,0.1,2,15,13,
trajectory_000000:8983,mutual,mutual.CO+T,sublevel,h0,0.25,2,4,2,
trajectory_000000:8983,mutual,mutual.CO+T,sublevel,h0,0.5,20,15,5,
trajectory_000000:8983,mutual,mutual.CO+T,sublevel,h0,0.75,1,4,3,
trajectory_000000:8983,mutual,mutual.CO+T,sublevel,h0,0.9,2,1,1,
trajectory_000000:8983,mutual,mutual.CO+T,sublevel,h1,0.1,0,2,2,
trajectory_000000:8983,mutual,mutual.CO+T,sublevel,h1,0.25,0,0,0,
trajectory_000000:8983,mutual,mutual.CO+T,sublevel,h1,0.5,0,0,0,
trajectory_000000:8983,mutual,mutual.CO+T,sublevel,h1,0.75,1,0,1,
trajectory_000000:8983,mutual,mutual.CO+T,sublevel,h1,0.9,6,4,2,
trajectory_000000:8983,self,self.CO,superlevel,h0,0.1,7,7,0,
trajectory_000000:8983,self,self.CO,superlevel,h0,0.25,3,1,2,
trajectory_000000:8983,self,self.CO,superlevel,h0,0.5,1,1,0,
trajectory_000000:8983,self,self.CO,superlevel,h0,0.75,1,8,7,
trajectory_000000:8983,self,self.CO,superlevel,h0,0.9,1,8,7,
trajectory_000000:8983,self,self.CO,superlevel,h1,0.1,1,0,1,
trajectory_000000:8983,self,self.CO,superlevel,h1,0.25,0,1,1,
trajectory_000000:8983,self,self.CO,superlevel,h1,0.5,0,0,0,
trajectory_000000:8983,self,self.CO,superlevel,h1,0.75,75,3,72,
trajectory_000000:8983,self,self.CO,superlevel,h1,0.9,75,3,72,
trajectory_000000:8983,self,self.T,superlevel,h0,0.1,2,7,5,
trajectory_000000:8983,self,self.T,superlevel,h0,0.25,3,1,2,
trajectory_000000:8983,self,self.T,superlevel,h0,0.5,1,1,0,
trajectory_000000:8983,self,self.T,superlevel,h0,0.75,2,8,6,
trajectory_000000:8983,self,self.T,superlevel,h0,0.9,1,5,4,
trajectory_000000:8983,self,self.T,superlevel,h1,0.1,0,0,0,
trajectory_000000:8983,self,self.T,superlevel,h1,0.25,1,0,1,
trajectory_000000:8983,self,self.T,superlevel,h1,0.5,0,0,0,
trajectory_000000:8983,self,self.T,superlevel,h1,0.75,0,3,3,
trajectory_000000:8983,self,self.T,superlevel,h1,0.9,1,3,2,
trajectory_000000:8983,mutual,mutual.CO+T,superlevel,h0,0.1,4,5,1,
trajectory_000000:8983,mutual,mutual.CO+T,superlevel,h0,0.25,4,2,2,
trajectory_000000:8983,mutual,mutual.CO+T,superlevel,h0,0.5,1,1,0,
trajectory_000000:8983,mutual,mutual.CO+T,superlevel,h0,0.75,2,8,6,
trajectory_000000:8983,mutual,mutual.CO+T,superlevel,h0,0.9,1,5,4,
trajectory_000000:8983,mutual,mutual.CO+T,superlevel,h1,0.1,0,1,1,
trajectory_000000:8983,mutual,mutual.CO+T,superlevel,h1,0.25,2,1,1,
trajectory_000000:8983,mutual,mutual.CO+T,superlevel,h1,0.5,0,0,0,
trajectory_000000:8983,mutual,mutual.CO+T,superlevel,h1,0.75,0,3,3,
trajectory_000000:8983,mutual,mutual.CO+T,superlevel,h1,0.9,1,3,2,
trajectory_000000:8983,mutual,mutual.CO+T,superlevel,h0,0.1,7,7,0,
trajectory_000000:8983,mutual,mutual.CO+T,superlevel,h0,0.25,5,5,0,
trajectory_000000:8983,mutual,mutual.CO+T,superlevel,h0,0.5,1,1,0,
trajectory_000000:8983,mutual,mutual.CO+T,superlevel,h0,0.75,2,8,6,
trajectory_000000:8983,mutual,mutual.CO+T,superlevel,h0,0.9,1,5,4,
trajectory_000000:8983,mutual,mutual.CO+T,superlevel,h1,0.1,0,0,0,
trajectory_000000:8983,mutual,mutual.CO+T,superlevel,h1,0.25,2,1,1,
trajectory_000000:8983,mutual,mutual.CO+T,superlevel,h1,0.5,0,0,0,
trajectory_000000:8983,mutual,mutual.CO+T,superlevel,h1,0.75,0,3,3,
trajectory_000000:8983,mutual,mutual.CO+T,superlevel,h1,0.9,1,3,2,
trajectory_000000:8983,mutual,mutual.CO+T,superlevel,h0,0.1,9,8,1,
trajectory_000000:8983,mutual,mutual.CO+T,superlevel,h0,0.25,5,6,1,
trajectory_000000:8983,mutual,mutual.CO+T,superlevel,h0,0.5,1,1,0,
trajectory_000000:8983,mutual,mutual.CO+T,superlevel,h0,0.75,1,8,7,
trajectory_000000:8983,mutual,mutual.CO+T,superlevel,h0,0.9,1,8,7,
trajectory_000000:8983,mutual,mutual.CO+T,superlevel,h1,0.1,0,0,0,
trajectory_000000:8983,mutual,mutual.CO+T,superlevel,h1,0.25,1,2,1,
trajectory_000000:8983,mutual,mutual.CO+T,superlevel,h1,0.5,0,0,0,
trajectory_000000:8983,mutual,mutual.CO+T,superlevel,h1,0.75,0,3,3,
trajectory_000000:8983,mutual,mutual.CO+T,superlevel,h1,0.9,0,3,3,
trajectory_000000:8983,persistence_distance,topology.self.persistence,,,,,,,0.009143266826868057
trajectory_000000:8983,persistence_distance,topology.mutual.persistence,,,,,,,0.0017893085023388267
trajectory_000000:8983,persistence_distance,topology.component_weighted_total_before_outer_family_weight,,,,,,,0.010932574979960918
trajectory_000000:8983,dimension_distance_diagnostic,topology.self.CO.h0,,,,,,,0.03284500911831856
trajectory_000000:8983,dimension_distance_diagnostic,topology.self.CO.h1,,,,,,,0.0012587830424308777
trajectory_000000:8983,dimension_distance_diagnostic,topology.self.T.h0,,,,,,,0.002416892210021615
trajectory_000000:8983,dimension_distance_diagnostic,topology.self.T.h1,,,,,,,5.237994628259912e-05
trajectory_000000:8983,dimension_distance_diagnostic,topology.mutual.CO+T.h0,,,,,,,0.002454231260344386
trajectory_000000:8983,dimension_distance_diagnostic,topology.mutual.CO+T.h1,,,,,,,0.001124385860748589
trajectory_000000:8999,self,self.CO,sublevel,h0,0.1,1,2,1,
trajectory_000000:8999,self,self.CO,sublevel,h0,0.25,1,2,1,
trajectory_000000:8999,self,self.CO,sublevel,h0,0.5,4,15,11,
trajectory_000000:8999,self,self.CO,sublevel,h0,0.75,2,3,1,
trajectory_000000:8999,self,self.CO,sublevel,h0,0.9,1,2,1,
trajectory_000000:8999,self,self.CO,sublevel,h1,0.1,0,0,0,
trajectory_000000:8999,self,self.CO,sublevel,h1,0.25,0,0,0,
trajectory_000000:8999,self,self.CO,sublevel,h1,0.5,0,0,0,
trajectory_000000:8999,self,self.CO,sublevel,h1,0.75,4,1,3,
trajectory_000000:8999,self,self.CO,sublevel,h1,0.9,5,4,1,
trajectory_000000:8999,self,self.T,sublevel,h0,0.1,3,1,2,
trajectory_000000:8999,self,self.T,sublevel,h0,0.25,3,2,1,
trajectory_000000:8999,self,self.T,sublevel,h0,0.5,12,6,6,
trajectory_000000:8999,self,self.T,sublevel,h0,0.75,1,1,0,
trajectory_000000:8999,self,self.T,sublevel,h0,0.9,1,1,0,
trajectory_000000:8999,self,self.T,sublevel,h1,0.1,0,5,5,
trajectory_000000:8999,self,self.T,sublevel,h1,0.25,0,0,0,
trajectory_000000:8999,self,self.T,sublevel,h1,0.5,0,0,0,
trajectory_000000:8999,self,self.T,sublevel,h1,0.75,3,0,3,
trajectory_000000:8999,self,self.T,sublevel,h1,0.9,5,4,1,
trajectory_000000:8999,mutual,mutual.CO+T,sublevel,h0,0.1,3,1,2,
trajectory_000000:8999,mutual,mutual.CO+T,sublevel,h0,0.25,3,2,1,
trajectory_000000:8999,mutual,mutual.CO+T,sublevel,h0,0.5,15,5,10,
trajectory_000000:8999,mutual,mutual.CO+T,sublevel,h0,0.75,12,2,10,
trajectory_000000:8999,mutual,mutual.CO+T,sublevel,h0,0.9,1,2,1,
trajectory_000000:8999,mutual,mutual.CO+T,sublevel,h1,0.1,0,5,5,
trajectory_000000:8999,mutual,mutual.CO+T,sublevel,h1,0.25,0,0,0,
trajectory_000000:8999,mutual,mutual.CO+T,sublevel,h1,0.5,0,0,0,
trajectory_000000:8999,mutual,mutual.CO+T,sublevel,h1,0.75,5,7,2,
trajectory_000000:8999,mutual,mutual.CO+T,sublevel,h1,0.9,5,4,1,
trajectory_000000:8999,mutual,mutual.CO+T,sublevel,h0,0.1,1,2,1,
trajectory_000000:8999,mutual,mutual.CO+T,sublevel,h0,0.25,1,2,1,
trajectory_000000:8999,mutual,mutual.CO+T,sublevel,h0,0.5,19,16,3,
trajectory_000000:8999,mutual,mutual.CO+T,sublevel,h0,0.75,8,2,6,
trajectory_000000:8999,mutual,mutual.CO+T,sublevel,h0,0.9,1,2,1,
trajectory_000000:8999,mutual,mutual.CO+T,sublevel,h1,0.1,0,0,0,
trajectory_000000:8999,mutual,mutual.CO+T,sublevel,h1,0.25,0,0,0,
trajectory_000000:8999,mutual,mutual.CO+T,sublevel,h1,0.5,0,0,0,
trajectory_000000:8999,mutual,mutual.CO+T,sublevel,h1,0.75,4,9,5,
trajectory_000000:8999,mutual,mutual.CO+T,sublevel,h1,0.9,5,4,1,
trajectory_000000:8999,mutual,mutual.CO+T,sublevel,h0,0.1,3,1,2,
trajectory_000000:8999,mutual,mutual.CO+T,sublevel,h0,0.25,3,2,1,
trajectory_000000:8999,mutual,mutual.CO+T,sublevel,h0,0.5,21,17,4,
trajectory_000000:8999,mutual,mutual.CO+T,sublevel,h0,0.75,2,3,1,
trajectory_000000:8999,mutual,mutual.CO+T,sublevel,h0,0.9,1,2,1,
trajectory_000000:8999,mutual,mutual.CO+T,sublevel,h1,0.1,0,5,5,
trajectory_000000:8999,mutual,mutual.CO+T,sublevel,h1,0.25,0,0,0,
trajectory_000000:8999,mutual,mutual.CO+T,sublevel,h1,0.5,0,0,0,
trajectory_000000:8999,mutual,mutual.CO+T,sublevel,h1,0.75,4,1,3,
trajectory_000000:8999,mutual,mutual.CO+T,sublevel,h1,0.9,5,4,1,
trajectory_000000:8999,self,self.CO,superlevel,h0,0.1,8,5,3,
trajectory_000000:8999,self,self.CO,superlevel,h0,0.25,5,2,3,
trajectory_000000:8999,self,self.CO,superlevel,h0,0.5,1,1,0,
trajectory_000000:8999,self,self.CO,superlevel,h0,0.75,1,2,1,
trajectory_000000:8999,self,self.CO,superlevel,h0,0.9,1,2,1,
trajectory_000000:8999,self,self.CO,superlevel,h1,0.1,0,0,0,
trajectory_000000:8999,self,self.CO,superlevel,h1,0.25,0,2,2,
trajectory_000000:8999,self,self.CO,superlevel,h1,0.5,0,3,3,
trajectory_000000:8999,self,self.CO,superlevel,h1,0.75,84,1,83,
trajectory_000000:8999,self,self.CO,superlevel,h1,0.9,84,1,83,
trajectory_000000:8999,self,self.T,superlevel,h0,0.1,7,4,3,
trajectory_000000:8999,self,self.T,superlevel,h0,0.25,7,1,6,
trajectory_000000:8999,self,self.T,superlevel,h0,0.5,1,1,0,
trajectory_000000:8999,self,self.T,superlevel,h0,0.75,1,1,0,
trajectory_000000:8999,self,self.T,superlevel,h0,0.9,2,8,6,
trajectory_000000:8999,self,self.T,superlevel,h1,0.1,0,0,0,
trajectory_000000:8999,self,self.T,superlevel,h1,0.25,0,0,0,
trajectory_000000:8999,self,self.T,superlevel,h1,0.5,1,0,1,
trajectory_000000:8999,self,self.T,superlevel,h1,0.75,0,1,1,
trajectory_000000:8999,self,self.T,superlevel,h1,0.9,0,0,0,
trajectory_000000:8999,mutual,mutual.CO+T,superlevel,h0,0.1,4,4,0,
trajectory_000000:8999,mutual,mutual.CO+T,superlevel,h0,0.25,10,4,6,
trajectory_000000:8999,mutual,mutual.CO+T,superlevel,h0,0.5,1,1,0,
trajectory_000000:8999,mutual,mutual.CO+T,superlevel,h0,0.75,1,1,0,
trajectory_000000:8999,mutual,mutual.CO+T,superlevel,h0,0.9,2,8,6,
trajectory_000000:8999,mutual,mutual.CO+T,superlevel,h1,0.1,0,0,0,
trajectory_000000:8999,mutual,mutual.CO+T,superlevel,h1,0.25,3,0,3,
trajectory_000000:8999,mutual,mutual.CO+T,superlevel,h1,0.5,1,0,1,
trajectory_000000:8999,mutual,mutual.CO+T,superlevel,h1,0.75,0,1,1,
trajectory_000000:8999,mutual,mutual.CO+T,superlevel,h1,0.9,0,0,0,
trajectory_000000:8999,mutual,mutual.CO+T,superlevel,h0,0.1,9,12,3,
trajectory_000000:8999,mutual,mutual.CO+T,superlevel,h0,0.25,4,2,2,
trajectory_000000:8999,mutual,mutual.CO+T,superlevel,h0,0.5,1,1,0,
trajectory_000000:8999,mutual,mutual.CO+T,superlevel,h0,0.75,1,1,0,
trajectory_000000:8999,mutual,mutual.CO+T,superlevel,h0,0.9,2,8,6,
trajectory_000000:8999,mutual,mutual.CO+T,superlevel,h1,0.1,0,0,0,
trajectory_000000:8999,mutual,mutual.CO+T,superlevel,h1,0.25,1,2,1,
trajectory_000000:8999,mutual,mutual.CO+T,superlevel,h1,0.5,1,0,1,
trajectory_000000:8999,mutual,mutual.CO+T,superlevel,h1,0.75,0,1,1,
trajectory_000000:8999,mutual,mutual.CO+T,superlevel,h1,0.9,0,0,0,
trajectory_000000:8999,mutual,mutual.CO+T,superlevel,h0,0.1,12,11,1,
trajectory_000000:8999,mutual,mutual.CO+T,superlevel,h0,0.25,4,2,2,
trajectory_000000:8999,mutual,mutual.CO+T,superlevel,h0,0.5,1,1,0,
trajectory_000000:8999,mutual,mutual.CO+T,superlevel,h0,0.75,1,2,1,
trajectory_000000:8999,mutual,mutual.CO+T,superlevel,h0,0.9,1,2,1,
trajectory_000000:8999,mutual,mutual.CO+T,superlevel,h1,0.1,1,0,1,
trajectory_000000:8999,mutual,mutual.CO+T,superlevel,h1,0.25,1,2,1,
trajectory_000000:8999,mutual,mutual.CO+T,superlevel,h1,0.5,0,3,3,
trajectory_000000:8999,mutual,mutual.CO+T,superlevel,h1,0.75,84,1,83,
trajectory_000000:8999,mutual,mutual.CO+T,superlevel,h1,0.9,84,1,83,
trajectory_000000:8999,persistence_distance,topology.self.persistence,,,,,,,0.0031411834061145782
trajectory_000000:8999,persistence_distance,topology.mutual.persistence,,,,,,,0.0026493973564356565
trajectory_000000:8999,persistence_distance,topology.component_weighted_total_before_outer_family_weight,,,,,,,0.0057905809953808784
trajectory_000000:8999,dimension_distance_diagnostic,topology.self.CO.h0,,,,,,,0.0068903230130672455
trajectory_000000:8999,dimension_distance_diagnostic,topology.self.CO.h1,,,,,,,0.0014586412580683827
trajectory_000000:8999,dimension_distance_diagnostic,topology.self.T.h0,,,,,,,0.004064347594976425
trajectory_000000:8999,dimension_distance_diagnostic,topology.self.T.h1,,,,,,,0.00015142127813305706
trajectory_000000:8999,dimension_distance_diagnostic,topology.mutual.CO+T.h0,,,,,,,0.004047164227813482
trajectory_000000:8999,dimension_distance_diagnostic,topology.mutual.CO+T.h1,,,,,,,0.0012516306014731526
