sample_id,metric_kind,metric,direction,dimension,reference_quantile,reference_betti,reconstruction_betti,absolute_count_error,value
trajectory_000000:8000,self,self.CO,sublevel,h0,0.1,3,1,2,
trajectory_000000:8000,self,self.CO,sublevel,h0,0.25,3,1,2,
trajectory_000000:8000,self,self.CO,sublevel,h0,0.5,1,7,6,
trajectory_000000:8000,self,self.CO,sublevel,h0,0.75,2,1,1,
trajectory_000000:8000,self,self.CO,sublevel,h0,0.9,2,1,1,
trajectory_000000:8000,self,self.CO,sublevel,h1,0.1,105,0,105,
trajectory_000000:8000,self,self.CO,sublevel,h1,0.25,105,0,105,
trajectory_000000:8000,self,self.CO,sublevel,h1,0.5,0,0,0,
trajectory_000000:8000,self,self.CO,sublevel,h1,0.75,2,2,0,
trajectory_000000:8000,self,self.CO,sublevel,h1,0.9,5,5,0,
trajectory_000000:8000,self,self.T,sublevel,h0,0.1,2,1,1,
trajectory_000000:8000,self,self.T,sublevel,h0,0.25,2,6,4,
trajectory_000000:8000,self,self.T,sublevel,h0,0.5,1,2,1,
trajectory_000000:8000,self,self.T,sublevel,h0,0.75,2,1,1,
trajectory_000000:8000,self,self.T,sublevel,h0,0.9,1,1,0,
trajectory_000000:8000,self,self.T,sublevel,h1,0.1,0,4,4,
trajectory_000000:8000,self,self.T,sublevel,h1,0.25,0,0,0,
trajectory_000000:8000,self,self.T,sublevel,h1,0.5,0,0,0,
trajectory_000000:8000,self,self.T,sublevel,h1,0.75,2,4,2,
trajectory_000000:8000,self,self.T,sublevel,h1,0.9,0,0,0,
trajectory_000000:8000,mutual,mutual.CO+T,sublevel,h0,0.1,2,1,1,
trajectory_000000:8000,mutual,mutual.CO+T,sublevel,h0,0.25,2,6,4,
trajectory_000000:8000,mutual,mutual.CO+T,sublevel,h0,0.5,1,2,1,
trajectory_000000:8000,mutual,mutual.CO+T,sublevel,h0,0.75,7,9,2,
trajectory_000000:8000,mutual,mutual.CO+T,sublevel,h0,0.9,1,1,0,
trajectory_000000:8000,mutual,mutual.CO+T,sublevel,h1,0.1,0,4,4,
trajectory_000000:8000,mutual,mutual.CO+T,sublevel,h1,0.25,0,0,0,
trajectory_000000:8000,mutual,mutual.CO+T,sublevel,h1,0.5,0,0,0,
trajectory_000000:8000,mutual,mutual.CO+T,sublevel,h1,0.75,3,3,0,
trajectory_000000:8000,mutual,mutual.CO+T,sublevel,h1,0.9,9,13,4,
trajectory_000000:8000,mutual,mutual.CO+T,sublevel,h0,0.1,1,1,0,
trajectory_000000:8000,mutual,mutual.CO+T,sublevel,h0,0.25,1,1,0,
trajectory_000000:8000,mutual,mutual.CO+T,sublevel,h0,0.5,1,7,6,
trajectory_000000:8000,mutual,mutual.CO+T,sublevel,h0,0.75,9,10,1,
trajectory_000000:8000,mutual,mutual.CO+T,sublevel,h0,0.9,1,1,0,
trajectory_000000:8000,mutual,mutual.CO+T,sublevel,h1,0.1,1,0,1,
trajectory_000000:8000,mutual,mutual.CO+T,sublevel,h1,0.25,1,0,1,
trajectory_000000:8000,mutual,mutual.CO+T,sublevel,h1,0.5,0,0,0,
trajectory_000000:8000,mutual,mutual.CO+T,sublevel,h1,0.75,3,3,0,
trajectory_000000:8000,mutual,mutual.CO+T,sublevel,h1,0.9,9,8,1,
trajectory_000000:8000,mutual,mutual.CO+T,sublevel,h0,0.1,2,1,1,
trajectory_000000:8000,mutual,mutual.CO+T,sublevel,h0,0.25,2,6,4,
trajectory_000000:8000,mutual,mutual.CO+T,sublevel,h0,0.5,1,2,1,
trajectory_000000:8000,mutual,mutual.CO+T,sublevel,h0,0.75,3,3,0,
trajectory_000000:8000,mutual,mutual.CO+T,sublevel,h0,0.9,2,1,1,
trajectory_000000:8000,mutual,mutual.CO+T,sublevel,h1,0.1,0,4,4,
trajectory_000000:8000,mutual,mutual.CO+T,sublevel,h1,0.25,0,0,0,
trajectory_000000:8000,mutual,mutual.CO+T,sublevel,h1,0.5,0,0,0,
trajectory_000000:8000,mutual,mutual.CO+T,sublevel,h1,0.75,3,2,1,
trajectory_000000:8000,mutual,mutual.CO+T,sublevel,h1,0.9,5,5,0,
trajectory_000000:8000,self,self.CO,superlevel,h0,0.1,6,7,1,
trajectory_000000:8000,self,self.CO,superlevel,h0,0.25,4,3,1,
trajectory_000000:8000,self,self.CO,superlevel,h0,0.5,1,1,0,
trajectory_000000:8000,self,self.CO,superlevel,h0,0.75,1,1,0,
trajectory_000000:8000,self,self.CO,superlevel,h0,0.9,1,1,0,
trajectory_000000:8000,self,self.CO,superlevel,h1,0.1,0,0,0,
trajectory_000000:8000,self,self.CO,superlevel,h1,0.25,1,0,1,
trajectory_000000:8000,self,self.CO,superlevel,h1,0.5,0,6,6,
trajectory_000000:8000,self,self.CO,superlevel,h1,0.75,122,1,121,
trajectory_000000:8000,self,self.CO,superlevel,h1,0.9,122,1,121,
trajectory_000000:8000,self,self.T,superlevel,h0,0.1,1,1,0,
trajectory_000000:8000,self,self.T,superlevel,h0,0.25,3,5,2,
trajectory_000000:8000,self,self.T,superlevel,h0,0.5,2,3,1,
trajectory_000000:8000,self,self.T,superlevel,h0,0.75,1,7,6,
trajectory_000000:8000,self,self.T,superlevel,h0,0.9,1,6,5,
trajectory_000000:8000,self,self.T,superlevel,h1,0.1,0,0,0,
trajectory_000000:8000,self,self.T,superlevel,h1,0.25,0,0,0,
trajectory_000000:8000,self,self.T,superlevel,h1,0.5,0,1,1,
trajectory_000000:8000,self,self.T,superlevel,h1,0.75,0,3,3,
trajectory_000000:8000,self,self.T,superlevel,h1,0.9,1,0,1,
trajectory_000000:8000,mutual,mutual.CO+T,superlevel,h0,0.1,2,3,1,
trajectory_000000:8000,mutual,mutual.CO+T,superlevel,h0,0.25,3,2,1,
trajectory_000000:8000,mutual,mutual.CO+T,superlevel,h0,0.5,2,3,1,
trajectory_000000:8000,mutual,mutual.CO+T,superlevel,h0,0.75,1,7,6,
trajectory_000000:8000,mutual,mutual.CO+T,superlevel,h0,0.9,1,6,5,
trajectory_000000:8000,mutual,mutual.CO+T,superlevel,h1,0.1,0,0,0,
trajectory_000000:8000,mutual,mutual.CO+T,superlevel,h1,0.25,0,0,0,
trajectory_000000:8000,mutual,mutual.CO+T,superlevel,h1,0.5,0,1,1,
trajectory_000000:8000,mutual,mutual.CO+T,superlevel,h1,0.75,0,3,3,
trajectory_000000:8000,mutual,mutual.CO+T,superlevel,h1,0.9,1,0,1,
trajectory_000000:8000,mutual,mutual.CO+T,superlevel,h0,0.1,4,6,2,
trajectory_000000:8000,mutual,mutual.CO+T,superlevel,h0,0.25,4,3,1,
trajectory_000000:8000,mutual,mutual.CO+T,superlevel,h0,0.5,2,3,1,
trajectory_000000:8000,mutual,mutual.CO+T,superlevel,h0,0.75,1,7,6,
trajectory_000000:8000,mutual,mutual.CO+T,superlevel,h0,0.9,1,6,5,
trajectory_000000:8000,mutual,mutual.CO+T,superlevel,h1,0.1,0,0,0,
trajectory_000000:8000,mutual,mutual.CO+T,superlevel,h1,0.25,0,0,0,
trajectory_000000:8000,mutual,mutual.CO+T,superlevel,h1,0.5,0,1,1,
trajectory_000000:8000,mutual,mutual.CO+T,superlevel,h1,0.75,0,3,3,
trajectory_000000:8000,mutual,mutual.CO+T,superlevel,h1,0.9,1,0,1,
trajectory_000000:8000,mutual,mutual.CO+T,superlevel,h0,0.1,5,2,3,
trajectory_000000:8000,mutual,mutual.CO+T,superlevel,h0,0.25,4,3,1,
trajectory_000000:8000,mutual,mutual.CO+T,superlevel,h0,0.5,1,1,0,
trajectory_000000:8000,mutual,mutual.CO+T,superlevel,h0,0.75,1,1,0,
trajectory_000000:8000,mutual,mutual.CO+T,superlevel,h0,0.9,1,1,0,
trajectory_000000:8000,mutual,mutual.CO+T,superlevel,h1,0.1,0,2,2,
trajectory_000000:8000,mutual,mutual.CO+T,superlevel,h1,0.25,0,0,0,
trajectory_000000:8000,mutual,mutual.CO+T,superlevel,h1,0.5,0,6,6,
trajectory_000000:8000,mutual,mutual.CO+T,superlevel,h1,0.75,122,1,121,
trajectory_000000:8000,mutual,mutual.CO+T,superlevel,h1,0.9,122,1,121,
trajectory_000000:8000,persistence_distance,topology.self.persistence,,,,,,,0.004969067871570587
trajectory_000000:8000,persistence_distance,topology.mutual.persistence,,,,,,,0.0005721874185837805
trajectory_000000:8000,persistence_distance,topology.component_weighted_total_before_outer_family_weight,,,,,,,0.005541255231946707
trajectory_000000:8000,dimension_distance_diagnostic,topology.self.CO.h0,,,,,,,0.018331384286284447
trajectory_000000:8000,dimension_distance_diagnostic,topology.self.CO.h1,,,,,,,0.0006826623575761914
trajectory_000000:8000,dimension_distance_diagnostic,topology.self.T.h0,,,,,,,0.0007497922633774579
trajectory_000000:8000,dimension_distance_diagnostic,topology.self.T.h1,,,,,,,0.00011243431799812242
trajectory_000000:8000,dimension_distance_diagnostic,topology.mutual.CO+T.h0,,,,,,,0.0005903863348066807
trajectory_000000:8000,dimension_distance_diagnostic,topology.mutual.CO+T.h1,,,,,,,0.0005539885605685413
trajectory_000000:8015,self,self.CO,sublevel,h0,0.1,1,16,15,
trajectory_000000:8015,self,self.CO,sublevel,h0,0.25,1,16,15,
trajectory_000000:8015,self,self.CO,sublevel,h0,0.5,1,8,7,
trajectory_000000:8015,self,self.CO,sublevel,h0,0.75,2,4,2,
trajectory_000000:8015,self,self.CO,sublevel,h0,0.9,3,1,2,
trajectory_000000:8015,self,self.CO,sublevel,h1,0.1,98,2,96,
trajectory_000000:8015,self,self.CO,sublevel,h1,0.25,98,2,96,
trajectory_000000:8015,self,self.CO,sublevel,h1,0.5,0,10,10,
trajectory_000000:8015,self,self.CO,sublevel,h1,0.75,0,0,0,
trajectory_000000:8015,self,self.CO,sublevel,h1,0.9,3,3,0,
trajectory_000000:8015,self,self.T,sublevel,h0,0.1,2,3,1,
trajectory_000000:8015,self,self.T,sublevel,h0,0.25,1,6,5,
trajectory_000000:8015,self,self.T,sublevel,h0,0.5,1,7,6,
trajectory_000000:8015,self,self.T,sublevel,h0,0.75,2,1,1,
trajectory_000000:8015,self,self.T,sublevel,h0,0.9,1,2,1,
trajectory_000000:8015,self,self.T,sublevel,h1,0.1,0,1,1,
trajectory_000000:8015,self,self.T,sublevel,h1,0.25,0,0,0,
trajectory_000000:8015,self,self.T,sublevel,h1,0.5,0,2,2,
trajectory_000000:8015,self,self.T,sublevel,h1,0.75,5,1,4,
trajectory_000000:8015,self,self.T,sublevel,h1,0.9,1,2,1,
trajectory_000000:8015,mutual,mutual.CO+T,sublevel,h0,0.1,2,3,1,
trajectory_000000:8015,mutual,mutual.CO+T,sublevel,h0,0.25,1,6,5,
trajectory_000000:8015,mutual,mutual.CO+T,sublevel,h0,0.5,1,7,6,
trajectory_000000:8015,mutual,mutual.CO+T,sublevel,h0,0.75,4,9,5,
trajectory_000000:8015,mutual,mutual.CO+T,sublevel,h0,0.9,5,8,3,
trajectory_000000:8015,mutual,mutual.CO+T,sublevel,h1,0.1,0,1,1,
trajectory_000000:8015,mutual,mutual.CO+T,sublevel,h1,0.25,0,0,0,
trajectory_000000:8015,mutual,mutual.CO+T,sublevel,h1,0.5,0,2,2,
trajectory_000000:8015,mutual,mutual.CO+T,sublevel,h1,0.75,1,4,3,
trajectory_000000:8015,mutual,mutual.CO+T,sublevel,h1,0.9,4,7,3,
trajectory_000000:8015,mutual,mutual.CO+T,sublevel,h0,0.1,1,16,15,
trajectory_000000:8015,mutual,mutual.CO+T,sublevel,h0,0.25,1,16,15,
trajectory_000000:8015,mutual,mutual.CO+T,sublevel,h0,0.5,1,8,7,
trajectory_000000:8015,mutual,mutual.CO+T,sublevel,h0,0.75,4,10,6,
trajectory_000000:8015,mutual,mutual.CO+T,sublevel,h0,0.9,5,4,1,
trajectory_000000:8015,mutual,mutual.CO+T,sublevel,h1,0.1,1,2,1,
trajectory_000000:8015,mutual,mutual.CO+T,sublevel,h1,0.25,1,2,1,
trajectory_000000:8015,mutual,mutual.CO+T,sublevel,h1,0.5,0,10,10,
trajectory_000000:8015,mutual,mutual.CO+T,sublevel,h1,0.75,1,5,4,
trajectory_000000:8015,mutual,mutual.CO+T,sublevel,h1,0.9,5,10,5,
trajectory_000000:8015,mutual,mutual.CO+T,sublevel,h0,0.1,2,3,1,
trajectory_000000:8015,mutual,mutual.CO+T,sublevel,h0,0.25,1,6,5,
trajectory_000000:8015,mutual,mutual.CO+T,sublevel,h0,0.5,1,7,6,
trajectory_000000:8015,mutual,mutual.CO+T,sublevel,h0,0.75,2,4,2,
trajectory_000000:8015,mutual,mutual.CO+T,sublevel,h0,0.9,3,1,2,
trajectory_000000:8015,mutual,mutual.CO+T,sublevel,h1,0.1,0,1,1,
trajectory_000000:8015,mutual,mutual.CO+T,sublevel,h1,0.25,0,0,0,
trajectory_000000:8015,mutual,mutual.CO+T,sublevel,h1,0.5,0,2,2,
trajectory_000000:8015,mutual,mutual.CO+T,sublevel,h1,0.75,0,0,0,
trajectory_000000:8015,mutual,mutual.CO+T,sublevel,h1,0.9,3,3,0,
trajectory_000000:8015,self,self.CO,superlevel,h0,0.1,6,4,2,
trajectory_000000:8015,self,self.CO,superlevel,h0,0.25,2,1,1,
trajectory_000000:8015,self,self.CO,superlevel,h0,0.5,1,17,16,
trajectory_000000:8015,self,self.CO,superlevel,h0,0.75,1,4,3,
trajectory_000000:8015,self,self.CO,superlevel,h0,0.9,1,4,3,
trajectory_000000:8015,self,self.CO,superlevel,h1,0.1,0,0,0,
trajectory_000000:8015,self,self.CO,superlevel,h1,0.25,1,2,1,
trajectory_000000:8015,self,self.CO,superlevel,h1,0.5,0,3,3,
trajectory_000000:8015,self,self.CO,superlevel,h1,0.75,114,11,103,
trajectory_000000:8015,self,self.CO,superlevel,h1,0.9,114,11,103,
trajectory_000000:8015,self,self.T,superlevel,h0,0.1,2,4,2,
trajectory_000000:8015,self,self.T,superlevel,h0,0.25,9,2,7,
trajectory_000000:8015,self,self.T,superlevel,h0,0.5,1,4,3,
trajectory_000000:8015,self,self.T,superlevel,h0,0.75,1,1,0,
trajectory_000000:8015,self,self.T,superlevel,h0,0.9,1,4,3,
trajectory_000000:8015,self,self.T,superlevel,h1,0.1,0,1,1,
trajectory_000000:8015,self,self.T,superlevel,h1,0.25,0,0,0,
trajectory_000000:8015,self,self.T,superlevel,h1,0.5,0,4,4,
trajectory_000000:8015,self,self.T,superlevel,h1,0.75,0,2,2,
trajectory_000000:8015,self,self.T,superlevel,h1,0.9,0,2,2,
trajectory_000000:8015,mutual,mutual.CO+T,superlevel,h0,0.1,3,1,2,
trajectory_000000:8015,mutual,mutual.CO+T,superlevel,h0,0.25,5,2,3,
trajectory_000000:8015,mutual,mutual.CO+T,superlevel,h0,0.5,1,4,3,
trajectory_000000:8015,mutual,mutual.CO+T,superlevel,h0,0.75,1,1,0,
trajectory_000000:8015,mutual,mutual.CO+T,superlevel,h0,0.9,1,4,3,
trajectory_000000:8015,mutual,mutual.CO+T,superlevel,h1,0.1,0,2,2,
trajectory_000000:8015,mutual,mutual.CO+T,superlevel,h1,0.25,1,0,1,
trajectory_000000:8015,mutual,mutual.CO+T,superlevel,h1,0.5,0,4,4,
trajectory_000000:8015,mutual,mutual.CO+T,superlevel,h1,0.75,0,2,2,
trajectory_000000:8015,mutual,mutual.CO+T,superlevel,h1,0.9,0,2,2,
trajectory_000000:8015,mutual,mutual.CO+T,superlevel,h0,0.1,10,4,6,
trajectory_000000:8015,mutual,mutual.CO+T,superlevel,h0,0.25,2,2,0,
trajectory_000000:8015,mutual,mutual.CO+T,superlevel,h0,0.5,1,4,3,
trajectory_000000:8015,mutual,mutual.CO+T,superlevel,h0,0.75,1,1,0,
trajectory_000000:8015,mutual,mutual.CO+T,superlevel,h0,0.9,1,4,3,
trajectory_000000:8015,mutual,mutual.CO+T,superlevel,h1,0.1,0,0,0,
trajectory_000000:8015,mutual,mutual.CO+T,superlevel,h1,0.25,0,1,1,
trajectory_000000:8015,mutual,mutual.CO+T,superlevel,h1,0.5,0,4,4,
trajectory_000000:8015,mutual,mutual.CO+T,superlevel,h1,0.75,0,2,2,
trajectory_000000:8015,mutual,mutual.CO+T,superlevel,h1,0.9,0,2,2,
trajectory_000000:8015,mutual,mutual.CO+T,superlevel,h0,0.1,9,7,2,
trajectory_000000:8015,mutual,mutual.CO+T,superlevel,h0,0.25,3,1,2,
trajectory_000000:8015,mutual,mutual.CO+T,superlevel,h0,0.5,1,17,16,
trajectory_000000:8015,mutual,mutual.CO+T,superlevel,h0,0.75,1,4,3,
trajectory_000000:8015,mutual,mutual.CO+T,superlevel,h0,0.9,1,4,3,
trajectory_000000:8015,mutual,mutual.CO+T,superlevel,h1,0.1,0,0,0,
trajectory_000000:8015,mutual,mutual.CO+T,superlevel,h1,0.25,0,1,1,
trajectory_000000:8015,mutual,mutual.CO+T,superlevel,h1,0.5,0,3,3,
trajectory_000000:8015,mutual,mutual.CO+T,superlevel,h1,0.75,114,11,103,
trajectory_000000:8015,mutual,mutual.CO+T,superlevel,h1,0.9,114,11,103,
trajectory_000000:8015,persistence_distance,topology.self.persistence,,,,,,,0.002508362988010049
trajectory_000000:8015,persistence_distance,topology.mutual.persistence,,,,,,,0.0011947640450671315
trajectory_000000:8015,persistence_distance,topology.component_weighted_total_before_outer_family_weight,,,,,,,0.003703127149492502
trajectory_000000:8015,dimension_distance_diagnostic,topology.self.CO.h0,,,,,,,0.006223511882126331
trajectory_000000:8015,dimension_distance_diagnostic,topology.self.CO.h1,,,,,,,0.0007298849523067474
trajectory_000000:8015,dimension_distance_diagnostic,topology.self.T.h0,,,,,,,0.0028588706627488136
trajectory_000000:8015,dimension_distance_diagnostic,topology.self.T.h1,,,,,,,0.00022118471679277718
trajectory_000000:8015,dimension_distance_diagnostic,topology.mutual.CO+T.h0,,,,,,,0.0017599152633920312
trajectory_000000:8015,dimension_distance_diagnostic,topology.mutual.CO+T.h1,,,,,,,0.0006296128267422318
trajectory_000000:8031,self,self.CO,sublevel,h0,0.1,4,2,2,
trajectory_000000:8031,self,self.CO,sublevel,h0,0.25,4,2,2,
trajectory_000000:8031,self,self.CO,sublevel,h0,0.5,4,2,2,
trajectory_000000:8031,self,self.CO,sublevel,h0,0.75,4,5,1,
trajectory_000000:8031,self,self.CO,sublevel,h0,0.9,5,1,4,
trajectory_000000:8031,self,self.CO,sublevel,h1,0.1,86,5,81,
trajectory_000000:8031,self,self.CO,sublevel,h1,0.25,86,5,81,
trajectory_000000:8031,self,self.CO,sublevel,h1,0.5,0,0,0,
trajectory_000000:8031,self,self.CO,sublevel,h1,0.75,1,3,2,
trajectory_000000:8031,self,self.CO,sublevel,h1,0.9,9,9,0,
trajectory_000000:8031,self,self.T,sublevel,h0,0.1,4,3,1,
trajectory_000000:8031,self,self.T,sublevel,h0,0.25,2,3,1,
trajectory_000000:8031,self,self.T,sublevel,h0,0.5,4,1,3,
trajectory_000000:8031,self,self.T,sublevel,h0,0.75,6,1,5,
trajectory_000000:8031,self,self.T,sublevel,h0,0.9,1,2,1,
trajectory_000000:8031,self,self.T,sublevel,h1,0.1,0,0,0,
trajectory_000000:8031,self,self.T,sublevel,h1,0.25,0,0,0,
trajectory_000000:8031,self,self.T,sublevel,h1,0.5,0,0,0,
trajectory_000000:8031,self,self.T,sublevel,h1,0.75,4,5,1,
trajectory_000000:8031,self,self.T,sublevel,h1,0.9,12,3,9,
trajectory_000000:8031,mutual,mutual.CO+T,sublevel,h0,0.1,4,3,1,
trajectory_000000:8031,mutual,mutual.CO+T,sublevel,h0,0.25,2,3,1,
trajectory_000000:8031,mutual,mutual.CO+T,sublevel,h0,0.5,4,1,3,
trajectory_000000:8031,mutual,mutual.CO+T,sublevel,h0,0.75,23,8,15,
trajectory_000000:8031,mutual,mutual.CO+T,sublevel,h0,0.9,4,2,2,
trajectory_000000:8031,mutual,mutual.CO+T,sublevel,h1,0.1,0,0,0,
trajectory_000000:8031,mutual,mutual.CO+T,sublevel,h1,0.25,0,0,0,
trajectory_000000:8031,mutual,mutual.CO+T,sublevel,h1,0.5,0,0,0,
trajectory_000000:8031,mutual,mutual.CO+T,sublevel,h1,0.75,2,6,4,
trajectory_000000:8031,mutual,mutual.CO+T,sublevel,h1,0.9,13,10,3,
trajectory_000000:8031,mutual,mutual.CO+T,sublevel,h0,0.1,1,2,1,
trajectory_000000:8031,mutual,mutual.CO+T,sublevel,h0,0.25,1,2,1,
trajectory_000000:8031,mutual,mutual.CO+T,sublevel,h0,0.5,4,2,2,
trajectory_000000:8031,mutual,mutual.CO+T,sublevel,h0,0.75,21,7,14,
trajectory_000000:8031,mutual,mutual.CO+T,sublevel,h0,0.9,3,2,1,
trajectory_000000:8031,mutual,mutual.CO+T,sublevel,h1,0.1,0,5,5,
trajectory_000000:8031,mutual,mutual.CO+T,sublevel,h1,0.25,0,5,5,
trajectory_000000:8031,mutual,mutual.CO+T,sublevel,h1,0.5,0,0,0,
trajectory_000000:8031,mutual,mutual.CO+T,sublevel,h1,0.75,3,5,2,
trajectory_000000:8031,mutual,mutual.CO+T,sublevel,h1,0.9,16,11,5,
trajectory_000000:8031,mutual,mutual.CO+T,sublevel,h0,0.1,4,3,1,
trajectory_000000:8031,mutual,mutual.CO+T,sublevel,h0,0.25,2,3,1,
trajectory_000000:8031,mutual,mutual.CO+T,sublevel,h0,0.5,4,1,3,
trajectory_000000:8031,mutual,mutual.CO+T,sublevel,h0,0.75,4,5,1,
trajectory_000000:8031,mutual,mutual.CO+T,sublevel,h0,0.9,5,1,4,
trajectory_000000:8031,mutual,mutual.CO+T,sublevel,h1,0.1,0,0,0,
trajectory_000000:8031,mutual,mutual.CO+T,sublevel,h1,0.25,0,0,0,
trajectory_000000:8031,mutual,mutual.CO+T,sublevel,h1,0.5,0,0,0,
trajectory_000000:8031,mutual,mutual.CO+T,sublevel,h1,0.75,2,3,1,
trajectory_000000:8031,mutual,mutual.CO+T,sublevel,h1,0.9,9,9,0,
trajectory_000000:8031,self,self.CO,superlevel,h0,0.1,15,13,2,
trajectory_000000:8031,self,self.CO,superlevel,h0,0.25,3,4,1,
trajectory_000000:8031,self,self.CO,superlevel,h0,0.5,1,1,0,
trajectory_000000:8031,self,self.CO,superlevel,h0,0.75,1,14,13,
trajectory_000000:8031,self,self.CO,superlevel,h0,0.9,1,14,13,
trajectory_000000:8031,self,self.CO,superlevel,h1,0.1,0,0,0,
trajectory_000000:8031,self,self.CO,superlevel,h1,0.25,2,4,2,
trajectory_000000:8031,self,self.CO,superlevel,h1,0.5,1,1,0,
trajectory_000000:8031,self,self.CO,superlevel,h1,0.75,93,0,93,
trajectory_000000:8031,self,self.CO,superlevel,h1,0.9,93,0,93,
trajectory_000000:8031,self,self.T,superlevel,h0,0.1,13,4,9,
trajectory_000000:8031,self,self.T,superlevel,h0,0.25,6,6,0,
trajectory_000000:8031,self,self.T,superlevel,h0,0.5,1,1,0,
trajectory_000000:8031,self,self.T,superlevel,h0,0.75,2,2,0,
trajectory_000000:8031,self,self.T,superlevel,h0,0.9,1,1,0,
trajectory_000000:8031,self,self.T,superlevel,h1,0.1,0,0,0,
trajectory_000000:8031,self,self.T,superlevel,h1,0.25,5,0,5,
trajectory_000000:8031,self,self.T,superlevel,h1,0.5,1,0,1,
trajectory_000000:8031,self,self.T,superlevel,h1,0.75,0,0,0,
trajectory_000000:8031,self,self.T,superlevel,h1,0.9,2,1,1,
trajectory_000000:8031,mutual,mutual.CO+T,superlevel,h0,0.1,15,5,10,
trajectory_000000:8031,mutual,mutual.CO+T,superlevel,h0,0.25,3,3,0,
trajectory_000000:8031,mutual,mutual.CO+T,superlevel,h0,0.5,1,1,0,
trajectory_000000:8031,mutual,mutual.CO+T,superlevel,h0,0.75,2,2,0,
trajectory_000000:8031,mutual,mutual.CO+T,superlevel,h0,0.9,1,1,0,
trajectory_000000:8031,mutual,mutual.CO+T,superlevel,h1,0.1,1,0,1,
trajectory_000000:8031,mutual,mutual.CO+T,superlevel,h1,0.25,4,1,3,
trajectory_000000:8031,mutual,mutual.CO+T,superlevel,h1,0.5,1,0,1,
trajectory_000000:8031,mutual,mutual.CO+T,superlevel,h1,0.75,0,0,0,
trajectory_000000:8031,mutual,mutual.CO+T,superlevel,h1,0.9,2,1,1,
trajectory_000000:8031,mutual,mutual.CO+T,superlevel,h0,0.1,16,19,3,
trajectory_000000:8031,mutual,mutual.CO+T,superlevel,h0,0.25,5,4,1,
trajectory_000000:8031,mutual,mutual.CO+T,superlevel,h0,0.5,1,1,0,
trajectory_000000:8031,mutual,mutual.CO+T,superlevel,h0,0.75,2,2,0,
trajectory_000000:8031,mutual,mutual.CO+T,superlevel,h0,0.9,1,1,0,
trajectory_000000:8031,mutual,mutual.CO+T,superlevel,h1,0.1,2,1,1,
trajectory_000000:8031,mutual,mutual.CO+T,superlevel,h1,0.25,5,3,2,
trajectory_000000:8031,mutual,mutual.CO+T,superlevel,h1,0.5,1,0,1,
trajectory_000000:8031,mutual,mutual.CO+T,superlevel,h1,0.75,0,0,0,
trajectory_000000:8031,mutual,mutual.CO+T,superlevel,h1,0.9,2,1,1,
trajectory_000000:8031,mutual,mutual.CO+T,superlevel,h0,0.1,18,10,8,
trajectory_000000:8031,mutual,mutual.CO+T,superlevel,h0,0.25,4,4,0,
trajectory_000000:8031,mutual,mutual.CO+T,superlevel,h0,0.5,1,1,0,
trajectory_000000:8031,mutual,mutual.CO+T,superlevel,h0,0.75,1,14,13,
trajectory_000000:8031,mutual,mutual.CO+T,superlevel,h0,0.9,1,14,13,
trajectory_000000:8031,mutual,mutual.CO+T,superlevel,h1,0.1,0,0,0,
trajectory_000000:8031,mutual,mutual.CO+T,superlevel,h1,0.25,4,3,1,
trajectory_000000:8031,mutual,mutual.CO+T,superlevel,h1,0.5,1,1,0,
trajectory_000000:8031,mutual,mutual.CO+T,superlevel,h1,0.75,93,0,93,
trajectory_000000:8031,mutual,mutual.CO+T,superlevel,h1,0.9,93,0,93,
trajectory_000000:8031,persistence_distance,topology.self.persistence,,,,,,,0.004306286573410034
trajectory_000000:8031,persistence_distance,topology.mutual.persistence,,,,,,,0.0014839639188721776
trajectory_000000:8031,persistence_distance,topology.component_weighted_total_before_outer_family_weight,,,,,,,0.00579025037586689
trajectory_000000:8031,dimension_distance_diagnostic,topology.self.CO.h0,,,,,,,0.01330694742500782
trajectory_000000:8031,dimension_distance_diagnostic,topology.self.CO.h1,,,,,,,0.001157756894826889
trajectory_000000:8031,dimension_distance_diagnostic,topology.self.T.h0,,,,,,,0.002398871351033449
trajectory_000000:8031,dimension_distance_diagnostic,topology.self.T.h1,,,,,,,0.00036156957503408194
trajectory_000000:8031,dimension_distance_diagnostic,topology.mutual.CO+T.h0,,,,,,,0.0020204277243465185
trajectory_000000:8031,dimension_distance_diagnostic,topology.mutual.CO+T.h1,,,,,,,0.0009475003462284803
trajectory_000000:8047,self,self.CO,sublevel,h0,0.1,1,2,1,
trajectory_000000:8047,self,self.CO,sublevel,h0,0.25,1,2,1,
trajectory_000000:8047,self,self.CO,sublevel,h0,0.5,7,5,2,
trajectory_000000:8047,self,self.CO,sublevel,h0,0.75,12,1,11,
trajectory_000000:8047,self,self.CO,sublevel,h0,0.9,2,1,1,
trajectory_000000:8047,self,self.CO,sublevel,h1,0.1,0,1,1,
trajectory_000000:8047,self,self.CO,sublevel,h1,0.25,0,1,1,
trajectory_000000:8047,self,self.CO,sublevel,h1,0.5,0,0,0,
trajectory_000000:8047,self,self.CO,sublevel,h1,0.75,6,4,2,
trajectory_000000:8047,self,self.CO,sublevel,h1,0.9,8,6,2,
trajectory_000000:8047,self,self.T,sublevel,h0,0.1,8,6,2,
trajectory_000000:8047,self,self.T,sublevel,h0,0.25,4,3,1,
trajectory_000000:8047,self,self.T,sublevel,h0,0.5,10,4,6,
trajectory_000000:8047,self,self.T,sublevel,h0,0.75,2,1,1,
trajectory_000000:8047,self,self.T,sublevel,h0,0.9,2,1,1,
trajectory_000000:8047,self,self.T,sublevel,h1,0.1,0,0,0,
trajectory_000000:8047,self,self.T,sublevel,h1,0.25,2,0,2,
trajectory_000000:8047,self,self.T,sublevel,h1,0.5,0,0,0,
trajectory_000000:8047,self,self.T,sublevel,h1,0.75,5,1,4,
trajectory_000000:8047,self,self.T,sublevel,h1,0.9,5,5,0,
trajectory_000000:8047,mutual,mutual.CO+T,sublevel,h0,0.1,8,6,2,
trajectory_000000:8047,mutual,mutual.CO+T,sublevel,h0,0.25,4,3,1,
trajectory_000000:8047,mutual,mutual.CO+T,sublevel,h0,0.5,10,4,6,
trajectory_000000:8047,mutual,mutual.CO+T,sublevel,h0,0.75,14,9,5,
trajectory_000000:8047,mutual,mutual.CO+T,sublevel,h0,0.9,1,1,0,
trajectory_000000:8047,mutual,mutual.CO+T,sublevel,h1,0.1,0,0,0,
trajectory_000000:8047,mutual,mutual.CO+T,sublevel,h1,0.25,2,0,2,
trajectory_000000:8047,mutual,mutual.CO+T,sublevel,h1,0.5,0,0,0,
trajectory_000000:8047,mutual,mutual.CO+T,sublevel,h1,0.75,7,4,3,
trajectory_000000:8047,mutual,mutual.CO+T,sublevel,h1,0.9,14,9,5,
trajectory_000000:8047,mutual,mutual.CO+T,sublevel,h0,0.1,1,2,1,
trajectory_000000:8047,mutual,mutual.CO+T,sublevel,h0,0.25,1,2,1,
trajectory_000000:8047,mutual,mutual.CO+T,sublevel,h0,0.5,10,12,2,
trajectory_000000:8047,mutual,mutual.CO+T,sublevel,h0,0.75,14,9,5,
trajectory_000000:8047,mutual,mutual.CO+T,sublevel,h0,0.9,1,1,0,
trajectory_000000:8047,mutual,mutual.CO+T,sublevel,h1,0.1,0,1,1,
trajectory_000000:8047,mutual,mutual.CO+T,sublevel,h1,0.25,0,1,1,
trajectory_000000:8047,mutual,mutual.CO+T,sublevel,h1,0.5,0,0,0,
trajectory_000000:8047,mutual,mutual.CO+T,sublevel,h1,0.75,7,4,3,
trajectory_000000:8047,mutual,mutual.CO+T,sublevel,h1,0.9,14,11,3,
trajectory_000000:8047,mutual,mutual.CO+T,sublevel,h0,0.1,8,6,2,
trajectory_000000:8047,mutual,mutual.CO+T,sublevel,h0,0.25,4,3,1,
trajectory_000000:8047,mutual,mutual.CO+T,sublevel,h0,0.5,12,13,1,
trajectory_000000:8047,mutual,mutual.CO+T,sublevel,h0,0.75,12,1,11,
trajectory_000000:8047,mutual,mutual.CO+T,sublevel,h0,0.9,2,1,1,
trajectory_000000:8047,mutual,mutual.CO+T,sublevel,h1,0.1,0,0,0,
trajectory_000000:8047,mutual,mutual.CO+T,sublevel,h1,0.25,2,0,2,
trajectory_000000:8047,mutual,mutual.CO+T,sublevel,h1,0.5,0,0,0,
trajectory_000000:8047,mutual,mutual.CO+T,sublevel,h1,0.75,6,4,2,
trajectory_000000:8047,mutual,mutual.CO+T,sublevel,h1,0.9,8,6,2,
trajectory_000000:8047,self,self.CO,superlevel,h0,0.1,14,11,3,
trajectory_000000:8047,self,self.CO,superlevel,h0,0.25,12,7,5,
trajectory_000000:8047,self,self.CO,superlevel,h0,0.5,1,1,0,
trajectory_000000:8047,self,self.CO,superlevel,h0,0.75,1,9,8,
trajectory_000000:8047,self,self.CO,superlevel,h0,0.9,1,9,8,
trajectory_000000:8047,self,self.CO,superlevel,h1,0.1,0,0,0,
trajectory_000000:8047,self,self.CO,superlevel,h1,0.25,8,0,8,
trajectory_000000:8047,self,self.CO,superlevel,h1,0.5,2,0,2,
trajectory_000000:8047,self,self.CO,superlevel,h1,0.75,88,0,88,
trajectory_000000:8047,self,self.CO,superlevel,h1,0.9,88,0,88,
trajectory_000000:8047,self,self.T,superlevel,h0,0.1,8,6,2,
trajectory_000000:8047,self,self.T,superlevel,h0,0.25,7,2,5,
trajectory_000000:8047,self,self.T,superlevel,h0,0.5,1,1,0,
trajectory_000000:8047,self,self.T,superlevel,h0,0.75,4,2,2,
trajectory_000000:8047,self,self.T,superlevel,h0,0.9,1,2,1,
trajectory_000000:8047,self,self.T,superlevel,h1,0.1,0,0,0,
trajectory_000000:8047,self,self.T,superlevel,h1,0.25,1,0,1,
trajectory_000000:8047,self,self.T,superlevel,h1,0.5,1,0,1,
trajectory_000000:8047,self,self.T,superlevel,h1,0.75,0,1,1,
trajectory_000000:8047,self,self.T,superlevel,h1,0.9,4,4,0,
trajectory_000000:8047,mutual,mutual.CO+T,superlevel,h0,0.1,13,8,5,
trajectory_000000:8047,mutual,mutual.CO+T,superlevel,h0,0.25,6,2,4,
trajectory_000000:8047,mutual,mutual.CO+T,superlevel,h0,0.5,1,1,0,
trajectory_000000:8047,mutual,mutual.CO+T,superlevel,h0,0.75,4,2,2,
trajectory_000000:8047,mutual,mutual.CO+T,superlevel,h0,0.9,1,2,1,
trajectory_000000:8047,mutual,mutual.CO+T,superlevel,h1,0.1,0,0,0,
trajectory_000000:8047,mutual,mutual.CO+T,superlevel,h1,0.25,3,1,2,
trajectory_000000:8047,mutual,mutual.CO+T,superlevel,h1,0.5,1,0,1,
trajectory_000000:8047,mutual,mutual.CO+T,superlevel,h1,0.75,0,1,1,
trajectory_000000:8047,mutual,mutual.CO+T,superlevel,h1,0.9,4,4,0,
trajectory_000000:8047,mutual,mutual.CO+T,superlevel,h0,0.1,19,10,9,
trajectory_000000:8047,mutual,mutual.CO+T,superlevel,h0,0.25,18,5,13,
trajectory_000000:8047,mutual,mutual.CO+T,superlevel,h0,0.5,1,1,0,
trajectory_000000:8047,mutual,mutual.CO+T,superlevel,h0,0.75,4,2,2,
trajectory_000000:8047,mutual,mutual.CO+T,superlevel,h0,0.9,1,2,1,
trajectory_000000:8047,mutual,mutual.CO+T,superlevel,h1,0.1,1,0,1,
trajectory_000000:8047,mutual,mutual.CO+T,superlevel,h1,0.25,2,1,1,
trajectory_000000:8047,mutual,mutual.CO+T,superlevel,h1,0.5,1,0,1,
trajectory_000000:8047,mutual,mutual.CO+T,superlevel,h1,0.75,0,1,1,
trajectory_000000:8047,mutual,mutual.CO+T,superlevel,h1,0.9,4,4,0,
trajectory_000000:8047,mutual,mutual.CO+T,superlevel,h0,0.1,24,11,13,
trajectory_000000:8047,mutual,mutual.CO+T,superlevel,h0,0.25,18,5,13,
trajectory_000000:8047,mutual,mutual.CO+T,superlevel,h0,0.5,1,1,0,
trajectory_000000:8047,mutual,mutual.CO+T,superlevel,h0,0.75,1,9,8,
trajectory_000000:8047,mutual,mutual.CO+T,superlevel,h0,0.9,1,9,8,
trajectory_000000:8047,mutual,mutual.CO+T,superlevel,h1,0.1,1,0,1,
trajectory_000000:8047,mutual,mutual.CO+T,superlevel,h1,0.25,3,2,1,
trajectory_000000:8047,mutual,mutual.CO+T,superlevel,h1,0.5,2,0,2,
trajectory_000000:8047,mutual,mutual.CO+T,superlevel,h1,0.75,88,0,88,
trajectory_000000:8047,mutual,mutual.CO+T,superlevel,h1,0.9,88,0,88,
trajectory_000000:8047,persistence_distance,topology.self.persistence,,,,,,,0.00296142534352839
trajectory_000000:8047,persistence_distance,topology.mutual.persistence,,,,,,,0.001995787722989917
trajectory_000000:8047,persistence_distance,topology.component_weighted_total_before_outer_family_weight,,,,,,,0.004957213066518307
trajectory_000000:8047,dimension_distance_diagnostic,topology.self.CO.h0,,,,,,,0.009187131188809872
trajectory_000000:8047,dimension_distance_diagnostic,topology.self.CO.h1,,,,,,,0.001233064685948193
trajectory_000000:8047,dimension_distance_diagnostic,topology.self.T.h0,,,,,,,0.0010913230944424868
trajectory_000000:8047,dimension_distance_diagnostic,topology.self.T.h1,,,,,,,0.0003341824631206691
trajectory_000000:8047,dimension_distance_diagnostic,topology.mutual.CO+T.h0,,,,,,,0.0029479225631803274
trajectory_000000:8047,dimension_distance_diagnostic,topology.mutual.CO+T.h1,,,,,,,0.0010436527663841844
trajectory_000000:8063,self,self.CO,sublevel,h0,0.1,5,4,1,
trajectory_000000:8063,self,self.CO,sublevel,h0,0.25,1,4,3,
trajectory_000000:8063,self,self.CO,sublevel,h0,0.5,15,13,2,
trajectory_000000:8063,self,self.CO,sublevel,h0,0.75,2,3,1,
trajectory_000000:8063,self,self.CO,sublevel,h0,0.9,3,2,1,
trajectory_000000:8063,self,self.CO,sublevel,h1,0.1,60,0,60,
trajectory_000000:8063,self,self.CO,sublevel,h1,0.25,0,0,0,
trajectory_000000:8063,self,self.CO,sublevel,h1,0.5,0,1,1,
trajectory_000000:8063,self,self.CO,sublevel,h1,0.75,2,1,1,
trajectory_000000:8063,self,self.CO,sublevel,h1,0.9,6,12,6,
trajectory_000000:8063,self,self.T,sublevel,h0,0.1,4,2,2,
trajectory_000000:8063,self,self.T,sublevel,h0,0.25,2,1,1,
trajectory_000000:8063,self,self.T,sublevel,h0,0.5,21,18,3,
trajectory_000000:8063,self,self.T,sublevel,h0,0.75,2,3,1,
trajectory_000000:8063,self,self.T,sublevel,h0,0.9,1,1,0,
trajectory_000000:8063,self,self.T,sublevel,h1,0.1,0,3,3,
trajectory_000000:8063,self,self.T,sublevel,h1,0.25,0,1,1,
trajectory_000000:8063,self,self.T,sublevel,h1,0.5,0,0,0,
trajectory_000000:8063,self,self.T,sublevel,h1,0.75,0,0,0,
trajectory_000000:8063,self,self.T,sublevel,h1,0.9,4,4,0,
trajectory_000000:8063,mutual,mutual.CO+T,sublevel,h0,0.1,4,2,2,
trajectory_000000:8063,mutual,mutual.CO+T,sublevel,h0,0.25,2,1,1,
trajectory_000000:8063,mutual,mutual.CO+T,sublevel,h0,0.5,14,22,8,
trajectory_000000:8063,mutual,mutual.CO+T,sublevel,h0,0.75,12,3,9,
trajectory_000000:8063,mutual,mutual.CO+T,sublevel,h0,0.9,3,2,1,
trajectory_000000:8063,mutual,mutual.CO+T,sublevel,h1,0.1,0,3,3,
trajectory_000000:8063,mutual,mutual.CO+T,sublevel,h1,0.25,0,1,1,
trajectory_000000:8063,mutual,mutual.CO+T,sublevel,h1,0.5,0,0,0,
trajectory_000000:8063,mutual,mutual.CO+T,sublevel,h1,0.75,4,11,7,
trajectory_000000:8063,mutual,mutual.CO+T,sublevel,h1,0.9,6,12,6,
trajectory_000000:8063,mutual,mutual.CO+T,sublevel,h0,0.1,1,4,3,
trajectory_000000:8063,mutual,mutual.CO+T,sublevel,h0,0.25,1,4,3,
trajectory_000000:8063,mutual,mutual.CO+T,sublevel,h0,0.5,9,13,4,
trajectory_000000:8063,mutual,mutual.CO+T,sublevel,h0,0.75,12,3,9,
trajectory_000000:8063,mutual,mutual.CO+T,sublevel,h0,0.9,3,2,1,
trajectory_000000:8063,mutual,mutual.CO+T,sublevel,h1,0.1,0,0,0,
trajectory_000000:8063,mutual,mutual.CO+T,sublevel,h1,0.25,0,0,0,
trajectory_000000:8063,mutual,mutual.CO+T,sublevel,h1,0.5,0,0,0,
trajectory_000000:8063,mutual,mutual.CO+T,sublevel,h1,0.75,3,10,7,
trajectory_000000:8063,mutual,mutual.CO+T,sublevel,h1,0.9,6,12,6,
trajectory_000000:8063,mutual,mutual.CO+T,sublevel,h0,0.1,4,2,2,
trajectory_000000:8063,mutual,mutual.CO+T,sublevel,h0,0.25,2,1,1,
trajectory_000000:8063,mutual,mutual.CO+T,sublevel,h0,0.5,9,9,0,
trajectory_000000:8063,mutual,mutual.CO+T,sublevel,h0,0.75,2,3,1,
trajectory_000000:8063,mutual,mutual.CO+T,sublevel,h0,0.9,3,2,1,
trajectory_000000:8063,mutual,mutual.CO+T,sublevel,h1,0.1,0,3,3,
trajectory_000000:8063,mutual,mutual.CO+T,sublevel,h1,0.25,0,1,1,
trajectory_000000:8063,mutual,mutual.CO+T,sublevel,h1,0.5,0,0,0,
trajectory_000000:8063,mutual,mutual.CO+T,sublevel,h1,0.75,2,1,1,
trajectory_000000:8063,mutual,mutual.CO+T,sublevel,h1,0.9,6,12,6,
trajectory_000000:8063,self,self.CO,superlevel,h0,0.1,10,15,5,
trajectory_000000:8063,self,self.CO,superlevel,h0,0.25,5,3,2,
trajectory_000000:8063,self,self.CO,superlevel,h0,0.5,1,2,1,
trajectory_000000:8063,self,self.CO,superlevel,h0,0.75,99,1,98,
trajectory_000000:8063,self,self.CO,superlevel,h0,0.9,1,1,0,
trajectory_000000:8063,self,self.CO,superlevel,h1,0.1,0,0,0,
trajectory_000000:8063,self,self.CO,superlevel,h1,0.25,1,1,0,
trajectory_000000:8063,self,self.CO,superlevel,h1,0.5,2,1,1,
trajectory_000000:8063,self,self.CO,superlevel,h1,0.75,0,2,2,
trajectory_000000:8063,self,self.CO,superlevel,h1,0.9,65,2,63,
trajectory_000000:8063,self,self.T,superlevel,h0,0.1,6,5,1,
trajectory_000000:8063,self,self.T,superlevel,h0,0.25,3,1,2,
trajectory_000000:8063,self,self.T,superlevel,h0,0.5,1,1,0,
trajectory_000000:8063,self,self.T,superlevel,h0,0.75,1,4,3,
trajectory_000000:8063,self,self.T,superlevel,h0,0.9,2,10,8,
trajectory_000000:8063,self,self.T,superlevel,h1,0.1,0,0,0,
trajectory_000000:8063,self,self.T,superlevel,h1,0.25,0,2,2,
trajectory_000000:8063,self,self.T,superlevel,h1,0.5,2,0,2,
trajectory_000000:8063,self,self.T,superlevel,h1,0.75,0,0,0,
trajectory_000000:8063,self,self.T,superlevel,h1,0.9,1,1,0,
trajectory_000000:8063,mutual,mutual.CO+T,superlevel,h0,0.1,7,4,3,
trajectory_000000:8063,mutual,mutual.CO+T,superlevel,h0,0.25,3,1,2,
trajectory_000000:8063,mutual,mutual.CO+T,superlevel,h0,0.5,1,1,0,
trajectory_000000:8063,mutual,mutual.CO+T,superlevel,h0,0.75,1,4,3,
trajectory_000000:8063,mutual,mutual.CO+T,superlevel,h0,0.9,2,10,8,
trajectory_000000:8063,mutual,mutual.CO+T,superlevel,h1,0.1,0,0,0,
trajectory_000000:8063,mutual,mutual.CO+T,superlevel,h1,0.25,1,0,1,
trajectory_000000:8063,mutual,mutual.CO+T,superlevel,h1,0.5,2,0,2,
trajectory_000000:8063,mutual,mutual.CO+T,superlevel,h1,0.75,0,0,0,
trajectory_000000:8063,mutual,mutual.CO+T,superlevel,h1,0.9,1,1,0,
trajectory_000000:8063,mutual,mutual.CO+T,superlevel,h0,0.1,21,13,8,
trajectory_000000:8063,mutual,mutual.CO+T,superlevel,h0,0.25,4,5,1,
trajectory_000000:8063,mutual,mutual.CO+T,superlevel,h0,0.5,3,1,2,
trajectory_000000:8063,mutual,mutual.CO+T,superlevel,h0,0.75,1,4,3,
trajectory_000000:8063,mutual,mutual.CO+T,superlevel,h0,0.9,2,10,8,
trajectory_000000:8063,mutual,mutual.CO+T,superlevel,h1,0.1,0,0,0,
trajectory_000000:8063,mutual,mutual.CO+T,superlevel,h1,0.25,1,3,2,
trajectory_000000:8063,mutual,mutual.CO+T,superlevel,h1,0.5,0,1,1,
trajectory_000000:8063,mutual,mutual.CO+T,superlevel,h1,0.75,0,0,0,
trajectory_000000:8063,mutual,mutual.CO+T,superlevel,h1,0.9,1,1,0,
trajectory_000000:8063,mutual,mutual.CO+T,superlevel,h0,0.1,18,7,11,
trajectory_000000:8063,mutual,mutual.CO+T,superlevel,h0,0.25,5,5,0,
trajectory_000000:8063,mutual,mutual.CO+T,superlevel,h0,0.5,1,2,1,
trajectory_000000:8063,mutual,mutual.CO+T,superlevel,h0,0.75,1,1,0,
trajectory_000000:8063,mutual,mutual.CO+T,superlevel,h0,0.9,1,1,0,
trajectory_000000:8063,mutual,mutual.CO+T,superlevel,h1,0.1,0,1,1,
trajectory_000000:8063,mutual,mutual.CO+T,superlevel,h1,0.25,2,2,0,
trajectory_000000:8063,mutual,mutual.CO+T,superlevel,h1,0.5,3,1,2,
trajectory_000000:8063,mutual,mutual.CO+T,superlevel,h1,0.75,1,2,1,
trajectory_000000:8063,mutual,mutual.CO+T,superlevel,h1,0.9,1,2,1,
trajectory_000000:8063,persistence_distance,topology.self.persistence,,,,,,,0.0019422904588282108
trajectory_000000:8063,persistence_distance,topology.mutual.persistence,,,,,,,0.0009051801171153784
trajectory_000000:8063,persistence_distance,topology.component_weighted_total_before_outer_family_weight,,,,,,,0.002847470575943589
trajectory_000000:8063,dimension_distance_diagnostic,topology.self.CO.h0,,,,,,,0.005852092988789082
trajectory_000000:8063,dimension_distance_diagnostic,topology.self.CO.h1,,,,,,,0.000843837100546807
trajectory_000000:8063,dimension_distance_diagnostic,topology.self.T.h0,,,,,,,0.0009214157471433282
trajectory_000000:8063,dimension_distance_diagnostic,topology.self.T.h1,,,,,,,0.00015181548951659352
trajectory_000000:8063,dimension_distance_diagnostic,topology.mutual.CO+T.h0,,,,,,,0.0011144342133775353
trajectory_000000:8063,dimension_distance_diagnostic,topology.mutual.CO+T.h1,,,,,,,0.0006959261372685432
trajectory_000000:8079,self,self.CO,sublevel,h0,0.1,8,5,3,
trajectory_000000:8079,self,self.CO,sublevel,h0,0.25,1,5,4,
trajectory_000000:8079,self,self.CO,sublevel,h0,0.5,18,10,8,
trajectory_000000:8079,self,self.CO,sublevel,h0,0.75,5,4,1,
trajectory_000000:8079,self,self.CO,sublevel,h0,0.9,1,3,2,
trajectory_000000:8079,self,self.CO,sublevel,h1,0.1,64,1,63,
trajectory_000000:8079,self,self.CO,sublevel,h1,0.25,0,1,1,
trajectory_000000:8079,self,self.CO,sublevel,h1,0.5,0,1,1,
trajectory_000000:8079,self,self.CO,sublevel,h1,0.75,1,3,2,
trajectory_000000:8079,self,self.CO,sublevel,h1,0.9,9,4,5,
trajectory_000000:8079,self,self.T,sublevel,h0,0.1,3,5,2,
trajectory_000000:8079,self,self.T,sublevel,h0,0.25,5,1,4,
trajectory_000000:8079,self,self.T,sublevel,h0,0.5,16,15,1,
trajectory_000000:8079,self,self.T,sublevel,h0,0.75,2,1,1,
trajectory_000000:8079,self,self.T,sublevel,h0,0.9,1,1,0,
trajectory_000000:8079,self,self.T,sublevel,h1,0.1,0,1,1,
trajectory_000000:8079,self,self.T,sublevel,h1,0.25,2,1,1,
trajectory_000000:8079,self,self.T,sublevel,h1,0.5,0,0,0,
trajectory_000000:8079,self,self.T,sublevel,h1,0.75,0,0,0,
trajectory_000000:8079,self,self.T,sublevel,h1,0.9,3,6,3,
trajectory_000000:8079,mutual,mutual.CO+T,sublevel,h0,0.1,3,5,2,
trajectory_000000:8079,mutual,mutual.CO+T,sublevel,h0,0.25,5,1,4,
trajectory_000000:8079,mutual,mutual.CO+T,sublevel,h0,0.5,18,17,1,
trajectory_000000:8079,mutual,mutual.CO+T,sublevel,h0,0.75,9,3,6,
trajectory_000000:8079,mutual,mutual.CO+T,sublevel,h0,0.9,2,3,1,
trajectory_000000:8079,mutual,mutual.CO+T,sublevel,h1,0.1,0,1,1,
trajectory_000000:8079,mutual,mutual.CO+T,sublevel,h1,0.25,2,1,1,
trajectory_000000:8079,mutual,mutual.CO+T,sublevel,h1,0.5,0,0,0,
trajectory_000000:8079,mutual,mutual.CO+T,sublevel,h1,0.75,13,10,3,
trajectory_000000:8079,mutual,mutual.CO+T,sublevel,h1,0.9,11,5,6,
trajectory_000000:8079,mutual,mutual.CO+T,sublevel,h0,0.1,1,5,4,
trajectory_000000:8079,mutual,mutual.CO+T,sublevel,h0,0.25,1,5,4,
trajectory_000000:8079,mutual,mutual.CO+T,sublevel,h0,0.5,17,16,1,
trajectory_000000:8079,mutual,mutual.CO+T,sublevel,h0,0.75,12,2,10,
trajectory_000000:8079,mutual,mutual.CO+T,sublevel,h0,0.9,1,3,2,
trajectory_000000:8079,mutual,mutual.CO+T,sublevel,h1,0.1,0,1,1,
trajectory_000000:8079,mutual,mutual.CO+T,sublevel,h1,0.25,0,1,1,
trajectory_000000:8079,mutual,mutual.CO+T,sublevel,h1,0.5,0,0,0,
trajectory_000000:8079,mutual,mutual.CO+T,sublevel,h1,0.75,10,11,1,
trajectory_000000:8079,mutual,mutual.CO+T,sublevel,h1,0.9,9,4,5,
trajectory_000000:8079,mutual,mutual.CO+T,sublevel,h0,0.1,3,5,2,
trajectory_000000:8079,mutual,mutual.CO+T,sublevel,h0,0.25,5,1,4,
trajectory_000000:8079,mutual,mutual.CO+T,sublevel,h0,0.5,11,11,0,
trajectory_000000:8079,mutual,mutual.CO+T,sublevel,h0,0.75,5,4,1,
trajectory_000000:8079,mutual,mutual.CO+T,sublevel,h0,0.9,1,3,2,
trajectory_000000:8079,mutual,mutual.CO+T,sublevel,h1,0.1,0,1,1,
trajectory_000000:8079,mutual,mutual.CO+T,sublevel,h1,0.25,2,1,1,
trajectory_000000:8079,mutual,mutual.CO+T,sublevel,h1,0.5,0,1,1,
trajectory_000000:8079,mutual,mutual.CO+T,sublevel,h1,0.75,1,3,2,
trajectory_000000:8079,mutual,mutual.CO+T,sublevel,h1,0.9,9,4,5,
trajectory_000000:8079,self,self.CO,superlevel,h0,0.1,15,5,10,
trajectory_000000:8079,self,self.CO,superlevel,h0,0.25,3,4,1,
trajectory_000000:8079,self,self.CO,superlevel,h0,0.5,1,2,1,
trajectory_000000:8079,self,self.CO,superlevel,h0,0.75,102,9,93,
trajectory_000000:8079,self,self.CO,superlevel,h0,0.9,1,9,8,
trajectory_000000:8079,self,self.CO,superlevel,h1,0.1,0,0,0,
trajectory_000000:8079,self,self.CO,superlevel,h1,0.25,2,2,0,
trajectory_000000:8079,self,self.CO,superlevel,h1,0.5,1,1,0,
trajectory_000000:8079,self,self.CO,superlevel,h1,0.75,0,3,3,
trajectory_000000:8079,self,self.CO,superlevel,h1,0.9,63,3,60,
trajectory_000000:8079,self,self.T,superlevel,h0,0.1,7,6,1,
trajectory_000000:8079,self,self.T,superlevel,h0,0.25,1,2,1,
trajectory_000000:8079,self,self.T,superlevel,h0,0.5,1,1,0,
trajectory_000000:8079,self,self.T,superlevel,h0,0.75,3,5,2,
trajectory_000000:8079,self,self.T,superlevel,h0,0.9,1,7,6,
trajectory_000000:8079,self,self.T,superlevel,h1,0.1,0,0,0,
trajectory_000000:8079,self,self.T,superlevel,h1,0.25,0,0,0,
trajectory_000000:8079,self,self.T,superlevel,h1,0.5,0,0,0,
trajectory_000000:8079,self,self.T,superlevel,h1,0.75,1,0,1,
trajectory_000000:8079,self,self.T,superlevel,h1,0.9,0,2,2,
trajectory_000000:8079,mutual,mutual.CO+T,superlevel,h0,0.1,8,4,4,
trajectory_000000:8079,mutual,mutual.CO+T,superlevel,h0,0.25,1,2,1,
trajectory_000000:8079,mutual,mutual.CO+T,superlevel,h0,0.5,1,1,0,
trajectory_000000:8079,mutual,mutual.CO+T,superlevel,h0,0.75,3,5,2,
trajectory_000000:8079,mutual,mutual.CO+T,superlevel,h0,0.9,1,7,6,
trajectory_000000:8079,mutual,mutual.CO+T,superlevel,h1,0.1,0,0,0,
trajectory_000000:8079,mutual,mutual.CO+T,superlevel,h1,0.25,1,0,1,
trajectory_000000:8079,mutual,mutual.CO+T,superlevel,h1,0.5,0,0,0,
trajectory_000000:8079,mutual,mutual.CO+T,superlevel,h1,0.75,1,0,1,
trajectory_000000:8079,mutual,mutual.CO+T,superlevel,h1,0.9,0,2,2,
trajectory_000000:8079,mutual,mutual.CO+T,superlevel,h0,0.1,13,15,2,
trajectory_000000:8079,mutual,mutual.CO+T,superlevel,h0,0.25,6,4,2,
trajectory_000000:8079,mutual,mutual.CO+T,superlevel,h0,0.5,1,1,0,
trajectory_000000:8079,mutual,mutual.CO+T,superlevel,h0,0.75,3,5,2,
trajectory_000000:8079,mutual,mutual.CO+T,superlevel,h0,0.9,1,7,6,
trajectory_000000:8079,mutual,mutual.CO+T,superlevel,h1,0.1,0,0,0,
trajectory_000000:8079,mutual,mutual.CO+T,superlevel,h1,0.25,0,1,1,
trajectory_000000:8079,mutual,mutual.CO+T,superlevel,h1,0.5,0,0,0,
trajectory_000000:8079,mutual,mutual.CO+T,superlevel,h1,0.75,1,0,1,
trajectory_000000:8079,mutual,mutual.CO+T,superlevel,h1,0.9,0,2,2,
trajectory_000000:8079,mutual,mutual.CO+T,superlevel,h0,0.1,15,14,1,
trajectory_000000:8079,mutual,mutual.CO+T,superlevel,h0,0.25,6,3,3,
trajectory_000000:8079,mutual,mutual.CO+T,superlevel,h0,0.5,1,2,1,
trajectory_000000:8079,mutual,mutual.CO+T,superlevel,h0,0.75,1,9,8,
trajectory_000000:8079,mutual,mutual.CO+T,superlevel,h0,0.9,1,9,8,
trajectory_000000:8079,mutual,mutual.CO+T,superlevel,h1,0.1,0,0,0,
trajectory_000000:8079,mutual,mutual.CO+T,superlevel,h1,0.25,0,2,2,
trajectory_000000:8079,mutual,mutual.CO+T,superlevel,h1,0.5,1,1,0,
trajectory_000000:8079,mutual,mutual.CO+T,superlevel,h1,0.75,1,3,2,
trajectory_000000:8079,mutual,mutual.CO+T,superlevel,h1,0.9,1,3,2,
trajectory_000000:8079,persistence_distance,topology.self.persistence,,,,,,,0.003080081194639206
trajectory_000000:8079,persistence_distance,topology.mutual.persistence,,,,,,,0.0013814641861245036
trajectory_000000:8079,persistence_distance,topology.component_weighted_total_before_outer_family_weight,,,,,,,0.004461545497179031
trajectory_000000:8079,dimension_distance_diagnostic,topology.self.CO.h0,,,,,,,0.008585196919739246
trajectory_000000:8079,dimension_distance_diagnostic,topology.self.CO.h1,,,,,,,0.0006995949661359191
trajectory_000000:8079,dimension_distance_diagnostic,topology.self.T.h0,,,,,,,0.0029537135269492865
trajectory_000000:8079,dimension_distance_diagnostic,topology.self.T.h1,,,,,,,8.182012243196368e-05
trajectory_000000:8079,dimension_distance_diagnostic,topology.mutual.CO+T.h0,,,,,,,0.002186413621529937
trajectory_000000:8079,dimension_distance_diagnostic,topology.mutual.CO+T.h1,,,,,,,0.0005765146343037486
trajectory_000000:8095,self,self.CO,sublevel,h0,0.1,3,1,2,
trajectory_000000:8095,self,self.CO,sublevel,h0,0.25,3,1,2,
trajectory_000000:8095,self,self.CO,sublevel,h0,0.5,7,5,2,
trajectory_000000:8095,self,self.CO,sublevel,h0,0.75,3,3,0,
trajectory_000000:8095,self,self.CO,sublevel,h0,0.9,1,2,1,
trajectory_000000:8095,self,self.CO,sublevel,h1,0.1,76,2,74,
trajectory_000000:8095,self,self.CO,sublevel,h1,0.25,76,2,74,
trajectory_000000:8095,self,self.CO,sublevel,h1,0.5,0,0,0,
trajectory_000000:8095,self,self.CO,sublevel,h1,0.75,2,1,1,
trajectory_000000:8095,self,self.CO,sublevel,h1,0.9,3,4,1,
trajectory_000000:8095,self,self.T,sublevel,h0,0.1,2,4,2,
trajectory_000000:8095,self,self.T,sublevel,h0,0.25,5,5,0,
trajectory_000000:8095,self,self.T,sublevel,h0,0.5,11,11,0,
trajectory_000000:8095,self,self.T,sublevel,h0,0.75,1,2,1,
trajectory_000000:8095,self,self.T,sublevel,h0,0.9,1,1,0,
trajectory_000000:8095,self,self.T,sublevel,h1,0.1,0,0,0,
trajectory_000000:8095,self,self.T,sublevel,h1,0.25,0,0,0,
trajectory_000000:8095,self,self.T,sublevel,h1,0.5,0,0,0,
trajectory_000000:8095,self,self.T,sublevel,h1,0.75,1,0,1,
trajectory_000000:8095,self,self.T,sublevel,h1,0.9,6,9,3,
trajectory_000000:8095,mutual,mutual.CO+T,sublevel,h0,0.1,2,4,2,
trajectory_000000:8095,mutual,mutual.CO+T,sublevel,h0,0.25,5,5,0,
trajectory_000000:8095,mutual,mutual.CO+T,sublevel,h0,0.5,13,14,1,
trajectory_000000:8095,mutual,mutual.CO+T,sublevel,h0,0.75,8,11,3,
trajectory_000000:8095,mutual,mutual.CO+T,sublevel,h0,0.9,1,2,1,
trajectory_000000:8095,mutual,mutual.CO+T,sublevel,h1,0.1,0,0,0,
trajectory_000000:8095,mutual,mutual.CO+T,sublevel,h1,0.25,0,0,0,
trajectory_000000:8095,mutual,mutual.CO+T,sublevel,h1,0.5,0,0,0,
trajectory_000000:8095,mutual,mutual.CO+T,sublevel,h1,0.75,2,3,1,
trajectory_000000:8095,mutual,mutual.CO+T,sublevel,h1,0.9,5,5,0,
trajectory_000000:8095,mutual,mutual.CO+T,sublevel,h0,0.1,3,1,2,
trajectory_000000:8095,mutual,mutual.CO+T,sublevel,h0,0.25,3,1,2,
trajectory_000000:8095,mutual,mutual.CO+T,sublevel,h0,0.5,10,9,1,
trajectory_000000:8095,mutual,mutual.CO+T,sublevel,h0,0.75,9,10,1,
trajectory_000000:8095,mutual,mutual.CO+T,sublevel,h0,0.9,1,2,1,
trajectory_000000:8095,mutual,mutual.CO+T,sublevel,h1,0.1,76,2,74,
trajectory_000000:8095,mutual,mutual.CO+T,sublevel,h1,0.25,76,2,74,
trajectory_000000:8095,mutual,mutual.CO+T,sublevel,h1,0.5,0,0,0,
trajectory_000000:8095,mutual,mutual.CO+T,sublevel,h1,0.75,2,2,0,
trajectory_000000:8095,mutual,mutual.CO+T,sublevel,h1,0.9,4,5,1,
trajectory_000000:8095,mutual,mutual.CO+T,sublevel,h0,0.1,2,4,2,
trajectory_000000:8095,mutual,mutual.CO+T,sublevel,h0,0.25,5,5,0,
trajectory_000000:8095,mutual,mutual.CO+T,sublevel,h0,0.5,13,11,2,
trajectory_000000:8095,mutual,mutual.CO+T,sublevel,h0,0.75,3,3,0,
trajectory_000000:8095,mutual,mutual.CO+T,sublevel,h0,0.9,1,2,1,
trajectory_000000:8095,mutual,mutual.CO+T,sublevel,h1,0.1,0,0,0,
trajectory_000000:8095,mutual,mutual.CO+T,sublevel,h1,0.25,0,0,0,
trajectory_000000:8095,mutual,mutual.CO+T,sublevel,h1,0.5,0,0,0,
trajectory_000000:8095,mutual,mutual.CO+T,sublevel,h1,0.75,2,1,1,
trajectory_000000:8095,mutual,mutual.CO+T,sublevel,h1,0.9,3,4,1,
trajectory_000000:8095,self,self.CO,superlevel,h0,0.1,5,6,1,
trajectory_000000:8095,self,self.CO,superlevel,h0,0.25,6,2,4,
trajectory_000000:8095,self,self.CO,superlevel,h0,0.5,1,4,3,
trajectory_000000:8095,self,self.CO,superlevel,h0,0.75,1,7,6,
trajectory_000000:8095,self,self.CO,superlevel,h0,0.9,1,7,6,
trajectory_000000:8095,self,self.CO,superlevel,h1,0.1,0,1,1,
trajectory_000000:8095,self,self.CO,superlevel,h1,0.25,2,2,0,
trajectory_000000:8095,self,self.CO,superlevel,h1,0.5,0,0,0,
trajectory_000000:8095,self,self.CO,superlevel,h1,0.75,82,0,82,
trajectory_000000:8095,self,self.CO,superlevel,h1,0.9,82,0,82,
trajectory_000000:8095,self,self.T,superlevel,h0,0.1,8,11,3,
trajectory_000000:8095,self,self.T,superlevel,h0,0.25,2,1,1,
trajectory_000000:8095,self,self.T,superlevel,h0,0.5,1,1,0,
trajectory_000000:8095,self,self.T,superlevel,h0,0.75,3,8,5,
trajectory_000000:8095,self,self.T,superlevel,h0,0.9,1,6,5,
trajectory_000000:8095,self,self.T,superlevel,h1,0.1,0,0,0,
trajectory_000000:8095,self,self.T,superlevel,h1,0.25,0,0,0,
trajectory_000000:8095,self,self.T,superlevel,h1,0.5,0,0,0,
trajectory_000000:8095,self,self.T,superlevel,h1,0.75,1,0,1,
trajectory_000000:8095,self,self.T,superlevel,h1,0.9,0,0,0,
trajectory_000000:8095,mutual,mutual.CO+T,superlevel,h0,0.1,10,6,4,
trajectory_000000:8095,mutual,mutual.CO+T,superlevel,h0,0.25,2,2,0,
trajectory_000000:8095,mutual,mutual.CO+T,superlevel,h0,0.5,1,1,0,
trajectory_000000:8095,mutual,mutual.CO+T,superlevel,h0,0.75,3,8,5,
trajectory_000000:8095,mutual,mutual.CO+T,superlevel,h0,0.9,1,6,5,
trajectory_000000:8095,mutual,mutual.CO+T,superlevel,h1,0.1,0,1,1,
trajectory_000000:8095,mutual,mutual.CO+T,superlevel,h1,0.25,1,0,1,
trajectory_000000:8095,mutual,mutual.CO+T,superlevel,h1,0.5,0,0,0,
trajectory_000000:8095,mutual,mutual.CO+T,superlevel,h1,0.75,1,0,1,
trajectory_000000:8095,mutual,mutual.CO+T,superlevel,h1,0.9,0,0,0,
trajectory_000000:8095,mutual,mutual.CO+T,superlevel,h0,0.1,8,8,0,
trajectory_000000:8095,mutual,mutual.CO+T,superlevel,h0,0.25,5,2,3,
trajectory_000000:8095,mutual,mutual.CO+T,superlevel,h0,0.5,1,1,0,
trajectory_000000:8095,mutual,mutual.CO+T,superlevel,h0,0.75,3,8,5,
trajectory_000000:8095,mutual,mutual.CO+T,superlevel,h0,0.9,1,6,5,
trajectory_000000:8095,mutual,mutual.CO+T,superlevel,h1,0.1,0,1,1,
trajectory_000000:8095,mutual,mutual.CO+T,superlevel,h1,0.25,1,3,2,
trajectory_000000:8095,mutual,mutual.CO+T,superlevel,h1,0.5,0,0,0,
trajectory_000000:8095,mutual,mutual.CO+T,superlevel,h1,0.75,1,0,1,
trajectory_000000:8095,mutual,mutual.CO+T,superlevel,h1,0.9,0,0,0,
trajectory_000000:8095,mutual,mutual.CO+T,superlevel,h0,0.1,6,5,1,
trajectory_000000:8095,mutual,mutual.CO+T,superlevel,h0,0.25,4,3,1,
trajectory_000000:8095,mutual,mutual.CO+T,superlevel,h0,0.5,1,4,3,
trajectory_000000:8095,mutual,mutual.CO+T,superlevel,h0,0.75,1,7,6,
trajectory_000000:8095,mutual,mutual.CO+T,superlevel,h0,0.9,1,7,6,
trajectory_000000:8095,mutual,mutual.CO+T,superlevel,h1,0.1,0,0,0,
trajectory_000000:8095,mutual,mutual.CO+T,superlevel,h1,0.25,1,2,1,
trajectory_000000:8095,mutual,mutual.CO+T,superlevel,h1,0.5,0,0,0,
trajectory_000000:8095,mutual,mutual.CO+T,superlevel,h1,0.75,82,0,82,
trajectory_000000:8095,mutual,mutual.CO+T,superlevel,h1,0.9,82,0,82,
trajectory_000000:8095,persistence_distance,topology.self.persistence,,,,,,,0.003294976195320487
trajectory_000000:8095,persistence_distance,topology.mutual.persistence,,,,,,,0.0014563618460670114
trajectory_000000:8095,persistence_distance,topology.component_weighted_total_before_outer_family_weight,,,,,,,0.00475133815780282
trajectory_000000:8095,dimension_distance_diagnostic,topology.self.CO.h0,,,,,,,0.011039722710847855
trajectory_000000:8095,dimension_distance_diagnostic,topology.self.CO.h1,,,,,,,0.0010997012723237276
trajectory_000000:8095,dimension_distance_diagnostic,topology.self.T.h0,,,,,,,0.0009169531986117363
trajectory_000000:8095,dimension_distance_diagnostic,topology.self.T.h1,,,,,,,0.00012352738121990114
trajectory_000000:8095,dimension_distance_diagnostic,topology.mutual.CO+T.h0,,,,,,,0.0020173920784145594
trajectory_000000:8095,dimension_distance_diagnostic,topology.mutual.CO+T.h1,,,,,,,0.0008953314390964806
trajectory_000000:8111,self,self.CO,sublevel,h0,0.1,1,1,0,
trajectory_000000:8111,self,self.CO,sublevel,h0,0.25,1,1,0,
trajectory_000000:8111,self,self.CO,sublevel,h0,0.5,1,1,0,
trajectory_000000:8111,self,self.CO,sublevel,h0,0.75,4,1,3,
trajectory_000000:8111,self,self.CO,sublevel,h0,0.9,3,1,2,
trajectory_000000:8111,self,self.CO,sublevel,h1,0.1,0,0,0,
trajectory_000000:8111,self,self.CO,sublevel,h1,0.25,0,0,0,
trajectory_000000:8111,self,self.CO,sublevel,h1,0.5,0,0,0,
trajectory_000000:8111,self,self.CO,sublevel,h1,0.75,4,0,4,
trajectory_000000:8111,self,self.CO,sublevel,h1,0.9,5,3,2,
trajectory_000000:8111,self,self.T,sublevel,h0,0.1,6,5,1,
trajectory_000000:8111,self,self.T,sublevel,h0,0.25,9,3,6,
trajectory_000000:8111,self,self.T,sublevel,h0,0.5,1,1,0,
trajectory_000000:8111,self,self.T,sublevel,h0,0.75,1,2,1,
trajectory_000000:8111,self,self.T,sublevel,h0,0.9,1,1,0,
trajectory_000000:8111,self,self.T,sublevel,h1,0.1,0,2,2,
trajectory_000000:8111,self,self.T,sublevel,h1,0.25,0,1,1,
trajectory_000000:8111,self,self.T,sublevel,h1,0.5,0,0,0,
trajectory_000000:8111,self,self.T,sublevel,h1,0.75,4,1,3,
trajectory_000000:8111,self,self.T,sublevel,h1,0.9,3,3,0,
trajectory_000000:8111,mutual,mutual.CO+T,sublevel,h0,0.1,6,5,1,
trajectory_000000:8111,mutual,mutual.CO+T,sublevel,h0,0.25,9,3,6,
trajectory_000000:8111,mutual,mutual.CO+T,sublevel,h0,0.5,1,1,0,
trajectory_000000:8111,mutual,mutual.CO+T,sublevel,h0,0.75,16,14,2,
trajectory_000000:8111,mutual,mutual.CO+T,sublevel,h0,0.9,3,1,2,
trajectory_000000:8111,mutual,mutual.CO+T,sublevel,h1,0.1,0,2,2,
trajectory_000000:8111,mutual,mutual.CO+T,sublevel,h1,0.25,0,1,1,
trajectory_000000:8111,mutual,mutual.CO+T,sublevel,h1,0.5,0,0,0,
trajectory_000000:8111,mutual,mutual.CO+T,sublevel,h1,0.75,1,2,1,
trajectory_000000:8111,mutual,mutual.CO+T,sublevel,h1,0.9,8,3,5,
trajectory_000000:8111,mutual,mutual.CO+T,sublevel,h0,0.1,1,1,0,
trajectory_000000:8111,mutual,mutual.CO+T,sublevel,h0,0.25,1,1,0,
trajectory_000000:8111,mutual,mutual.CO+T,sublevel,h0,0.5,1,1,0,
trajectory_000000:8111,mutual,mutual.CO+T,sublevel,h0,0.75,16,14,2,
trajectory_000000:8111,mutual,mutual.CO+T,sublevel,h0,0.9,4,2,2,
trajectory_000000:8111,mutual,mutual.CO+T,sublevel,h1,0.1,0,0,0,
trajectory_000000:8111,mutual,mutual.CO+T,sublevel,h1,0.25,0,0,0,
trajectory_000000:8111,mutual,mutual.CO+T,sublevel,h1,0.5,0,0,0,
trajectory_000000:8111,mutual,mutual.CO+T,sublevel,h1,0.75,1,2,1,
trajectory_000000:8111,mutual,mutual.CO+T,sublevel,h1,0.9,10,3,7,
trajectory_000000:8111,mutual,mutual.CO+T,sublevel,h0,0.1,6,5,1,
trajectory_000000:8111,mutual,mutual.CO+T,sublevel,h0,0.25,9,3,6,
trajectory_000000:8111,mutual,mutual.CO+T,sublevel,h0,0.5,1,1,0,
trajectory_000000:8111,mutual,mutual.CO+T,sublevel,h0,0.75,4,1,3,
trajectory_000000:8111,mutual,mutual.CO+T,sublevel,h0,0.9,3,1,2,
trajectory_000000:8111,mutual,mutual.CO+T,sublevel,h1,0.1,0,2,2,
trajectory_000000:8111,mutual,mutual.CO+T,sublevel,h1,0.25,0,1,1,
trajectory_000000:8111,mutual,mutual.CO+T,sublevel,h1,0.5,0,0,0,
trajectory_000000:8111,mutual,mutual.CO+T,sublevel,h1,0.75,4,0,4,
trajectory_000000:8111,mutual,mutual.CO+T,sublevel,h1,0.9,5,3,2,
trajectory_000000:8111,self,self.CO,superlevel,h0,0.1,12,4,8,
trajectory_000000:8111,self,self.CO,superlevel,h0,0.25,6,1,5,
trajectory_000000:8111,self,self.CO,superlevel,h0,0.5,2,1,1,
trajectory_000000:8111,self,self.CO,superlevel,h0,0.75,1,3,2,
trajectory_000000:8111,self,self.CO,superlevel,h0,0.9,1,3,2,
trajectory_000000:8111,self,self.CO,superlevel,h1,0.1,2,0,2,
trajectory_000000:8111,self,self.CO,superlevel,h1,0.25,3,0,3,
trajectory_000000:8111,self,self.CO,superlevel,h1,0.5,0,0,0,
trajectory_000000:8111,self,self.CO,superlevel,h1,0.75,94,0,94,
trajectory_000000:8111,self,self.CO,superlevel,h1,0.9,94,0,94,
trajectory_000000:8111,self,self.T,superlevel,h0,0.1,4,5,1,
trajectory_000000:8111,self,self.T,superlevel,h0,0.25,5,2,3,
trajectory_000000:8111,self,self.T,superlevel,h0,0.5,2,1,1,
trajectory_000000:8111,self,self.T,superlevel,h0,0.75,1,3,2,
trajectory_000000:8111,self,self.T,superlevel,h0,0.9,1,5,4,
trajectory_000000:8111,self,self.T,superlevel,h1,0.1,0,0,0,
trajectory_000000:8111,self,self.T,superlevel,h1,0.25,0,1,1,
trajectory_000000:8111,self,self.T,superlevel,h1,0.5,0,0,0,
trajectory_000000:8111,self,self.T,superlevel,h1,0.75,1,1,0,
trajectory_000000:8111,self,self.T,superlevel,h1,0.9,3,1,2,
trajectory_000000:8111,mutual,mutual.CO+T,superlevel,h0,0.1,10,1,9,
trajectory_000000:8111,mutual,mutual.CO+T,superlevel,h0,0.25,7,3,4,
trajectory_000000:8111,mutual,mutual.CO+T,superlevel,h0,0.5,2,1,1,
trajectory_000000:8111,mutual,mutual.CO+T,superlevel,h0,0.75,1,3,2,
trajectory_000000:8111,mutual,mutual.CO+T,superlevel,h0,0.9,1,5,4,
trajectory_000000:8111,mutual,mutual.CO+T,superlevel,h1,0.1,0,0,0,
trajectory_000000:8111,mutual,mutual.CO+T,superlevel,h1,0.25,0,0,0,
trajectory_000000:8111,mutual,mutual.CO+T,superlevel,h1,0.5,0,0,0,
trajectory_000000:8111,mutual,mutual.CO+T,superlevel,h1,0.75,1,1,0,
trajectory_000000:8111,mutual,mutual.CO+T,superlevel,h1,0.9,3,1,2,
trajectory_000000:8111,mutual,mutual.CO+T,superlevel,h0,0.1,10,4,6,
trajectory_000000:8111,mutual,mutual.CO+T,superlevel,h0,0.25,6,1,5,
trajectory_000000:8111,mutual,mutual.CO+T,superlevel,h0,0.5,2,1,1,
trajectory_000000:8111,mutual,mutual.CO+T,superlevel,h0,0.75,1,3,2,
trajectory_000000:8111,mutual,mutual.CO+T,superlevel,h0,0.9,1,5,4,
trajectory_000000:8111,mutual,mutual.CO+T,superlevel,h1,0.1,0,0,0,
trajectory_000000:8111,mutual,mutual.CO+T,superlevel,h1,0.25,3,0,3,
trajectory_000000:8111,mutual,mutual.CO+T,superlevel,h1,0.5,0,0,0,
trajectory_000000:8111,mutual,mutual.CO+T,superlevel,h1,0.75,1,1,0,
trajectory_000000:8111,mutual,mutual.CO+T,superlevel,h1,0.9,3,1,2,
trajectory_000000:8111,mutual,mutual.CO+T,superlevel,h0,0.1,15,2,13,
trajectory_000000:8111,mutual,mutual.CO+T,superlevel,h0,0.25,6,1,5,
trajectory_000000:8111,mutual,mutual.CO+T,superlevel,h0,0.5,2,1,1,
trajectory_000000:8111,mutual,mutual.CO+T,superlevel,h0,0.75,1,3,2,
trajectory_000000:8111,mutual,mutual.CO+T,superlevel,h0,0.9,1,3,2,
trajectory_000000:8111,mutual,mutual.CO+T,superlevel,h1,0.1,0,1,1,
trajectory_000000:8111,mutual,mutual.CO+T,superlevel,h1,0.25,2,0,2,
trajectory_000000:8111,mutual,mutual.CO+T,superlevel,h1,0.5,0,0,0,
trajectory_000000:8111,mutual,mutual.CO+T,superlevel,h1,0.75,94,0,94,
trajectory_000000:8111,mutual,mutual.CO+T,superlevel,h1,0.9,94,0,94,
trajectory_000000:8111,persistence_distance,topology.self.persistence,,,,,,,0.003739972598850727
trajectory_000000:8111,persistence_distance,topology.mutual.persistence,,,,,,,0.0015278655337169766
trajectory_000000:8111,persistence_distance,topology.component_weighted_total_before_outer_family_weight,,,,,,,0.005267838016152382
trajectory_000000:8111,dimension_distance_diagnostic,topology.self.CO.h0,,,,,,,0.011473008431494236
trajectory_000000:8111,dimension_distance_diagnostic,topology.self.CO.h1,,,,,,,0.0009532138356007636
trajectory_000000:8111,dimension_distance_diagnostic,topology.self.T.h0,,,,,,,0.0023717451840639114
trajectory_000000:8111,dimension_distance_diagnostic,topology.self.T.h1,,,,,,,0.0001619225222384557
trajectory_000000:8111,dimension_distance_diagnostic,topology.mutual.CO+T.h0,,,,,,,0.0023079717066138983
trajectory_000000:8111,dimension_distance_diagnostic,topology.mutual.CO+T.h1,,,,,,,0.0007477593026123941
trajectory_000000:8126,self,self.CO,sublevel,h0,0.1,4,1,3,
trajectory_000000:8126,self,self.CO,sublevel,h0,0.25,4,1,3,
trajectory_000000:8126,self,self.CO,sublevel,h0,0.5,1,1,0,
trajectory_000000:8126,self,self.CO,sublevel,h0,0.75,1,6,5,
trajectory_000000:8126,self,self.CO,sublevel,h0,0.9,3,4,1,
trajectory_000000:8126,self,self.CO,sublevel,h1,0.1,91,2,89,
trajectory_000000:8126,self,self.CO,sublevel,h1,0.25,91,2,89,
trajectory_000000:8126,self,self.CO,sublevel,h1,0.5,0,0,0,
trajectory_000000:8126,self,self.CO,sublevel,h1,0.75,3,0,3,
trajectory_000000:8126,self,self.CO,sublevel,h1,0.9,5,3,2,
trajectory_000000:8126,self,self.T,sublevel,h0,0.1,1,4,3,
trajectory_000000:8126,self,self.T,sublevel,h0,0.25,2,3,1,
trajectory_000000:8126,self,self.T,sublevel,h0,0.5,1,1,0,
trajectory_000000:8126,self,self.T,sublevel,h0,0.75,1,2,1,
trajectory_000000:8126,self,self.T,sublevel,h0,0.9,1,1,0,
trajectory_000000:8126,self,self.T,sublevel,h1,0.1,0,3,3,
trajectory_000000:8126,self,self.T,sublevel,h1,0.25,0,2,2,
trajectory_000000:8126,self,self.T,sublevel,h1,0.5,0,2,2,
trajectory_000000:8126,self,self.T,sublevel,h1,0.75,0,1,1,
trajectory_000000:8126,self,self.T,sublevel,h1,0.9,4,3,1,
trajectory_000000:8126,mutual,mutual.CO+T,sublevel,h0,0.1,1,4,3,
trajectory_000000:8126,mutual,mutual.CO+T,sublevel,h0,0.25,2,3,1,
trajectory_000000:8126,mutual,mutual.CO+T,sublevel,h0,0.5,1,1,0,
trajectory_000000:8126,mutual,mutual.CO+T,sublevel,h0,0.75,13,11,2,
trajectory_000000:8126,mutual,mutual.CO+T,sublevel,h0,0.9,3,3,0,
trajectory_000000:8126,mutual,mutual.CO+T,sublevel,h1,0.1,0,3,3,
trajectory_000000:8126,mutual,mutual.CO+T,sublevel,h1,0.25,0,2,2,
trajectory_000000:8126,mutual,mutual.CO+T,sublevel,h1,0.5,0,2,2,
trajectory_000000:8126,mutual,mutual.CO+T,sublevel,h1,0.75,3,3,0,
trajectory_000000:8126,mutual,mutual.CO+T,sublevel,h1,0.9,7,3,4,
trajectory_000000:8126,mutual,mutual.CO+T,sublevel,h0,0.1,1,1,0,
trajectory_000000:8126,mutual,mutual.CO+T,sublevel,h0,0.25,1,1,0,
trajectory_000000:8126,mutual,mutual.CO+T,sublevel,h0,0.5,1,1,0,
trajectory_000000:8126,mutual,mutual.CO+T,sublevel,h0,0.75,12,11,1,
trajectory_000000:8126,mutual,mutual.CO+T,sublevel,h0,0.9,5,4,1,
trajectory_000000:8126,mutual,mutual.CO+T,sublevel,h1,0.1,1,2,1,
trajectory_000000:8126,mutual,mutual.CO+T,sublevel,h1,0.25,1,2,1,
trajectory_000000:8126,mutual,mutual.CO+T,sublevel,h1,0.5,0,0,0,
trajectory_000000:8126,mutual,mutual.CO+T,sublevel,h1,0.75,4,3,1,
trajectory_000000:8126,mutual,mutual.CO+T,sublevel,h1,0.9,7,3,4,
trajectory_000000:8126,mutual,mutual.CO+T,sublevel,h0,0.1,1,4,3,
trajectory_000000:8126,mutual,mutual.CO+T,sublevel,h0,0.25,2,3,1,
trajectory_000000:8126,mutual,mutual.CO+T,sublevel,h0,0.5,1,1,0,
trajectory_000000:8126,mutual,mutual.CO+T,sublevel,h0,0.75,1,6,5,
trajectory_000000:8126,mutual,mutual.CO+T,sublevel,h0,0.9,3,4,1,
trajectory_000000:8126,mutual,mutual.CO+T,sublevel,h1,0.1,0,3,3,
trajectory_000000:8126,mutual,mutual.CO+T,sublevel,h1,0.25,0,2,2,
trajectory_000000:8126,mutual,mutual.CO+T,sublevel,h1,0.5,0,0,0,
trajectory_000000:8126,mutual,mutual.CO+T,sublevel,h1,0.75,3,0,3,
trajectory_000000:8126,mutual,mutual.CO+T,sublevel,h1,0.9,5,3,2,
trajectory_000000:8126,self,self.CO,superlevel,h0,0.1,7,6,1,
trajectory_000000:8126,self,self.CO,superlevel,h0,0.25,4,1,3,
trajectory_000000:8126,self,self.CO,superlevel,h0,0.5,1,1,0,
trajectory_000000:8126,self,self.CO,superlevel,h0,0.75,1,7,6,
trajectory_000000:8126,self,self.CO,superlevel,h0,0.9,1,7,6,
trajectory_000000:8126,self,self.CO,superlevel,h1,0.1,0,0,0,
trajectory_000000:8126,self,self.CO,superlevel,h1,0.25,0,4,4,
trajectory_000000:8126,self,self.CO,superlevel,h1,0.5,0,0,0,
trajectory_000000:8126,self,self.CO,superlevel,h1,0.75,107,0,107,
trajectory_000000:8126,self,self.CO,superlevel,h1,0.9,107,0,107,
trajectory_000000:8126,self,self.T,superlevel,h0,0.1,6,4,2,
trajectory_000000:8126,self,self.T,superlevel,h0,0.25,2,2,0,
trajectory_000000:8126,self,self.T,superlevel,h0,0.5,1,3,2,
trajectory_000000:8126,self,self.T,superlevel,h0,0.75,1,7,6,
trajectory_000000:8126,self,self.T,superlevel,h0,0.9,1,9,8,
trajectory_000000:8126,self,self.T,superlevel,h1,0.1,0,0,0,
trajectory_000000:8126,self,self.T,superlevel,h1,0.25,0,1,1,
trajectory_000000:8126,self,self.T,superlevel,h1,0.5,0,0,0,
trajectory_000000:8126,self,self.T,superlevel,h1,0.75,1,1,0,
trajectory_000000:8126,self,self.T,superlevel,h1,0.9,0,2,2,
trajectory_000000:8126,mutual,mutual.CO+T,superlevel,h0,0.1,8,3,5,
trajectory_000000:8126,mutual,mutual.CO+T,superlevel,h0,0.25,1,2,1,
trajectory_000000:8126,mutual,mutual.CO+T,superlevel,h0,0.5,1,3,2,
trajectory_000000:8126,mutual,mutual.CO+T,superlevel,h0,0.75,1,7,6,
trajectory_000000:8126,mutual,mutual.CO+T,superlevel,h0,0.9,1,9,8,
trajectory_000000:8126,mutual,mutual.CO+T,superlevel,h1,0.1,0,0,0,
trajectory_000000:8126,mutual,mutual.CO+T,superlevel,h1,0.25,5,0,5,
trajectory_000000:8126,mutual,mutual.CO+T,superlevel,h1,0.5,0,0,0,
trajectory_000000:8126,mutual,mutual.CO+T,superlevel,h1,0.75,1,1,0,
trajectory_000000:8126,mutual,mutual.CO+T,superlevel,h1,0.9,0,2,2,
trajectory_000000:8126,mutual,mutual.CO+T,superlevel,h0,0.1,7,7,0,
trajectory_000000:8126,mutual,mutual.CO+T,superlevel,h0,0.25,5,2,3,
trajectory_000000:8126,mutual,mutual.CO+T,superlevel,h0,0.5,1,3,2,
trajectory_000000:8126,mutual,mutual.CO+T,superlevel,h0,0.75,1,7,6,
trajectory_000000:8126,mutual,mutual.CO+T,superlevel,h0,0.9,1,9,8,
trajectory_000000:8126,mutual,mutual.CO+T,superlevel,h1,0.1,1,0,1,
trajectory_000000:8126,mutual,mutual.CO+T,superlevel,h1,0.25,1,1,0,
trajectory_000000:8126,mutual,mutual.CO+T,superlevel,h1,0.5,0,0,0,
trajectory_000000:8126,mutual,mutual.CO+T,superlevel,h1,0.75,1,1,0,
trajectory_000000:8126,mutual,mutual.CO+T,superlevel,h1,0.9,0,2,2,
trajectory_000000:8126,mutual,mutual.CO+T,superlevel,h0,0.1,7,5,2,
trajectory_000000:8126,mutual,mutual.CO+T,superlevel,h0,0.25,5,2,3,
trajectory_000000:8126,mutual,mutual.CO+T,superlevel,h0,0.5,1,1,0,
trajectory_000000:8126,mutual,mutual.CO+T,superlevel,h0,0.75,1,7,6,
trajectory_000000:8126,mutual,mutual.CO+T,superlevel,h0,0.9,1,7,6,
trajectory_000000:8126,mutual,mutual.CO+T,superlevel,h1,0.1,0,1,1,
trajectory_000000:8126,mutual,mutual.CO+T,superlevel,h1,0.25,1,1,0,
trajectory_000000:8126,mutual,mutual.CO+T,superlevel,h1,0.5,0,0,0,
trajectory_000000:8126,mutual,mutual.CO+T,superlevel,h1,0.75,107,0,107,
trajectory_000000:8126,mutual,mutual.CO+T,superlevel,h1,0.9,107,0,107,
trajectory_000000:8126,persistence_distance,topology.self.persistence,,,,,,,0.002855343744158745
trajectory_000000:8126,persistence_distance,topology.mutual.persistence,,,,,,,0.0013764522736892104
trajectory_000000:8126,persistence_distance,topology.component_weighted_total_before_outer_family_weight,,,,,,,0.004231796134263277
trajectory_000000:8126,dimension_distance_diagnostic,topology.self.CO.h0,,,,,,,0.008162767626345158
trajectory_000000:8126,dimension_distance_diagnostic,topology.self.CO.h1,,,,,,,0.0008731635170988739
trajectory_000000:8126,dimension_distance_diagnostic,topology.self.T.h0,,,,,,,0.002308221533894539
trajectory_000000:8126,dimension_distance_diagnostic,topology.self.T.h1,,,,,,,7.722226291662082e-05
trajectory_000000:8126,dimension_distance_diagnostic,topology.mutual.CO+T.h0,,,,,,,0.00200184085406363
trajectory_000000:8126,dimension_distance_diagnostic,topology.mutual.CO+T.h1,,,,,,,0.0007510636351071298
trajectory_000000:8142,self,self.CO,sublevel,h0,0.1,2,15,13,
trajectory_000000:8142,self,self.CO,sublevel,h0,0.25,2,15,13,
trajectory_000000:8142,self,self.CO,sublevel,h0,0.5,1,2,1,
trajectory_000000:8142,self,self.CO,sublevel,h0,0.75,1,1,0,
trajectory_000000:8142,self,self.CO,sublevel,h0,0.9,3,1,2,
trajectory_000000:8142,self,self.CO,sublevel,h1,0.1,93,1,92,
trajectory_000000:8142,self,self.CO,sublevel,h1,0.25,93,1,92,
trajectory_000000:8142,self,self.CO,sublevel,h1,0.5,0,0,0,
trajectory_000000:8142,self,self.CO,sublevel,h1,0.75,2,2,0,
trajectory_000000:8142,self,self.CO,sublevel,h1,0.9,4,2,2,
trajectory_000000:8142,self,self.T,sublevel,h0,0.1,1,7,6,
trajectory_000000:8142,self,self.T,sublevel,h0,0.25,1,6,5,
trajectory_000000:8142,self,self.T,sublevel,h0,0.5,1,1,0,
trajectory_000000:8142,self,self.T,sublevel,h0,0.75,1,1,0,
trajectory_000000:8142,self,self.T,sublevel,h0,0.9,3,1,2,
trajectory_000000:8142,self,self.T,sublevel,h1,0.1,0,0,0,
trajectory_000000:8142,self,self.T,sublevel,h1,0.25,0,1,1,
trajectory_000000:8142,self,self.T,sublevel,h1,0.5,0,0,0,
trajectory_000000:8142,self,self.T,sublevel,h1,0.75,0,0,0,
trajectory_000000:8142,self,self.T,sublevel,h1,0.9,4,3,1,
trajectory_000000:8142,mutual,mutual.CO+T,sublevel,h0,0.1,1,7,6,
trajectory_000000:8142,mutual,mutual.CO+T,sublevel,h0,0.25,1,6,5,
trajectory_000000:8142,mutual,mutual.CO+T,sublevel,h0,0.5,1,1,0,
trajectory_000000:8142,mutual,mutual.CO+T,sublevel,h0,0.75,16,8,8,
trajectory_000000:8142,mutual,mutual.CO+T,sublevel,h0,0.9,3,1,2,
trajectory_000000:8142,mutual,mutual.CO+T,sublevel,h1,0.1,0,0,0,
trajectory_000000:8142,mutual,mutual.CO+T,sublevel,h1,0.25,0,1,1,
trajectory_000000:8142,mutual,mutual.CO+T,sublevel,h1,0.5,0,0,0,
trajectory_000000:8142,mutual,mutual.CO+T,sublevel,h1,0.75,2,1,1,
trajectory_000000:8142,mutual,mutual.CO+T,sublevel,h1,0.9,4,2,2,
trajectory_000000:8142,mutual,mutual.CO+T,sublevel,h0,0.1,2,15,13,
trajectory_000000:8142,mutual,mutual.CO+T,sublevel,h0,0.25,2,15,13,
trajectory_000000:8142,mutual,mutual.CO+T,sublevel,h0,0.5,1,2,1,
trajectory_000000:8142,mutual,mutual.CO+T,sublevel,h0,0.75,15,9,6,
trajectory_000000:8142,mutual,mutual.CO+T,sublevel,h0,0.9,3,1,2,
trajectory_000000:8142,mutual,mutual.CO+T,sublevel,h1,0.1,93,1,92,
trajectory_000000:8142,mutual,mutual.CO+T,sublevel,h1,0.25,93,1,92,
trajectory_000000:8142,mutual,mutual.CO+T,sublevel,h1,0.5,0,0,0,
trajectory_000000:8142,mutual,mutual.CO+T,sublevel,h1,0.75,3,1,2,
trajectory_000000:8142,mutual,mutual.CO+T,sublevel,h1,0.9,5,3,2,
trajectory_000000:8142,mutual,mutual.CO+T,sublevel,h0,0.1,1,7,6,
trajectory_000000:8142,mutual,mutual.CO+T,sublevel,h0,0.25,1,6,5,
trajectory_000000:8142,mutual,mutual.CO+T,sublevel,h0,0.5,1,2,1,
trajectory_000000:8142,mutual,mutual.CO+T,sublevel,h0,0.75,1,1,0,
trajectory_000000:8142,mutual,mutual.CO+T,sublevel,h0,0.9,3,1,2,
trajectory_000000:8142,mutual,mutual.CO+T,sublevel,h1,0.1,0,0,0,
trajectory_000000:8142,mutual,mutual.CO+T,sublevel,h1,0.25,0,1,1,
trajectory_000000:8142,mutual,mutual.CO+T,sublevel,h1,0.5,0,0,0,
trajectory_000000:8142,mutual,mutual.CO+T,sublevel,h1,0.75,3,2,1,
trajectory_000000:8142,mutual,mutual.CO+T,sublevel,h1,0.9,4,2,2,
trajectory_000000:8142,self,self.CO,superlevel,h0,0.1,7,6,1,
trajectory_000000:8142,self,self.CO,superlevel,h0,0.25,4,3,1,
trajectory_000000:8142,self,self.CO,superlevel,h0,0.5,1,1,0,
trajectory_000000:8142,self,self.CO,superlevel,h0,0.75,1,2,1,
trajectory_000000:8142,self,self.CO,superlevel,h0,0.9,1,2,1,
trajectory_000000:8142,self,self.CO,superlevel,h1,0.1,1,0,1,
trajectory_000000:8142,self,self.CO,superlevel,h1,0.25,0,0,0,
trajectory_000000:8142,self,self.CO,superlevel,h1,0.5,0,0,0,
trajectory_000000:8142,self,self.CO,superlevel,h1,0.75,108,10,98,
trajectory_000000:8142,self,self.CO,superlevel,h1,0.9,108,10,98,
trajectory_000000:8142,self,self.T,superlevel,h0,0.1,4,5,1,
trajectory_000000:8142,self,self.T,superlevel,h0,0.25,1,1,0,
trajectory_000000:8142,self,self.T,superlevel,h0,0.5,1,1,0,
trajectory_000000:8142,self,self.T,superlevel,h0,0.75,1,5,4,
trajectory_000000:8142,self,self.T,superlevel,h0,0.9,2,3,1,
trajectory_000000:8142,self,self.T,superlevel,h1,0.1,0,0,0,
trajectory_000000:8142,self,self.T,superlevel,h1,0.25,0,0,0,
trajectory_000000:8142,self,self.T,superlevel,h1,0.5,0,0,0,
trajectory_000000:8142,self,self.T,superlevel,h1,0.75,0,3,3,
trajectory_000000:8142,self,self.T,superlevel,h1,0.9,0,4,4,
trajectory_000000:8142,mutual,mutual.CO+T,superlevel,h0,0.1,4,6,2,
trajectory_000000:8142,mutual,mutual.CO+T,superlevel,h0,0.25,8,3,5,
trajectory_000000:8142,mutual,mutual.CO+T,superlevel,h0,0.5,1,1,0,
trajectory_000000:8142,mutual,mutual.CO+T,superlevel,h0,0.75,1,5,4,
trajectory_000000:8142,mutual,mutual.CO+T,superlevel,h0,0.9,2,3,1,
trajectory_000000:8142,mutual,mutual.CO+T,superlevel,h1,0.1,0,0,0,
trajectory_000000:8142,mutual,mutual.CO+T,superlevel,h1,0.25,2,0,2,
trajectory_000000:8142,mutual,mutual.CO+T,superlevel,h1,0.5,0,0,0,
trajectory_000000:8142,mutual,mutual.CO+T,superlevel,h1,0.75,0,3,3,
trajectory_000000:8142,mutual,mutual.CO+T,superlevel,h1,0.9,0,4,4,
trajectory_000000:8142,mutual,mutual.CO+T,superlevel,h0,0.1,7,4,3,
trajectory_000000:8142,mutual,mutual.CO+T,superlevel,h0,0.25,4,3,1,
trajectory_000000:8142,mutual,mutual.CO+T,superlevel,h0,0.5,1,1,0,
trajectory_000000:8142,mutual,mutual.CO+T,superlevel,h0,0.75,1,5,4,
trajectory_000000:8142,mutual,mutual.CO+T,superlevel,h0,0.9,2,3,1,
trajectory_000000:8142,mutual,mutual.CO+T,superlevel,h1,0.1,0,0,0,
trajectory_000000:8142,mutual,mutual.CO+T,superlevel,h1,0.25,0,0,0,
trajectory_000000:8142,mutual,mutual.CO+T,superlevel,h1,0.5,0,0,0,
trajectory_000000:8142,mutual,mutual.CO+T,superlevel,h1,0.75,0,3,3,
trajectory_000000:8142,mutual,mutual.CO+T,superlevel,h1,0.9,0,4,4,
trajectory_000000:8142,mutual,mutual.CO+T,superlevel,h0,0.1,4,6,2,
trajectory_000000:8142,mutual,mutual.CO+T,superlevel,h0,0.25,4,3,1,
trajectory_000000:8142,mutual,mutual.CO+T,superlevel,h0,0.5,1,1,0,
trajectory_000000:8142,mutual,mutual.CO+T,superlevel,h0,0.75,1,2,1,
trajectory_000000:8142,mutual,mutual.CO+T,superlevel,h0,0.9,1,2,1,
trajectory_000000:8142,mutual,mutual.CO+T,superlevel,h1,0.1,0,1,1,
trajectory_000000:8142,mutual,mutual.CO+T,superlevel,h1,0.25,0,0,0,
trajectory_000000:8142,mutual,mutual.CO+T,superlevel,h1,0.5,0,0,0,
trajectory_000000:8142,mutual,mutual.CO+T,superlevel,h1,0.75,108,10,98,
trajectory_000000:8142,mutual,mutual.CO+T,superlevel,h1,0.9,108,10,98,
trajectory_000000:8142,persistence_distance,topology.self.persistence,,,,,,,0.005463577341288328
trajectory_000000:8142,persistence_distance,topology.mutual.persistence,,,,,,,0.0007257498218677938
trajectory_000000:8142,persistence_distance,topology.component_weighted_total_before_outer_family_weight,,,,,,,0.006189327221363783
trajectory_000000:8142,dimension_distance_diagnostic,topology.self.CO.h0,,,,,,,0.020394474267959595
trajectory_000000:8142,dimension_distance_diagnostic,topology.self.CO.h1,,,,,,,0.0005786577239632607
trajectory_000000:8142,dimension_distance_diagnostic,topology.self.T.h0,,,,,,,0.0008231840329244733
trajectory_000000:8142,dimension_distance_diagnostic,topology.self.T.h1,,,,,,,5.7990662753582e-05
trajectory_000000:8142,dimension_distance_diagnostic,topology.mutual.CO+T.h0,,,,,,,0.0009694413747638464
trajectory_000000:8142,dimension_distance_diagnostic,topology.mutual.CO+T.h1,,,,,,,0.00048205829807557166
trajectory_000000:8158,self,self.CO,sublevel,h0,0.1,3,2,1,
trajectory_000000:8158,self,self.CO,sublevel,h0,0.25,3,2,1,
trajectory_000000:8158,self,self.CO,sublevel,h0,0.5,1,10,9,
trajectory_000000:8158,self,self.CO,sublevel,h0,0.75,3,2,1,
trajectory_000000:8158,self,self.CO,sublevel,h0,0.9,1,1,0,
trajectory_000000:8158,self,self.CO,sublevel,h1,0.1,99,1,98,
trajectory_000000:8158,self,self.CO,sublevel,h1,0.25,99,1,98,
trajectory_000000:8158,self,self.CO,sublevel,h1,0.5,0,1,1,
trajectory_000000:8158,self,self.CO,sublevel,h1,0.75,0,1,1,
trajectory_000000:8158,self,self.CO,sublevel,h1,0.9,1,5,4,
trajectory_000000:8158,self,self.T,sublevel,h0,0.1,1,2,1,
trajectory_000000:8158,self,self.T,sublevel,h0,0.25,2,8,6,
trajectory_000000:8158,self,self.T,sublevel,h0,0.5,1,1,0,
trajectory_000000:8158,self,self.T,sublevel,h0,0.75,1,1,0,
trajectory_000000:8158,self,self.T,sublevel,h0,0.9,1,1,0,
trajectory_000000:8158,self,self.T,sublevel,h1,0.1,0,0,0,
trajectory_000000:8158,self,self.T,sublevel,h1,0.25,0,0,0,
trajectory_000000:8158,self,self.T,sublevel,h1,0.5,0,1,1,
trajectory_000000:8158,self,self.T,sublevel,h1,0.75,1,1,0,
trajectory_000000:8158,self,self.T,sublevel,h1,0.9,4,2,2,
trajectory_000000:8158,mutual,mutual.CO+T,sublevel,h0,0.1,1,2,1,
trajectory_000000:8158,mutual,mutual.CO+T,sublevel,h0,0.25,2,8,6,
trajectory_000000:8158,mutual,mutual.CO+T,sublevel,h0,0.5,1,1,0,
trajectory_000000:8158,mutual,mutual.CO+T,sublevel,h0,0.75,11,5,6,
trajectory_000000:8158,mutual,mutual.CO+T,sublevel,h0,0.9,1,1,0,
trajectory_000000:8158,mutual,mutual.CO+T,sublevel,h1,0.1,0,0,0,
trajectory_000000:8158,mutual,mutual.CO+T,sublevel,h1,0.25,0,0,0,
trajectory_000000:8158,mutual,mutual.CO+T,sublevel,h1,0.5,0,1,1,
trajectory_000000:8158,mutual,mutual.CO+T,sublevel,h1,0.75,0,5,5,
trajectory_000000:8158,mutual,mutual.CO+T,sublevel,h1,0.9,1,7,6,
trajectory_000000:8158,mutual,mutual.CO+T,sublevel,h0,0.1,3,2,1,
trajectory_000000:8158,mutual,mutual.CO+T,sublevel,h0,0.25,3,2,1,
trajectory_000000:8158,mutual,mutual.CO+T,sublevel,h0,0.5,1,10,9,
trajectory_000000:8158,mutual,mutual.CO+T,sublevel,h0,0.75,11,5,6,
trajectory_000000:8158,mutual,mutual.CO+T,sublevel,h0,0.9,1,1,0,
trajectory_000000:8158,mutual,mutual.CO+T,sublevel,h1,0.1,99,1,98,
trajectory_000000:8158,mutual,mutual.CO+T,sublevel,h1,0.25,99,1,98,
trajectory_000000:8158,mutual,mutual.CO+T,sublevel,h1,0.5,0,1,1,
trajectory_000000:8158,mutual,mutual.CO+T,sublevel,h1,0.75,0,5,5,
trajectory_000000:8158,mutual,mutual.CO+T,sublevel,h1,0.9,2,7,5,
trajectory_000000:8158,mutual,mutual.CO+T,sublevel,h0,0.1,1,2,1,
trajectory_000000:8158,mutual,mutual.CO+T,sublevel,h0,0.25,2,9,7,
trajectory_000000:8158,mutual,mutual.CO+T,sublevel,h0,0.5,2,1,1,
trajectory_000000:8158,mutual,mutual.CO+T,sublevel,h0,0.75,5,2,3,
trajectory_000000:8158,mutual,mutual.CO+T,sublevel,h0,0.9,1,1,0,
trajectory_000000:8158,mutual,mutual.CO+T,sublevel,h1,0.1,0,0,0,
trajectory_000000:8158,mutual,mutual.CO+T,sublevel,h1,0.25,0,0,0,
trajectory_000000:8158,mutual,mutual.CO+T,sublevel,h1,0.5,0,0,0,
trajectory_000000:8158,mutual,mutual.CO+T,sublevel,h1,0.75,0,1,1,
trajectory_000000:8158,mutual,mutual.CO+T,sublevel,h1,0.9,1,5,4,
trajectory_000000:8158,self,self.CO,superlevel,h0,0.1,6,7,1,
trajectory_000000:8158,self,self.CO,superlevel,h0,0.25,1,2,1,
trajectory_000000:8158,self,self.CO,superlevel,h0,0.5,1,4,3,
trajectory_000000:8158,self,self.CO,superlevel,h0,0.75,1,3,2,
trajectory_000000:8158,self,self.CO,superlevel,h0,0.9,1,3,2,
trajectory_000000:8158,self,self.CO,superlevel,h1,0.1,0,0,0,
trajectory_000000:8158,self,self.CO,superlevel,h1,0.25,1,1,0,
trajectory_000000:8158,self,self.CO,superlevel,h1,0.5,0,4,4,
trajectory_000000:8158,self,self.CO,superlevel,h1,0.75,118,1,117,
trajectory_000000:8158,self,self.CO,superlevel,h1,0.9,118,1,117,
trajectory_000000:8158,self,self.T,superlevel,h0,0.1,4,2,2,
trajectory_000000:8158,self,self.T,superlevel,h0,0.25,2,2,0,
trajectory_000000:8158,self,self.T,superlevel,h0,0.5,2,4,2,
trajectory_000000:8158,self,self.T,superlevel,h0,0.75,1,4,3,
trajectory_000000:8158,self,self.T,superlevel,h0,0.9,1,2,1,
trajectory_000000:8158,self,self.T,superlevel,h1,0.1,0,0,0,
trajectory_000000:8158,self,self.T,superlevel,h1,0.25,0,0,0,
trajectory_000000:8158,self,self.T,superlevel,h1,0.5,0,0,0,
trajectory_000000:8158,self,self.T,superlevel,h1,0.75,1,3,2,
trajectory_000000:8158,self,self.T,superlevel,h1,0.9,0,1,1,
trajectory_000000:8158,mutual,mutual.CO+T,superlevel,h0,0.1,4,3,1,
trajectory_000000:8158,mutual,mutual.CO+T,superlevel,h0,0.25,5,2,3,
trajectory_000000:8158,mutual,mutual.CO+T,superlevel,h0,0.5,2,4,2,
trajectory_000000:8158,mutual,mutual.CO+T,superlevel,h0,0.75,1,4,3,
trajectory_000000:8158,mutual,mutual.CO+T,superlevel,h0,0.9,1,2,1,
trajectory_000000:8158,mutual,mutual.CO+T,superlevel,h1,0.1,0,0,0,
trajectory_000000:8158,mutual,mutual.CO+T,superlevel,h1,0.25,3,0,3,
trajectory_000000:8158,mutual,mutual.CO+T,superlevel,h1,0.5,0,0,0,
trajectory_000000:8158,mutual,mutual.CO+T,superlevel,h1,0.75,1,3,2,
trajectory_000000:8158,mutual,mutual.CO+T,superlevel,h1,0.9,0,1,1,
trajectory_000000:8158,mutual,mutual.CO+T,superlevel,h0,0.1,8,3,5,
trajectory_000000:8158,mutual,mutual.CO+T,superlevel,h0,0.25,5,6,1,
trajectory_000000:8158,mutual,mutual.CO+T,superlevel,h0,0.5,2,4,2,
trajectory_000000:8158,mutual,mutual.CO+T,superlevel,h0,0.75,1,4,3,
trajectory_000000:8158,mutual,mutual.CO+T,superlevel,h0,0.9,1,2,1,
trajectory_000000:8158,mutual,mutual.CO+T,superlevel,h1,0.1,0,1,1,
trajectory_000000:8158,mutual,mutual.CO+T,superlevel,h1,0.25,2,0,2,
trajectory_000000:8158,mutual,mutual.CO+T,superlevel,h1,0.5,0,0,0,
trajectory_000000:8158,mutual,mutual.CO+T,superlevel,h1,0.75,1,3,2,
trajectory_000000:8158,mutual,mutual.CO+T,superlevel,h1,0.9,0,1,1,
trajectory_000000:8158,mutual,mutual.CO+T,superlevel,h0,0.1,9,3,6,
trajectory_000000:8158,mutual,mutual.CO+T,superlevel,h0,0.25,5,6,1,
trajectory_000000:8158,mutual,mutual.CO+T,superlevel,h0,0.5,1,4,3,
trajectory_000000:8158,mutual,mutual.CO+T,superlevel,h0,0.75,1,3,2,
trajectory_000000:8158,mutual,mutual.CO+T,superlevel,h0,0.9,1,3,2,
trajectory_000000:8158,mutual,mutual.CO+T,superlevel,h1,0.1,0,0,0,
trajectory_000000:8158,mutual,mutual.CO+T,superlevel,h1,0.25,2,0,2,
trajectory_000000:8158,mutual,mutual.CO+T,superlevel,h1,0.5,0,4,4,
trajectory_000000:8158,mutual,mutual.CO+T,superlevel,h1,0.75,118,1,117,
trajectory_000000:8158,mutual,mutual.CO+T,superlevel,h1,0.9,118,1,117,
trajectory_000000:8158,persistence_distance,topology.self.persistence,,,,,,,0.006434572394937277
trajectory_000000:8158,persistence_distance,topology.mutual.persistence,,,,,,,0.001314726541750133
trajectory_000000:8158,persistence_distance,topology.component_weighted_total_before_outer_family_weight,,,,,,,0.007749299053102732
trajectory_000000:8158,dimension_distance_diagnostic,topology.self.CO.h0,,,,,,,0.023739779368042946
trajectory_000000:8158,dimension_distance_diagnostic,topology.self.CO.h1,,,,,,,0.0009592570713721216
trajectory_000000:8158,dimension_distance_diagnostic,topology.self.T.h0,,,,,,,0.000944753410294652
trajectory_000000:8158,dimension_distance_diagnostic,topology.self.T.h1,,,,,,,9.450012294109911e-05
trajectory_000000:8158,dimension_distance_diagnostic,topology.mutual.CO+T.h0,,,,,,,0.0017674599075689912
trajectory_000000:8158,dimension_distance_diagnostic,topology.mutual.CO+T.h1,,,,,,,0.000861993117723614
trajectory_000000:8174,self,self.CO,sublevel,h0,0.1,5,8,3,
trajectory_000000:8174,self,self.CO,sublevel,h0,0.25,5,8,3,
trajectory_000000:8174,self,self.CO,sublevel,h0,0.5,1,1,0,
trajectory_000000:8174,self,self.CO,sublevel,h0,0.75,1,1,0,
trajectory_000000:8174,self,self.CO,sublevel,h0,0.9,2,2,0,
trajectory_000000:8174,self,self.CO,sublevel,h1,0.1,96,2,94,
trajectory_000000:8174,self,self.CO,sublevel,h1,0.25,96,2,94,
trajectory_000000:8174,self,self.CO,sublevel,h1,0.5,0,0,0,
trajectory_000000:8174,self,self.CO,sublevel,h1,0.75,2,2,0,
trajectory_000000:8174,self,self.CO,sublevel,h1,0.9,4,4,0,
trajectory_000000:8174,self,self.T,sublevel,h0,0.1,2,6,4,
trajectory_000000:8174,self,self.T,sublevel,h0,0.25,3,1,2,
trajectory_000000:8174,self,self.T,sublevel,h0,0.5,1,1,0,
trajectory_000000:8174,self,self.T,sublevel,h0,0.75,1,2,1,
trajectory_000000:8174,self,self.T,sublevel,h0,0.9,1,1,0,
trajectory_000000:8174,self,self.T,sublevel,h1,0.1,1,0,1,
trajectory_000000:8174,self,self.T,sublevel,h1,0.25,0,1,1,
trajectory_000000:8174,self,self.T,sublevel,h1,0.5,0,0,0,
trajectory_000000:8174,self,self.T,sublevel,h1,0.75,4,0,4,
trajectory_000000:8174,self,self.T,sublevel,h1,0.9,3,0,3,
trajectory_000000:8174,mutual,mutual.CO+T,sublevel,h0,0.1,2,6,4,
trajectory_000000:8174,mutual,mutual.CO+T,sublevel,h0,0.25,3,1,2,
trajectory_000000:8174,mutual,mutual.CO+T,sublevel,h0,0.5,1,1,0,
trajectory_000000:8174,mutual,mutual.CO+T,sublevel,h0,0.75,10,13,3,
trajectory_000000:8174,mutual,mutual.CO+T,sublevel,h0,0.9,2,1,1,
trajectory_000000:8174,mutual,mutual.CO+T,sublevel,h1,0.1,1,0,1,
trajectory_000000:8174,mutual,mutual.CO+T,sublevel,h1,0.25,0,1,1,
trajectory_000000:8174,mutual,mutual.CO+T,sublevel,h1,0.5,0,0,0,
trajectory_000000:8174,mutual,mutual.CO+T,sublevel,h1,0.75,4,4,0,
trajectory_000000:8174,mutual,mutual.CO+T,sublevel,h1,0.9,5,6,1,
trajectory_000000:8174,mutual,mutual.CO+T,sublevel,h0,0.1,5,8,3,
trajectory_000000:8174,mutual,mutual.CO+T,sublevel,h0,0.25,5,8,3,
trajectory_000000:8174,mutual,mutual.CO+T,sublevel,h0,0.5,1,1,0,
trajectory_000000:8174,mutual,mutual.CO+T,sublevel,h0,0.75,10,9,1,
trajectory_000000:8174,mutual,mutual.CO+T,sublevel,h0,0.9,3,2,1,
trajectory_000000:8174,mutual,mutual.CO+T,sublevel,h1,0.1,96,2,94,
trajectory_000000:8174,mutual,mutual.CO+T,sublevel,h1,0.25,96,2,94,
trajectory_000000:8174,mutual,mutual.CO+T,sublevel,h1,0.5,0,0,0,
trajectory_000000:8174,mutual,mutual.CO+T,sublevel,h1,0.75,4,4,0,
trajectory_000000:8174,mutual,mutual.CO+T,sublevel,h1,0.9,6,7,1,
trajectory_000000:8174,mutual,mutual.CO+T,sublevel,h0,0.1,2,6,4,
trajectory_000000:8174,mutual,mutual.CO+T,sublevel,h0,0.25,3,1,2,
trajectory_000000:8174,mutual,mutual.CO+T,sublevel,h0,0.5,1,1,0,
trajectory_000000:8174,mutual,mutual.CO+T,sublevel,h0,0.75,1,1,0,
trajectory_000000:8174,mutual,mutual.CO+T,sublevel,h0,0.9,2,2,0,
trajectory_000000:8174,mutual,mutual.CO+T,sublevel,h1,0.1,1,0,1,
trajectory_000000:8174,mutual,mutual.CO+T,sublevel,h1,0.25,0,1,1,
trajectory_000000:8174,mutual,mutual.CO+T,sublevel,h1,0.5,0,0,0,
trajectory_000000:8174,mutual,mutual.CO+T,sublevel,h1,0.75,2,2,0,
trajectory_000000:8174,mutual,mutual.CO+T,sublevel,h1,0.9,4,4,0,
trajectory_000000:8174,self,self.CO,superlevel,h0,0.1,7,5,2,
trajectory_000000:8174,self,self.CO,superlevel,h0,0.25,3,3,0,
trajectory_000000:8174,self,self.CO,superlevel,h0,0.5,1,1,0,
trajectory_000000:8174,self,self.CO,superlevel,h0,0.75,3,9,6,
trajectory_000000:8174,self,self.CO,superlevel,h0,0.9,3,9,6,
trajectory_000000:8174,self,self.CO,superlevel,h1,0.1,0,1,1,
trajectory_000000:8174,self,self.CO,superlevel,h1,0.25,0,0,0,
trajectory_000000:8174,self,self.CO,superlevel,h1,0.5,0,0,0,
trajectory_000000:8174,self,self.CO,superlevel,h1,0.75,107,5,102,
trajectory_000000:8174,self,self.CO,superlevel,h1,0.9,107,5,102,
trajectory_000000:8174,self,self.T,superlevel,h0,0.1,4,1,3,
trajectory_000000:8174,self,self.T,superlevel,h0,0.25,6,1,5,
trajectory_000000:8174,self,self.T,superlevel,h0,0.5,1,1,0,
trajectory_000000:8174,self,self.T,superlevel,h0,0.75,1,9,8,
trajectory_000000:8174,self,self.T,superlevel,h0,0.9,2,4,2,
trajectory_000000:8174,self,self.T,superlevel,h1,0.1,0,0,0,
trajectory_000000:8174,self,self.T,superlevel,h1,0.25,0,1,1,
trajectory_000000:8174,self,self.T,superlevel,h1,0.5,0,0,0,
trajectory_000000:8174,self,self.T,superlevel,h1,0.75,1,0,1,
trajectory_000000:8174,self,self.T,superlevel,h1,0.9,0,2,2,
trajectory_000000:8174,mutual,mutual.CO+T,superlevel,h0,0.1,4,3,1,
trajectory_000000:8174,mutual,mutual.CO+T,superlevel,h0,0.25,2,3,1,
trajectory_000000:8174,mutual,mutual.CO+T,superlevel,h0,0.5,1,1,0,
trajectory_000000:8174,mutual,mutual.CO+T,superlevel,h0,0.75,1,9,8,
trajectory_000000:8174,mutual,mutual.CO+T,superlevel,h0,0.9,2,4,2,
trajectory_000000:8174,mutual,mutual.CO+T,superlevel,h1,0.1,1,2,1,
trajectory_000000:8174,mutual,mutual.CO+T,superlevel,h1,0.25,1,0,1,
trajectory_000000:8174,mutual,mutual.CO+T,superlevel,h1,0.5,0,0,0,
trajectory_000000:8174,mutual,mutual.CO+T,superlevel,h1,0.75,1,0,1,
trajectory_000000:8174,mutual,mutual.CO+T,superlevel,h1,0.9,0,2,2,
trajectory_000000:8174,mutual,mutual.CO+T,superlevel,h0,0.1,5,7,2,
trajectory_000000:8174,mutual,mutual.CO+T,superlevel,h0,0.25,6,3,3,
trajectory_000000:8174,mutual,mutual.CO+T,superlevel,h0,0.5,1,1,0,
trajectory_000000:8174,mutual,mutual.CO+T,superlevel,h0,0.75,1,9,8,
trajectory_000000:8174,mutual,mutual.CO+T,superlevel,h0,0.9,2,4,2,
trajectory_000000:8174,mutual,mutual.CO+T,superlevel,h1,0.1,0,0,0,
trajectory_000000:8174,mutual,mutual.CO+T,superlevel,h1,0.25,2,1,1,
trajectory_000000:8174,mutual,mutual.CO+T,superlevel,h1,0.5,0,0,0,
trajectory_000000:8174,mutual,mutual.CO+T,superlevel,h1,0.75,1,0,1,
trajectory_000000:8174,mutual,mutual.CO+T,superlevel,h1,0.9,0,2,2,
trajectory_000000:8174,mutual,mutual.CO+T,superlevel,h0,0.1,4,2,2,
trajectory_000000:8174,mutual,mutual.CO+T,superlevel,h0,0.25,6,4,2,
trajectory_000000:8174,mutual,mutual.CO+T,superlevel,h0,0.5,1,1,0,
trajectory_000000:8174,mutual,mutual.CO+T,superlevel,h0,0.75,3,9,6,
trajectory_000000:8174,mutual,mutual.CO+T,superlevel,h0,0.9,3,9,6,
trajectory_000000:8174,mutual,mutual.CO+T,superlevel,h1,0.1,2,0,2,
trajectory_000000:8174,mutual,mutual.CO+T,superlevel,h1,0.25,2,1,1,
trajectory_000000:8174,mutual,mutual.CO+T,superlevel,h1,0.5,0,0,0,
trajectory_000000:8174,mutual,mutual.CO+T,superlevel,h1,0.75,107,5,102,
trajectory_000000:8174,mutual,mutual.CO+T,superlevel,h1,0.9,107,5,102,
trajectory_000000:8174,persistence_distance,topology.self.persistence,,,,,,,0.0074127851985394955
trajectory_000000:8174,persistence_distance,topology.mutual.persistence,,,,,,,0.0009064323385246098
trajectory_000000:8174,persistence_distance,topology.component_weighted_total_before_outer_family_weight,,,,,,,0.008319217711687088
trajectory_000000:8174,dimension_distance_diagnostic,topology.self.CO.h0,,,,,,,0.027421221137046814
trajectory_000000:8174,dimension_distance_diagnostic,topology.self.CO.h1,,,,,,,0.0007501450600102544
trajectory_000000:8174,dimension_distance_diagnostic,topology.self.T.h0,,,,,,,0.0013415133580565453
trajectory_000000:8174,dimension_distance_diagnostic,topology.self.T.h1,,,,,,,0.00013826353824697435
trajectory_000000:8174,dimension_distance_diagnostic,topology.mutual.CO+T.h0,,,,,,,0.0011843371903523803
trajectory_000000:8174,dimension_distance_diagnostic,topology.mutual.CO+T.h1,,,,,,,0.0006285274284891784
trajectory_000000:8190,self,self.CO,sublevel,h0,0.1,1,5,4,
trajectory_000000:8190,self,self.CO,sublevel,h0,0.25,1,5,4,
trajectory_000000:8190,self,self.CO,sublevel,h0,0.5,1,13,12,
trajectory_000000:8190,self,self.CO,sublevel,h0,0.75,4,2,2,
trajectory_000000:8190,self,self.CO,sublevel,h0,0.9,1,1,0,
trajectory_000000:8190,self,self.CO,sublevel,h1,0.1,104,0,104,
trajectory_000000:8190,self,self.CO,sublevel,h1,0.25,104,0,104,
trajectory_000000:8190,self,self.CO,sublevel,h1,0.5,0,0,0,
trajectory_000000:8190,self,self.CO,sublevel,h1,0.75,1,1,0,
trajectory_000000:8190,self,self.CO,sublevel,h1,0.9,1,4,3,
trajectory_000000:8190,self,self.T,sublevel,h0,0.1,1,1,0,
trajectory_000000:8190,self,self.T,sublevel,h0,0.25,2,5,3,
trajectory_000000:8190,self,self.T,sublevel,h0,0.5,1,1,0,
trajectory_000000:8190,self,self.T,sublevel,h0,0.75,3,2,1,
trajectory_000000:8190,self,self.T,sublevel,h0,0.9,1,1,0,
trajectory_000000:8190,self,self.T,sublevel,h1,0.1,1,0,1,
trajectory_000000:8190,self,self.T,sublevel,h1,0.25,0,0,0,
trajectory_000000:8190,self,self.T,sublevel,h1,0.5,0,0,0,
trajectory_000000:8190,self,self.T,sublevel,h1,0.75,2,2,0,
trajectory_000000:8190,self,self.T,sublevel,h1,0.9,0,0,0,
trajectory_000000:8190,mutual,mutual.CO+T,sublevel,h0,0.1,1,1,0,
trajectory_000000:8190,mutual,mutual.CO+T,sublevel,h0,0.25,2,5,3,
trajectory_000000:8190,mutual,mutual.CO+T,sublevel,h0,0.5,1,1,0,
trajectory_000000:8190,mutual,mutual.CO+T,sublevel,h0,0.75,4,2,2,
trajectory_000000:8190,mutual,mutual.CO+T,sublevel,h0,0.9,1,2,1,
trajectory_000000:8190,mutual,mutual.CO+T,sublevel,h1,0.1,1,0,1,
trajectory_000000:8190,mutual,mutual.CO+T,sublevel,h1,0.25,0,0,0,
trajectory_000000:8190,mutual,mutual.CO+T,sublevel,h1,0.5,0,0,0,
trajectory_000000:8190,mutual,mutual.CO+T,sublevel,h1,0.75,2,2,0,
trajectory_000000:8190,mutual,mutual.CO+T,sublevel,h1,0.9,6,8,2,
trajectory_000000:8190,mutual,mutual.CO+T,sublevel,h0,0.1,1,5,4,
trajectory_000000:8190,mutual,mutual.CO+T,sublevel,h0,0.25,1,5,4,
trajectory_000000:8190,mutual,mutual.CO+T,sublevel,h0,0.5,1,13,12,
trajectory_000000:8190,mutual,mutual.CO+T,sublevel,h0,0.75,4,2,2,
trajectory_000000:8190,mutual,mutual.CO+T,sublevel,h0,0.9,2,3,1,
trajectory_000000:8190,mutual,mutual.CO+T,sublevel,h1,0.1,104,0,104,
trajectory_000000:8190,mutual,mutual.CO+T,sublevel,h1,0.25,104,0,104,
trajectory_000000:8190,mutual,mutual.CO+T,sublevel,h1,0.5,0,0,0,
trajectory_000000:8190,mutual,mutual.CO+T,sublevel,h1,0.75,2,2,0,
trajectory_000000:8190,mutual,mutual.CO+T,sublevel,h1,0.9,7,8,1,
trajectory_000000:8190,mutual,mutual.CO+T,sublevel,h0,0.1,1,1,0,
trajectory_000000:8190,mutual,mutual.CO+T,sublevel,h0,0.25,2,5,3,
trajectory_000000:8190,mutual,mutual.CO+T,sublevel,h0,0.5,1,1,0,
trajectory_000000:8190,mutual,mutual.CO+T,sublevel,h0,0.75,4,2,2,
trajectory_000000:8190,mutual,mutual.CO+T,sublevel,h0,0.9,1,1,0,
trajectory_000000:8190,mutual,mutual.CO+T,sublevel,h1,0.1,1,0,1,
trajectory_000000:8190,mutual,mutual.CO+T,sublevel,h1,0.25,0,0,0,
trajectory_000000:8190,mutual,mutual.CO+T,sublevel,h1,0.5,0,0,0,
trajectory_000000:8190,mutual,mutual.CO+T,sublevel,h1,0.75,1,1,0,
trajectory_000000:8190,mutual,mutual.CO+T,sublevel,h1,0.9,1,4,3,
trajectory_000000:8190,self,self.CO,superlevel,h0,0.1,3,5,2,
trajectory_000000:8190,self,self.CO,superlevel,h0,0.25,4,3,1,
trajectory_000000:8190,self,self.CO,superlevel,h0,0.5,1,1,0,
trajectory_000000:8190,self,self.CO,superlevel,h0,0.75,1,1,0,
trajectory_000000:8190,self,self.CO,superlevel,h0,0.9,1,1,0,
trajectory_000000:8190,self,self.CO,superlevel,h1,0.1,0,0,0,
trajectory_000000:8190,self,self.CO,superlevel,h1,0.25,3,1,2,
trajectory_000000:8190,self,self.CO,superlevel,h1,0.5,0,11,11,
trajectory_000000:8190,self,self.CO,superlevel,h1,0.75,1,4,3,
trajectory_000000:8190,self,self.CO,superlevel,h1,0.9,1,4,3,
trajectory_000000:8190,self,self.T,superlevel,h0,0.1,1,1,0,
trajectory_000000:8190,self,self.T,superlevel,h0,0.25,4,3,1,
trajectory_000000:8190,self,self.T,superlevel,h0,0.5,1,3,2,
trajectory_000000:8190,self,self.T,superlevel,h0,0.75,1,1,0,
trajectory_000000:8190,self,self.T,superlevel,h0,0.9,4,2,2,
trajectory_000000:8190,self,self.T,superlevel,h1,0.1,0,0,0,
trajectory_000000:8190,self,self.T,superlevel,h1,0.25,1,1,0,
trajectory_000000:8190,self,self.T,superlevel,h1,0.5,0,0,0,
trajectory_000000:8190,self,self.T,superlevel,h1,0.75,0,1,1,
trajectory_000000:8190,self,self.T,superlevel,h1,0.9,0,0,0,
trajectory_000000:8190,mutual,mutual.CO+T,superlevel,h0,0.1,2,1,1,
trajectory_000000:8190,mutual,mutual.CO+T,superlevel,h0,0.25,2,2,0,
trajectory_000000:8190,mutual,mutual.CO+T,superlevel,h0,0.5,1,3,2,
trajectory_000000:8190,mutual,mutual.CO+T,superlevel,h0,0.75,1,1,0,
trajectory_000000:8190,mutual,mutual.CO+T,superlevel,h0,0.9,4,2,2,
trajectory_000000:8190,mutual,mutual.CO+T,superlevel,h1,0.1,0,0,0,
trajectory_000000:8190,mutual,mutual.CO+T,superlevel,h1,0.25,2,2,0,
trajectory_000000:8190,mutual,mutual.CO+T,superlevel,h1,0.5,0,0,0,
trajectory_000000:8190,mutual,mutual.CO+T,superlevel,h1,0.75,0,1,1,
trajectory_000000:8190,mutual,mutual.CO+T,superlevel,h1,0.9,0,0,0,
trajectory_000000:8190,mutual,mutual.CO+T,superlevel,h0,0.1,10,5,5,
trajectory_000000:8190,mutual,mutual.CO+T,superlevel,h0,0.25,2,1,1,
trajectory_000000:8190,mutual,mutual.CO+T,superlevel,h0,0.5,1,3,2,
trajectory_000000:8190,mutual,mutual.CO+T,superlevel,h0,0.75,1,1,0,
trajectory_000000:8190,mutual,mutual.CO+T,superlevel,h0,0.9,4,2,2,
trajectory_000000:8190,mutual,mutual.CO+T,superlevel,h1,0.1,0,1,1,
trajectory_000000:8190,mutual,mutual.CO+T,superlevel,h1,0.25,3,2,1,
trajectory_000000:8190,mutual,mutual.CO+T,superlevel,h1,0.5,0,0,0,
trajectory_000000:8190,mutual,mutual.CO+T,superlevel,h1,0.75,0,1,1,
trajectory_000000:8190,mutual,mutual.CO+T,superlevel,h1,0.9,0,0,0,
trajectory_000000:8190,mutual,mutual.CO+T,superlevel,h0,0.1,7,3,4,
trajectory_000000:8190,mutual,mutual.CO+T,superlevel,h0,0.25,1,1,0,
trajectory_000000:8190,mutual,mutual.CO+T,superlevel,h0,0.5,1,1,0,
trajectory_000000:8190,mutual,mutual.CO+T,superlevel,h0,0.75,1,1,0,
trajectory_000000:8190,mutual,mutual.CO+T,superlevel,h0,0.9,1,1,0,
trajectory_000000:8190,mutual,mutual.CO+T,superlevel,h1,0.1,0,0,0,
trajectory_000000:8190,mutual,mutual.CO+T,superlevel,h1,0.25,3,2,1,
trajectory_000000:8190,mutual,mutual.CO+T,superlevel,h1,0.5,0,11,11,
trajectory_000000:8190,mutual,mutual.CO+T,superlevel,h1,0.75,1,4,3,
trajectory_000000:8190,mutual,mutual.CO+T,superlevel,h1,0.9,1,4,3,
trajectory_000000:8190,persistence_distance,topology.self.persistence,,,,,,,0.003116412553936243
trajectory_000000:8190,persistence_distance,topology.mutual.persistence,,,,,,,0.0008983653387986124
trajectory_000000:8190,persistence_distance,topology.component_weighted_total_before_outer_family_weight,,,,,,,0.004014777950942516
trajectory_000000:8190,dimension_distance_diagnostic,topology.self.CO.h0,,,,,,,0.010315848514437675
trajectory_000000:8190,dimension_distance_diagnostic,topology.self.CO.h1,,,,,,,0.0007871021516621113
trajectory_000000:8190,dimension_distance_diagnostic,topology.self.T.h0,,,,,,,0.0011418822687119246
trajectory_000000:8190,dimension_distance_diagnostic,topology.self.T.h1,,,,,,,0.0002208166552009061
trajectory_000000:8190,dimension_distance_diagnostic,topology.mutual.CO+T.h0,,,,,,,0.001131556462496519
trajectory_000000:8190,dimension_distance_diagnostic,topology.mutual.CO+T.h1,,,,,,,0.0006651740986853838
trajectory_000000:8206,self,self.CO,sublevel,h0,0.1,5,16,11,
trajectory_000000:8206,self,self.CO,sublevel,h0,0.25,5,16,11,
trajectory_000000:8206,self,self.CO,sublevel,h0,0.5,1,11,10,
trajectory_000000:8206,self,self.CO,sublevel,h0,0.75,6,7,1,
trajectory_000000:8206,self,self.CO,sublevel,h0,0.9,6,1,5,
trajectory_000000:8206,self,self.CO,sublevel,h1,0.1,100,1,99,
trajectory_000000:8206,self,self.CO,sublevel,h1,0.25,100,1,99,
trajectory_000000:8206,self,self.CO,sublevel,h1,0.5,0,4,4,
trajectory_000000:8206,self,self.CO,sublevel,h1,0.75,1,1,0,
trajectory_000000:8206,self,self.CO,sublevel,h1,0.9,6,12,6,
trajectory_000000:8206,self,self.T,sublevel,h0,0.1,4,3,1,
trajectory_000000:8206,self,self.T,sublevel,h0,0.25,1,2,1,
trajectory_000000:8206,self,self.T,sublevel,h0,0.5,1,2,1,
trajectory_000000:8206,self,self.T,sublevel,h0,0.75,3,2,1,
trajectory_000000:8206,self,self.T,sublevel,h0,0.9,2,2,0,
trajectory_000000:8206,self,self.T,sublevel,h1,0.1,0,4,4,
trajectory_000000:8206,self,self.T,sublevel,h1,0.25,0,1,1,
trajectory_000000:8206,self,self.T,sublevel,h1,0.5,1,1,0,
trajectory_000000:8206,self,self.T,sublevel,h1,0.75,5,1,4,
trajectory_000000:8206,self,self.T,sublevel,h1,0.9,3,3,0,
trajectory_000000:8206,mutual,mutual.CO+T,sublevel,h0,0.1,4,3,1,
trajectory_000000:8206,mutual,mutual.CO+T,sublevel,h0,0.25,1,2,1,
trajectory_000000:8206,mutual,mutual.CO+T,sublevel,h0,0.5,1,2,1,
trajectory_000000:8206,mutual,mutual.CO+T,sublevel,h0,0.75,9,5,4,
trajectory_000000:8206,mutual,mutual.CO+T,sublevel,h0,0.9,4,1,3,
trajectory_000000:8206,mutual,mutual.CO+T,sublevel,h1,0.1,0,4,4,
trajectory_000000:8206,mutual,mutual.CO+T,sublevel,h1,0.25,0,1,1,
trajectory_000000:8206,mutual,mutual.CO+T,sublevel,h1,0.5,1,1,0,
trajectory_000000:8206,mutual,mutual.CO+T,sublevel,h1,0.75,3,5,2,
trajectory_000000:8206,mutual,mutual.CO+T,sublevel,h1,0.9,8,14,6,
trajectory_000000:8206,mutual,mutual.CO+T,sublevel,h0,0.1,1,16,15,
trajectory_000000:8206,mutual,mutual.CO+T,sublevel,h0,0.25,1,16,15,
trajectory_000000:8206,mutual,mutual.CO+T,sublevel,h0,0.5,1,11,10,
trajectory_000000:8206,mutual,mutual.CO+T,sublevel,h0,0.75,9,5,4,
trajectory_000000:8206,mutual,mutual.CO+T,sublevel,h0,0.9,4,1,3,
trajectory_000000:8206,mutual,mutual.CO+T,sublevel,h1,0.1,1,1,0,
trajectory_000000:8206,mutual,mutual.CO+T,sublevel,h1,0.25,1,1,0,
trajectory_000000:8206,mutual,mutual.CO+T,sublevel,h1,0.5,0,4,4,
trajectory_000000:8206,mutual,mutual.CO+T,sublevel,h1,0.75,3,6,3,
trajectory_000000:8206,mutual,mutual.CO+T,sublevel,h1,0.9,11,12,1,
trajectory_000000:8206,mutual,mutual.CO+T,sublevel,h0,0.1,4,3,1,
trajectory_000000:8206,mutual,mutual.CO+T,sublevel,h0,0.25,1,2,1,
trajectory_000000:8206,mutual,mutual.CO+T,sublevel,h0,0.5,1,2,1,
trajectory_000000:8206,mutual,mutual.CO+T,sublevel,h0,0.75,6,6,0,
trajectory_000000:8206,mutual,mutual.CO+T,sublevel,h0,0.9,6,1,5,
trajectory_000000:8206,mutual,mutual.CO+T,sublevel,h1,0.1,0,4,4,
trajectory_000000:8206,mutual,mutual.CO+T,sublevel,h1,0.25,0,1,1,
trajectory_000000:8206,mutual,mutual.CO+T,sublevel,h1,0.5,1,1,0,
trajectory_000000:8206,mutual,mutual.CO+T,sublevel,h1,0.75,1,2,1,
trajectory_000000:8206,mutual,mutual.CO+T,sublevel,h1,0.9,6,12,6,
trajectory_000000:8206,self,self.CO,superlevel,h0,0.1,9,15,6,
trajectory_000000:8206,self,self.CO,superlevel,h0,0.25,4,4,0,
trajectory_000000:8206,self,self.CO,superlevel,h0,0.5,1,12,11,
trajectory_000000:8206,self,self.CO,superlevel,h0,0.75,1,3,2,
trajectory_000000:8206,self,self.CO,superlevel,h0,0.9,1,3,2,
trajectory_000000:8206,self,self.CO,superlevel,h1,0.1,1,0,1,
trajectory_000000:8206,self,self.CO,superlevel,h1,0.25,3,3,0,
trajectory_000000:8206,self,self.CO,superlevel,h1,0.5,0,7,7,
trajectory_000000:8206,self,self.CO,superlevel,h1,0.75,117,12,105,
trajectory_000000:8206,self,self.CO,superlevel,h1,0.9,117,12,105,
trajectory_000000:8206,self,self.T,superlevel,h0,0.1,4,4,0,
trajectory_000000:8206,self,self.T,superlevel,h0,0.25,7,5,2,
trajectory_000000:8206,self,self.T,superlevel,h0,0.5,2,2,0,
trajectory_000000:8206,self,self.T,superlevel,h0,0.75,1,2,1,
trajectory_000000:8206,self,self.T,superlevel,h0,0.9,1,8,7,
trajectory_000000:8206,self,self.T,superlevel,h1,0.1,0,1,1,
trajectory_000000:8206,self,self.T,superlevel,h1,0.25,1,0,1,
trajectory_000000:8206,self,self.T,superlevel,h1,0.5,0,1,1,
trajectory_000000:8206,self,self.T,superlevel,h1,0.75,0,0,0,
trajectory_000000:8206,self,self.T,superlevel,h1,0.9,2,2,0,
trajectory_000000:8206,mutual,mutual.CO+T,superlevel,h0,0.1,10,5,5,
trajectory_000000:8206,mutual,mutual.CO+T,superlevel,h0,0.25,7,7,0,
trajectory_000000:8206,mutual,mutual.CO+T,superlevel,h0,0.5,2,2,0,
trajectory_000000:8206,mutual,mutual.CO+T,superlevel,h0,0.75,1,2,1,
trajectory_000000:8206,mutual,mutual.CO+T,superlevel,h0,0.9,1,8,7,
trajectory_000000:8206,mutual,mutual.CO+T,superlevel,h1,0.1,0,0,0,
trajectory_000000:8206,mutual,mutual.CO+T,superlevel,h1,0.25,2,1,1,
trajectory_000000:8206,mutual,mutual.CO+T,superlevel,h1,0.5,0,1,1,
trajectory_000000:8206,mutual,mutual.CO+T,superlevel,h1,0.75,0,0,0,
trajectory_000000:8206,mutual,mutual.CO+T,superlevel,h1,0.9,2,2,0,
trajectory_000000:8206,mutual,mutual.CO+T,superlevel,h0,0.1,17,18,1,
trajectory_000000:8206,mutual,mutual.CO+T,superlevel,h0,0.25,2,7,5,
trajectory_000000:8206,mutual,mutual.CO+T,superlevel,h0,0.5,2,2,0,
trajectory_000000:8206,mutual,mutual.CO+T,superlevel,h0,0.75,1,2,1,
trajectory_000000:8206,mutual,mutual.CO+T,superlevel,h0,0.9,1,8,7,
trajectory_000000:8206,mutual,mutual.CO+T,superlevel,h1,0.1,0,0,0,
trajectory_000000:8206,mutual,mutual.CO+T,superlevel,h1,0.25,4,2,2,
trajectory_000000:8206,mutual,mutual.CO+T,superlevel,h1,0.5,0,1,1,
trajectory_000000:8206,mutual,mutual.CO+T,superlevel,h1,0.75,0,0,0,
trajectory_000000:8206,mutual,mutual.CO+T,superlevel,h1,0.9,2,2,0,
trajectory_000000:8206,mutual,mutual.CO+T,superlevel,h0,0.1,19,9,10,
trajectory_000000:8206,mutual,mutual.CO+T,superlevel,h0,0.25,2,7,5,
trajectory_000000:8206,mutual,mutual.CO+T,superlevel,h0,0.5,1,12,11,
trajectory_000000:8206,mutual,mutual.CO+T,superlevel,h0,0.75,1,3,2,
trajectory_000000:8206,mutual,mutual.CO+T,superlevel,h0,0.9,1,3,2,
trajectory_000000:8206,mutual,mutual.CO+T,superlevel,h1,0.1,1,1,0,
trajectory_000000:8206,mutual,mutual.CO+T,superlevel,h1,0.25,4,3,1,
trajectory_000000:8206,mutual,mutual.CO+T,superlevel,h1,0.5,0,7,7,
trajectory_000000:8206,mutual,mutual.CO+T,superlevel,h1,0.75,117,12,105,
trajectory_000000:8206,mutual,mutual.CO+T,superlevel,h1,0.9,117,12,105,
trajectory_000000:8206,persistence_distance,topology.self.persistence,,,,,,,0.003607499413192272
trajectory_000000:8206,persistence_distance,topology.mutual.persistence,,,,,,,0.001620954368263483
trajectory_000000:8206,persistence_distance,topology.component_weighted_total_before_outer_family_weight,,,,,,,0.005228453781455755
trajectory_000000:8206,dimension_distance_diagnostic,topology.self.CO.h0,,,,,,,0.011141725815832615
trajectory_000000:8206,dimension_distance_diagnostic,topology.self.CO.h1,,,,,,,0.0012049671495333314
trajectory_000000:8206,dimension_distance_diagnostic,topology.self.T.h0,,,,,,,0.0017994048539549112
trajectory_000000:8206,dimension_distance_diagnostic,topology.self.T.h1,,,,,,,0.0002838991058524698
trajectory_000000:8206,dimension_distance_diagnostic,topology.mutual.CO+T.h0,,,,,,,0.002240297617390752
trajectory_000000:8206,dimension_distance_diagnostic,topology.mutual.CO+T.h1,,,,,,,0.001001611351966858
trajectory_000000:8222,self,self.CO,sublevel,h0,0.1,5,4,1,
trajectory_000000:8222,self,self.CO,sublevel,h0,0.25,5,4,1,
trajectory_000000:8222,self,self.CO,sublevel,h0,0.5,1,4,3,
trajectory_000000:8222,self,self.CO,sublevel,h0,0.75,9,1,8,
trajectory_000000:8222,self,self.CO,sublevel,h0,0.9,1,1,0,
trajectory_000000:8222,self,self.CO,sublevel,h1,0.1,98,8,90,
trajectory_000000:8222,self,self.CO,sublevel,h1,0.25,98,8,90,
trajectory_000000:8222,self,self.CO,sublevel,h1,0.5,0,3,3,
trajectory_000000:8222,self,self.CO,sublevel,h1,0.75,0,2,2,
trajectory_000000:8222,self,self.CO,sublevel,h1,0.9,11,4,7,
trajectory_000000:8222,self,self.T,sublevel,h0,0.1,2,7,5,
trajectory_000000:8222,self,self.T,sublevel,h0,0.25,2,3,1,
trajectory_000000:8222,self,self.T,sublevel,h0,0.5,1,1,0,
trajectory_000000:8222,self,self.T,sublevel,h0,0.75,6,2,4,
trajectory_000000:8222,self,self.T,sublevel,h0,0.9,1,1,0,
trajectory_000000:8222,self,self.T,sublevel,h1,0.1,0,1,1,
trajectory_000000:8222,self,self.T,sublevel,h1,0.25,0,0,0,
trajectory_000000:8222,self,self.T,sublevel,h1,0.5,0,0,0,
trajectory_000000:8222,self,self.T,sublevel,h1,0.75,5,0,5,
trajectory_000000:8222,self,self.T,sublevel,h1,0.9,5,2,3,
trajectory_000000:8222,mutual,mutual.CO+T,sublevel,h0,0.1,2,7,5,
trajectory_000000:8222,mutual,mutual.CO+T,sublevel,h0,0.25,2,3,1,
trajectory_000000:8222,mutual,mutual.CO+T,sublevel,h0,0.5,1,1,0,
trajectory_000000:8222,mutual,mutual.CO+T,sublevel,h0,0.75,5,5,0,
trajectory_000000:8222,mutual,mutual.CO+T,sublevel,h0,0.9,1,1,0,
trajectory_000000:8222,mutual,mutual.CO+T,sublevel,h1,0.1,0,1,1,
trajectory_000000:8222,mutual,mutual.CO+T,sublevel,h1,0.25,0,0,0,
trajectory_000000:8222,mutual,mutual.CO+T,sublevel,h1,0.5,0,0,0,
trajectory_000000:8222,mutual,mutual.CO+T,sublevel,h1,0.75,6,3,3,
trajectory_000000:8222,mutual,mutual.CO+T,sublevel,h1,0.9,14,6,8,
trajectory_000000:8222,mutual,mutual.CO+T,sublevel,h0,0.1,1,4,3,
trajectory_000000:8222,mutual,mutual.CO+T,sublevel,h0,0.25,1,4,3,
trajectory_000000:8222,mutual,mutual.CO+T,sublevel,h0,0.5,1,4,3,
trajectory_000000:8222,mutual,mutual.CO+T,sublevel,h0,0.75,5,6,1,
trajectory_000000:8222,mutual,mutual.CO+T,sublevel,h0,0.9,2,1,1,
trajectory_000000:8222,mutual,mutual.CO+T,sublevel,h1,0.1,0,8,8,
trajectory_000000:8222,mutual,mutual.CO+T,sublevel,h1,0.25,0,8,8,
trajectory_000000:8222,mutual,mutual.CO+T,sublevel,h1,0.5,0,3,3,
trajectory_000000:8222,mutual,mutual.CO+T,sublevel,h1,0.75,7,3,4,
trajectory_000000:8222,mutual,mutual.CO+T,sublevel,h1,0.9,18,7,11,
trajectory_000000:8222,mutual,mutual.CO+T,sublevel,h0,0.1,2,7,5,
trajectory_000000:8222,mutual,mutual.CO+T,sublevel,h0,0.25,2,3,1,
trajectory_000000:8222,mutual,mutual.CO+T,sublevel,h0,0.5,1,1,0,
trajectory_000000:8222,mutual,mutual.CO+T,sublevel,h0,0.75,7,1,6,
trajectory_000000:8222,mutual,mutual.CO+T,sublevel,h0,0.9,1,1,0,
trajectory_000000:8222,mutual,mutual.CO+T,sublevel,h1,0.1,0,1,1,
trajectory_000000:8222,mutual,mutual.CO+T,sublevel,h1,0.25,0,0,0,
trajectory_000000:8222,mutual,mutual.CO+T,sublevel,h1,0.5,0,0,0,
trajectory_000000:8222,mutual,mutual.CO+T,sublevel,h1,0.75,1,3,2,
trajectory_000000:8222,mutual,mutual.CO+T,sublevel,h1,0.9,11,4,7,
trajectory_000000:8222,self,self.CO,superlevel,h0,0.1,14,6,8,
trajectory_000000:8222,self,self.CO,superlevel,h0,0.25,4,5,1,
trajectory_000000:8222,self,self.CO,superlevel,h0,0.5,1,12,11,
trajectory_000000:8222,self,self.CO,superlevel,h0,0.75,1,17,16,
trajectory_000000:8222,self,self.CO,superlevel,h0,0.9,1,17,16,
trajectory_000000:8222,self,self.CO,superlevel,h1,0.1,0,0,0,
trajectory_000000:8222,self,self.CO,superlevel,h1,0.25,5,0,5,
trajectory_000000:8222,self,self.CO,superlevel,h1,0.5,0,3,3,
trajectory_000000:8222,self,self.CO,superlevel,h1,0.75,112,0,112,
trajectory_000000:8222,self,self.CO,superlevel,h1,0.9,112,0,112,
trajectory_000000:8222,self,self.T,superlevel,h0,0.1,6,2,4,
trajectory_000000:8222,self,self.T,superlevel,h0,0.25,6,2,4,
trajectory_000000:8222,self,self.T,superlevel,h0,0.5,2,3,1,
trajectory_000000:8222,self,self.T,superlevel,h0,0.75,2,7,5,
trajectory_000000:8222,self,self.T,superlevel,h0,0.9,1,3,2,
trajectory_000000:8222,self,self.T,superlevel,h1,0.1,0,0,0,
trajectory_000000:8222,self,self.T,superlevel,h1,0.25,4,1,3,
trajectory_000000:8222,self,self.T,superlevel,h1,0.5,0,0,0,
trajectory_000000:8222,self,self.T,superlevel,h1,0.75,0,0,0,
trajectory_000000:8222,self,self.T,superlevel,h1,0.9,0,4,4,
trajectory_000000:8222,mutual,mutual.CO+T,superlevel,h0,0.1,2,9,7,
trajectory_000000:8222,mutual,mutual.CO+T,superlevel,h0,0.25,8,2,6,
trajectory_000000:8222,mutual,mutual.CO+T,superlevel,h0,0.5,2,3,1,
trajectory_000000:8222,mutual,mutual.CO+T,superlevel,h0,0.75,2,7,5,
trajectory_000000:8222,mutual,mutual.CO+T,superlevel,h0,0.9,1,3,2,
trajectory_000000:8222,mutual,mutual.CO+T,superlevel,h1,0.1,0,0,0,
trajectory_000000:8222,mutual,mutual.CO+T,superlevel,h1,0.25,0,1,1,
trajectory_000000:8222,mutual,mutual.CO+T,superlevel,h1,0.5,0,0,0,
trajectory_000000:8222,mutual,mutual.CO+T,superlevel,h1,0.75,0,0,0,
trajectory_000000:8222,mutual,mutual.CO+T,superlevel,h1,0.9,0,4,4,
trajectory_000000:8222,mutual,mutual.CO+T,superlevel,h0,0.1,21,6,15,
trajectory_000000:8222,mutual,mutual.CO+T,superlevel,h0,0.25,5,3,2,
trajectory_000000:8222,mutual,mutual.CO+T,superlevel,h0,0.5,2,3,1,
trajectory_000000:8222,mutual,mutual.CO+T,superlevel,h0,0.75,2,7,5,
trajectory_000000:8222,mutual,mutual.CO+T,superlevel,h0,0.9,1,3,2,
trajectory_000000:8222,mutual,mutual.CO+T,superlevel,h1,0.1,0,0,0,
trajectory_000000:8222,mutual,mutual.CO+T,superlevel,h1,0.25,3,1,2,
trajectory_000000:8222,mutual,mutual.CO+T,superlevel,h1,0.5,0,0,0,
trajectory_000000:8222,mutual,mutual.CO+T,superlevel,h1,0.75,0,0,0,
trajectory_000000:8222,mutual,mutual.CO+T,superlevel,h1,0.9,0,4,4,
trajectory_000000:8222,mutual,mutual.CO+T,superlevel,h0,0.1,17,9,8,
trajectory_000000:8222,mutual,mutual.CO+T,superlevel,h0,0.25,5,3,2,
trajectory_000000:8222,mutual,mutual.CO+T,superlevel,h0,0.5,1,12,11,
trajectory_000000:8222,mutual,mutual.CO+T,superlevel,h0,0.75,1,17,16,
trajectory_000000:8222,mutual,mutual.CO+T,superlevel,h0,0.9,1,17,16,
trajectory_000000:8222,mutual,mutual.CO+T,superlevel,h1,0.1,1,0,1,
trajectory_000000:8222,mutual,mutual.CO+T,superlevel,h1,0.25,2,1,1,
trajectory_000000:8222,mutual,mutual.CO+T,superlevel,h1,0.5,0,3,3,
trajectory_000000:8222,mutual,mutual.CO+T,superlevel,h1,0.75,112,0,112,
trajectory_000000:8222,mutual,mutual.CO+T,superlevel,h1,0.9,112,0,112,
trajectory_000000:8222,persistence_distance,topology.self.persistence,,,,,,,0.003852369263768196
trajectory_000000:8222,persistence_distance,topology.mutual.persistence,,,,,,,0.0023381225764751434
trajectory_000000:8222,persistence_distance,topology.component_weighted_total_before_outer_family_weight,,,,,,,0.0061904918402433395
trajectory_000000:8222,dimension_distance_diagnostic,topology.self.CO.h0,,,,,,,0.011794047430157661
trajectory_000000:8222,dimension_distance_diagnostic,topology.self.CO.h1,,,,,,,0.0015118718147277832
trajectory_000000:8222,dimension_distance_diagnostic,topology.self.T.h0,,,,,,,0.0017891048919409513
trajectory_000000:8222,dimension_distance_diagnostic,topology.self.T.h1,,,,,,,0.0003144526854157448
trajectory_000000:8222,dimension_distance_diagnostic,topology.mutual.CO+T.h0,,,,,,,0.0034376727417111397
trajectory_000000:8222,dimension_distance_diagnostic,topology.mutual.CO+T.h1,,,,,,,0.0012385722948238254
trajectory_000000:8237,self,self.CO,sublevel,h0,0.1,4,1,3,
trajectory_000000:8237,self,self.CO,sublevel,h0,0.25,4,1,3,
trajectory_000000:8237,self,self.CO,sublevel,h0,0.5,2,3,1,
trajectory_000000:8237,self,self.CO,sublevel,h0,0.75,3,2,1,
trajectory_000000:8237,self,self.CO,sublevel,h0,0.9,1,2,1,
trajectory_000000:8237,self,self.CO,sublevel,h1,0.1,87,1,86,
trajectory_000000:8237,self,self.CO,sublevel,h1,0.25,87,1,86,
trajectory_000000:8237,self,self.CO,sublevel,h1,0.5,0,0,0,
trajectory_000000:8237,self,self.CO,sublevel,h1,0.75,4,1,3,
trajectory_000000:8237,self,self.CO,sublevel,h1,0.9,9,2,7,
trajectory_000000:8237,self,self.T,sublevel,h0,0.1,5,2,3,
trajectory_000000:8237,self,self.T,sublevel,h0,0.25,3,6,3,
trajectory_000000:8237,self,self.T,sublevel,h0,0.5,1,1,0,
trajectory_000000:8237,self,self.T,sublevel,h0,0.75,1,2,1,
trajectory_000000:8237,self,self.T,sublevel,h0,0.9,1,1,0,
trajectory_000000:8237,self,self.T,sublevel,h1,0.1,0,1,1,
trajectory_000000:8237,self,self.T,sublevel,h1,0.25,0,2,2,
trajectory_000000:8237,self,self.T,sublevel,h1,0.5,0,0,0,
trajectory_000000:8237,self,self.T,sublevel,h1,0.75,2,0,2,
trajectory_000000:8237,self,self.T,sublevel,h1,0.9,3,6,3,
trajectory_000000:8237,mutual,mutual.CO+T,sublevel,h0,0.1,5,2,3,
trajectory_000000:8237,mutual,mutual.CO+T,sublevel,h0,0.25,3,6,3,
trajectory_000000:8237,mutual,mutual.CO+T,sublevel,h0,0.5,1,1,0,
trajectory_000000:8237,mutual,mutual.CO+T,sublevel,h0,0.75,11,12,1,
trajectory_000000:8237,mutual,mutual.CO+T,sublevel,h0,0.9,1,1,0,
trajectory_000000:8237,mutual,mutual.CO+T,sublevel,h1,0.1,0,1,1,
trajectory_000000:8237,mutual,mutual.CO+T,sublevel,h1,0.25,0,2,2,
trajectory_000000:8237,mutual,mutual.CO+T,sublevel,h1,0.5,0,0,0,
trajectory_000000:8237,mutual,mutual.CO+T,sublevel,h1,0.75,3,1,2,
trajectory_000000:8237,mutual,mutual.CO+T,sublevel,h1,0.9,14,2,12,
trajectory_000000:8237,mutual,mutual.CO+T,sublevel,h0,0.1,4,1,3,
trajectory_000000:8237,mutual,mutual.CO+T,sublevel,h0,0.25,4,1,3,
trajectory_000000:8237,mutual,mutual.CO+T,sublevel,h0,0.5,1,1,0,
trajectory_000000:8237,mutual,mutual.CO+T,sublevel,h0,0.75,12,16,4,
trajectory_000000:8237,mutual,mutual.CO+T,sublevel,h0,0.9,1,1,0,
trajectory_000000:8237,mutual,mutual.CO+T,sublevel,h1,0.1,87,1,86,
trajectory_000000:8237,mutual,mutual.CO+T,sublevel,h1,0.25,87,1,86,
trajectory_000000:8237,mutual,mutual.CO+T,sublevel,h1,0.5,0,0,0,
trajectory_000000:8237,mutual,mutual.CO+T,sublevel,h1,0.75,2,1,1,
trajectory_000000:8237,mutual,mutual.CO+T,sublevel,h1,0.9,14,2,12,
trajectory_000000:8237,mutual,mutual.CO+T,sublevel,h0,0.1,5,2,3,
trajectory_000000:8237,mutual,mutual.CO+T,sublevel,h0,0.25,3,5,2,
trajectory_000000:8237,mutual,mutual.CO+T,sublevel,h0,0.5,1,1,0,
trajectory_000000:8237,mutual,mutual.CO+T,sublevel,h0,0.75,3,2,1,
trajectory_000000:8237,mutual,mutual.CO+T,sublevel,h0,0.9,1,2,1,
trajectory_000000:8237,mutual,mutual.CO+T,sublevel,h1,0.1,0,1,1,
trajectory_000000:8237,mutual,mutual.CO+T,sublevel,h1,0.25,0,2,2,
trajectory_000000:8237,mutual,mutual.CO+T,sublevel,h1,0.5,0,0,0,
trajectory_000000:8237,mutual,mutual.CO+T,sublevel,h1,0.75,4,1,3,
trajectory_000000:8237,mutual,mutual.CO+T,sublevel,h1,0.9,9,2,7,
trajectory_000000:8237,self,self.CO,superlevel,h0,0.1,13,6,7,
trajectory_000000:8237,self,self.CO,superlevel,h0,0.25,5,2,3,
trajectory_000000:8237,self,self.CO,superlevel,h0,0.5,1,1,0,
trajectory_000000:8237,self,self.CO,superlevel,h0,0.75,1,7,6,
trajectory_000000:8237,self,self.CO,superlevel,h0,0.9,1,7,6,
trajectory_000000:8237,self,self.CO,superlevel,h1,0.1,0,1,1,
trajectory_000000:8237,self,self.CO,superlevel,h1,0.25,0,1,1,
trajectory_000000:8237,self,self.CO,superlevel,h1,0.5,0,0,0,
trajectory_000000:8237,self,self.CO,superlevel,h1,0.75,97,0,97,
trajectory_000000:8237,self,self.CO,superlevel,h1,0.9,97,0,97,
trajectory_000000:8237,self,self.T,superlevel,h0,0.1,4,8,4,
trajectory_000000:8237,self,self.T,superlevel,h0,0.25,4,1,3,
trajectory_000000:8237,self,self.T,superlevel,h0,0.5,1,1,0,
trajectory_000000:8237,self,self.T,superlevel,h0,0.75,3,6,3,
trajectory_000000:8237,self,self.T,superlevel,h0,0.9,1,2,1,
trajectory_000000:8237,self,self.T,superlevel,h1,0.1,0,0,0,
trajectory_000000:8237,self,self.T,superlevel,h1,0.25,0,1,1,
trajectory_000000:8237,self,self.T,superlevel,h1,0.5,0,0,0,
trajectory_000000:8237,self,self.T,superlevel,h1,0.75,0,2,2,
trajectory_000000:8237,self,self.T,superlevel,h1,0.9,1,1,0,
trajectory_000000:8237,mutual,mutual.CO+T,superlevel,h0,0.1,5,4,1,
trajectory_000000:8237,mutual,mutual.CO+T,superlevel,h0,0.25,2,1,1,
trajectory_000000:8237,mutual,mutual.CO+T,superlevel,h0,0.5,1,1,0,
trajectory_000000:8237,mutual,mutual.CO+T,superlevel,h0,0.75,3,6,3,
trajectory_000000:8237,mutual,mutual.CO+T,superlevel,h0,0.9,1,2,1,
trajectory_000000:8237,mutual,mutual.CO+T,superlevel,h1,0.1,0,0,0,
trajectory_000000:8237,mutual,mutual.CO+T,superlevel,h1,0.25,1,1,0,
trajectory_000000:8237,mutual,mutual.CO+T,superlevel,h1,0.5,0,0,0,
trajectory_000000:8237,mutual,mutual.CO+T,superlevel,h1,0.75,0,2,2,
trajectory_000000:8237,mutual,mutual.CO+T,superlevel,h1,0.9,1,1,0,
trajectory_000000:8237,mutual,mutual.CO+T,superlevel,h0,0.1,13,11,2,
trajectory_000000:8237,mutual,mutual.CO+T,superlevel,h0,0.25,8,1,7,
trajectory_000000:8237,mutual,mutual.CO+T,superlevel,h0,0.5,1,1,0,
trajectory_000000:8237,mutual,mutual.CO+T,superlevel,h0,0.75,3,6,3,
trajectory_000000:8237,mutual,mutual.CO+T,superlevel,h0,0.9,1,2,1,
trajectory_000000:8237,mutual,mutual.CO+T,superlevel,h1,0.1,2,0,2,
trajectory_000000:8237,mutual,mutual.CO+T,superlevel,h1,0.25,1,3,2,
trajectory_000000:8237,mutual,mutual.CO+T,superlevel,h1,0.5,0,0,0,
trajectory_000000:8237,mutual,mutual.CO+T,superlevel,h1,0.75,0,2,2,
trajectory_000000:8237,mutual,mutual.CO+T,superlevel,h1,0.9,1,1,0,
trajectory_000000:8237,mutual,mutual.CO+T,superlevel,h0,0.1,10,9,1,
trajectory_000000:8237,mutual,mutual.CO+T,superlevel,h0,0.25,6,1,5,
trajectory_000000:8237,mutual,mutual.CO+T,superlevel,h0,0.5,1,1,0,
trajectory_000000:8237,mutual,mutual.CO+T,superlevel,h0,0.75,1,7,6,
trajectory_000000:8237,mutual,mutual.CO+T,superlevel,h0,0.9,1,7,6,
trajectory_000000:8237,mutual,mutual.CO+T,superlevel,h1,0.1,0,3,3,
trajectory_000000:8237,mutual,mutual.CO+T,superlevel,h1,0.25,1,3,2,
trajectory_000000:8237,mutual,mutual.CO+T,superlevel,h1,0.5,0,0,0,
trajectory_000000:8237,mutual,mutual.CO+T,superlevel,h1,0.75,97,0,97,
trajectory_000000:8237,mutual,mutual.CO+T,superlevel,h1,0.9,97,0,97,
trajectory_000000:8237,persistence_distance,topology.self.persistence,,,,,,,0.0030904451850801706
trajectory_000000:8237,persistence_distance,topology.mutual.persistence,,,,,,,0.0015584224602207541
trajectory_000000:8237,persistence_distance,topology.component_weighted_total_before_outer_family_weight,,,,,,,0.004648867528885603
trajectory_000000:8237,dimension_distance_diagnostic,topology.self.CO.h0,,,,,,,0.00874493457376957
trajectory_000000:8237,dimension_distance_diagnostic,topology.self.CO.h1,,,,,,,0.0013144980184733868
trajectory_000000:8237,dimension_distance_diagnostic,topology.self.T.h0,,,,,,,0.002210313454270363
trajectory_000000:8237,dimension_distance_diagnostic,topology.self.T.h1,,,,,,,9.203536319546402e-05
trajectory_000000:8237,dimension_distance_diagnostic,topology.mutual.CO+T.h0,,,,,,,0.0020773266442120075
trajectory_000000:8237,dimension_distance_diagnostic,topology.mutual.CO+T.h1,,,,,,,0.0010395182762295008
trajectory_000000:8253,self,self.CO,sublevel,h0,0.1,2,5,3,
trajectory_000000:8253,self,self.CO,sublevel,h0,0.25,2,5,3,
trajectory_000000:8253,self,self.CO,sublevel,h0,0.5,5,4,1,
trajectory_000000:8253,self,self.CO,sublevel,h0,0.75,5,2,3,
trajectory_000000:8253,self,self.CO,sublevel,h0,0.9,2,1,1,
trajectory_000000:8253,self,self.CO,sublevel,h1,0.1,87,0,87,
trajectory_000000:8253,self,self.CO,sublevel,h1,0.25,87,0,87,
trajectory_000000:8253,self,self.CO,sublevel,h1,0.5,1,0,1,
trajectory_000000:8253,self,self.CO,sublevel,h1,0.75,4,1,3,
trajectory_000000:8253,self,self.CO,sublevel,h1,0.9,10,2,8,
trajectory_000000:8253,self,self.T,sublevel,h0,0.1,6,5,1,
trajectory_000000:8253,self,self.T,sublevel,h0,0.25,4,1,3,
trajectory_000000:8253,self,self.T,sublevel,h0,0.5,2,1,1,
trajectory_000000:8253,self,self.T,sublevel,h0,0.75,2,1,1,
trajectory_000000:8253,self,self.T,sublevel,h0,0.9,1,1,0,
trajectory_000000:8253,self,self.T,sublevel,h1,0.1,0,2,2,
trajectory_000000:8253,self,self.T,sublevel,h1,0.25,0,3,3,
trajectory_000000:8253,self,self.T,sublevel,h1,0.5,0,0,0,
trajectory_000000:8253,self,self.T,sublevel,h1,0.75,2,0,2,
trajectory_000000:8253,self,self.T,sublevel,h1,0.9,4,3,1,
trajectory_000000:8253,mutual,mutual.CO+T,sublevel,h0,0.1,6,5,1,
trajectory_000000:8253,mutual,mutual.CO+T,sublevel,h0,0.25,4,1,3,
trajectory_000000:8253,mutual,mutual.CO+T,sublevel,h0,0.5,2,1,1,
trajectory_000000:8253,mutual,mutual.CO+T,sublevel,h0,0.75,15,2,13,
trajectory_000000:8253,mutual,mutual.CO+T,sublevel,h0,0.9,2,1,1,
trajectory_000000:8253,mutual,mutual.CO+T,sublevel,h1,0.1,0,2,2,
trajectory_000000:8253,mutual,mutual.CO+T,sublevel,h1,0.25,0,3,3,
trajectory_000000:8253,mutual,mutual.CO+T,sublevel,h1,0.5,0,0,0,
trajectory_000000:8253,mutual,mutual.CO+T,sublevel,h1,0.75,6,3,3,
trajectory_000000:8253,mutual,mutual.CO+T,sublevel,h1,0.9,10,2,8,
trajectory_000000:8253,mutual,mutual.CO+T,sublevel,h0,0.1,1,5,4,
trajectory_000000:8253,mutual,mutual.CO+T,sublevel,h0,0.25,1,5,4,
trajectory_000000:8253,mutual,mutual.CO+T,sublevel,h0,0.5,1,1,0,
trajectory_000000:8253,mutual,mutual.CO+T,sublevel,h0,0.75,14,3,11,
trajectory_000000:8253,mutual,mutual.CO+T,sublevel,h0,0.9,2,1,1,
trajectory_000000:8253,mutual,mutual.CO+T,sublevel,h1,0.1,0,0,0,
trajectory_000000:8253,mutual,mutual.CO+T,sublevel,h1,0.25,0,0,0,
trajectory_000000:8253,mutual,mutual.CO+T,sublevel,h1,0.5,1,0,1,
trajectory_000000:8253,mutual,mutual.CO+T,sublevel,h1,0.75,6,3,3,
trajectory_000000:8253,mutual,mutual.CO+T,sublevel,h1,0.9,10,2,8,
trajectory_000000:8253,mutual,mutual.CO+T,sublevel,h0,0.1,6,5,1,
trajectory_000000:8253,mutual,mutual.CO+T,sublevel,h0,0.25,4,1,3,
trajectory_000000:8253,mutual,mutual.CO+T,sublevel,h0,0.5,3,1,2,
trajectory_000000:8253,mutual,mutual.CO+T,sublevel,h0,0.75,5,2,3,
trajectory_000000:8253,mutual,mutual.CO+T,sublevel,h0,0.9,2,1,1,
trajectory_000000:8253,mutual,mutual.CO+T,sublevel,h1,0.1,0,2,2,
trajectory_000000:8253,mutual,mutual.CO+T,sublevel,h1,0.25,0,3,3,
trajectory_000000:8253,mutual,mutual.CO+T,sublevel,h1,0.5,1,0,1,
trajectory_000000:8253,mutual,mutual.CO+T,sublevel,h1,0.75,4,1,3,
trajectory_000000:8253,mutual,mutual.CO+T,sublevel,h1,0.9,10,2,8,
trajectory_000000:8253,self,self.CO,superlevel,h0,0.1,11,7,4,
trajectory_000000:8253,self,self.CO,superlevel,h0,0.25,7,3,4,
trajectory_000000:8253,self,self.CO,superlevel,h0,0.5,2,1,1,
trajectory_000000:8253,self,self.CO,superlevel,h0,0.75,1,1,0,
trajectory_000000:8253,self,self.CO,superlevel,h0,0.9,1,1,0,
trajectory_000000:8253,self,self.CO,superlevel,h1,0.1,1,0,1,
trajectory_000000:8253,self,self.CO,superlevel,h1,0.25,2,0,2,
trajectory_000000:8253,self,self.CO,superlevel,h1,0.5,2,0,2,
trajectory_000000:8253,self,self.CO,superlevel,h1,0.75,97,4,93,
trajectory_000000:8253,self,self.CO,superlevel,h1,0.9,97,4,93,
trajectory_000000:8253,self,self.T,superlevel,h0,0.1,5,3,2,
trajectory_000000:8253,self,self.T,superlevel,h0,0.25,3,1,2,
trajectory_000000:8253,self,self.T,superlevel,h0,0.5,1,1,0,
trajectory_000000:8253,self,self.T,superlevel,h0,0.75,2,5,3,
trajectory_000000:8253,self,self.T,superlevel,h0,0.9,2,6,4,
trajectory_000000:8253,self,self.T,superlevel,h1,0.1,0,0,0,
trajectory_000000:8253,self,self.T,superlevel,h1,0.25,0,0,0,
trajectory_000000:8253,self,self.T,superlevel,h1,0.5,0,0,0,
trajectory_000000:8253,self,self.T,superlevel,h1,0.75,1,0,1,
trajectory_000000:8253,self,self.T,superlevel,h1,0.9,0,4,4,
trajectory_000000:8253,mutual,mutual.CO+T,superlevel,h0,0.1,13,4,9,
trajectory_000000:8253,mutual,mutual.CO+T,superlevel,h0,0.25,5,1,4,
trajectory_000000:8253,mutual,mutual.CO+T,superlevel,h0,0.5,1,1,0,
trajectory_000000:8253,mutual,mutual.CO+T,superlevel,h0,0.75,2,5,3,
trajectory_000000:8253,mutual,mutual.CO+T,superlevel,h0,0.9,2,6,4,
trajectory_000000:8253,mutual,mutual.CO+T,superlevel,h1,0.1,0,0,0,
trajectory_000000:8253,mutual,mutual.CO+T,superlevel,h1,0.25,1,1,0,
trajectory_000000:8253,mutual,mutual.CO+T,superlevel,h1,0.5,0,0,0,
trajectory_000000:8253,mutual,mutual.CO+T,superlevel,h1,0.75,1,0,1,
trajectory_000000:8253,mutual,mutual.CO+T,superlevel,h1,0.9,0,4,4,
trajectory_000000:8253,mutual,mutual.CO+T,superlevel,h0,0.1,12,13,1,
trajectory_000000:8253,mutual,mutual.CO+T,superlevel,h0,0.25,7,1,6,
trajectory_000000:8253,mutual,mutual.CO+T,superlevel,h0,0.5,1,1,0,
trajectory_000000:8253,mutual,mutual.CO+T,superlevel,h0,0.75,2,5,3,
trajectory_000000:8253,mutual,mutual.CO+T,superlevel,h0,0.9,2,6,4,
trajectory_000000:8253,mutual,mutual.CO+T,superlevel,h1,0.1,0,0,0,
trajectory_000000:8253,mutual,mutual.CO+T,superlevel,h1,0.25,1,0,1,
trajectory_000000:8253,mutual,mutual.CO+T,superlevel,h1,0.5,0,0,0,
trajectory_000000:8253,mutual,mutual.CO+T,superlevel,h1,0.75,1,0,1,
trajectory_000000:8253,mutual,mutual.CO+T,superlevel,h1,0.9,0,4,4,
trajectory_000000:8253,mutual,mutual.CO+T,superlevel,h0,0.1,10,10,0,
trajectory_000000:8253,mutual,mutual.CO+T,superlevel,h0,0.25,7,1,6,
trajectory_000000:8253,mutual,mutual.CO+T,superlevel,h0,0.5,2,1,1,
trajectory_000000:8253,mutual,mutual.CO+T,superlevel,h0,0.75,1,1,0,
trajectory_000000:8253,mutual,mutual.CO+T,superlevel,h0,0.9,1,1,0,
trajectory_000000:8253,mutual,mutual.CO+T,superlevel,h1,0.1,0,0,0,
trajectory_000000:8253,mutual,mutual.CO+T,superlevel,h1,0.25,0,0,0,
trajectory_000000:8253,mutual,mutual.CO+T,superlevel,h1,0.5,2,0,2,
trajectory_000000:8253,mutual,mutual.CO+T,superlevel,h1,0.75,97,4,93,
trajectory_000000:8253,mutual,mutual.CO+T,superlevel,h1,0.9,97,4,93,
trajectory_000000:8253,persistence_distance,topology.self.persistence,,,,,,,0.0030435174703598022
trajectory_000000:8253,persistence_distance,topology.mutual.persistence,,,,,,,0.0016811165260151029
trajectory_000000:8253,persistence_distance,topology.component_weighted_total_before_outer_family_weight,,,,,,,0.004724633879959583
trajectory_000000:8253,dimension_distance_diagnostic,topology.self.CO.h0,,,,,,,0.00782373920083046
trajectory_000000:8253,dimension_distance_diagnostic,topology.self.CO.h1,,,,,,,0.0013460973277688026
trajectory_000000:8253,dimension_distance_diagnostic,topology.self.T.h0,,,,,,,0.0028449518140405416
trajectory_000000:8253,dimension_distance_diagnostic,topology.self.T.h1,,,,,,,0.00015928171342238784
trajectory_000000:8253,dimension_distance_diagnostic,topology.mutual.CO+T.h0,,,,,,,0.0023228456266224384
trajectory_000000:8253,dimension_distance_diagnostic,topology.mutual.CO+T.h1,,,,,,,0.0010393875418230891
trajectory_000000:8269,self,self.CO,sublevel,h0,0.1,3,1,2,
trajectory_000000:8269,self,self.CO,sublevel,h0,0.25,3,1,2,
trajectory_000000:8269,self,self.CO,sublevel,h0,0.5,7,4,3,
trajectory_000000:8269,self,self.CO,sublevel,h0,0.75,4,2,2,
trajectory_000000:8269,self,self.CO,sublevel,h0,0.9,6,1,5,
trajectory_000000:8269,self,self.CO,sublevel,h1,0.1,80,1,79,
trajectory_000000:8269,self,self.CO,sublevel,h1,0.25,80,1,79,
trajectory_000000:8269,self,self.CO,sublevel,h1,0.5,0,0,0,
trajectory_000000:8269,self,self.CO,sublevel,h1,0.75,3,1,2,
trajectory_000000:8269,self,self.CO,sublevel,h1,0.9,3,2,1,
trajectory_000000:8269,self,self.T,sublevel,h0,0.1,5,5,0,
trajectory_000000:8269,self,self.T,sublevel,h0,0.25,3,6,3,
trajectory_000000:8269,self,self.T,sublevel,h0,0.5,3,2,1,
trajectory_000000:8269,self,self.T,sublevel,h0,0.75,2,2,0,
trajectory_000000:8269,self,self.T,sublevel,h0,0.9,1,3,2,
trajectory_000000:8269,self,self.T,sublevel,h1,0.1,0,0,0,
trajectory_000000:8269,self,self.T,sublevel,h1,0.25,0,1,1,
trajectory_000000:8269,self,self.T,sublevel,h1,0.5,0,0,0,
trajectory_000000:8269,self,self.T,sublevel,h1,0.75,1,0,1,
trajectory_000000:8269,self,self.T,sublevel,h1,0.9,2,6,4,
trajectory_000000:8269,mutual,mutual.CO+T,sublevel,h0,0.1,5,5,0,
trajectory_000000:8269,mutual,mutual.CO+T,sublevel,h0,0.25,3,6,3,
trajectory_000000:8269,mutual,mutual.CO+T,sublevel,h0,0.5,3,2,1,
trajectory_000000:8269,mutual,mutual.CO+T,sublevel,h0,0.75,17,14,3,
trajectory_000000:8269,mutual,mutual.CO+T,sublevel,h0,0.9,6,2,4,
trajectory_000000:8269,mutual,mutual.CO+T,sublevel,h1,0.1,0,0,0,
trajectory_000000:8269,mutual,mutual.CO+T,sublevel,h1,0.25,0,1,1,
trajectory_000000:8269,mutual,mutual.CO+T,sublevel,h1,0.5,0,0,0,
trajectory_000000:8269,mutual,mutual.CO+T,sublevel,h1,0.75,5,2,3,
trajectory_000000:8269,mutual,mutual.CO+T,sublevel,h1,0.9,5,4,1,
trajectory_000000:8269,mutual,mutual.CO+T,sublevel,h0,0.1,3,1,2,
trajectory_000000:8269,mutual,mutual.CO+T,sublevel,h0,0.25,3,1,2,
trajectory_000000:8269,mutual,mutual.CO+T,sublevel,h0,0.5,5,2,3,
trajectory_000000:8269,mutual,mutual.CO+T,sublevel,h0,0.75,14,12,2,
trajectory_000000:8269,mutual,mutual.CO+T,sublevel,h0,0.9,6,2,4,
trajectory_000000:8269,mutual,mutual.CO+T,sublevel,h1,0.1,80,1,79,
trajectory_000000:8269,mutual,mutual.CO+T,sublevel,h1,0.25,80,1,79,
trajectory_000000:8269,mutual,mutual.CO+T,sublevel,h1,0.5,0,0,0,
trajectory_000000:8269,mutual,mutual.CO+T,sublevel,h1,0.75,5,2,3,
trajectory_000000:8269,mutual,mutual.CO+T,sublevel,h1,0.9,5,2,3,
trajectory_000000:8269,mutual,mutual.CO+T,sublevel,h0,0.1,5,5,0,
trajectory_000000:8269,mutual,mutual.CO+T,sublevel,h0,0.25,3,6,3,
trajectory_000000:8269,mutual,mutual.CO+T,sublevel,h0,0.5,6,2,4,
trajectory_000000:8269,mutual,mutual.CO+T,sublevel,h0,0.75,4,2,2,
trajectory_000000:8269,mutual,mutual.CO+T,sublevel,h0,0.9,6,1,5,
trajectory_000000:8269,mutual,mutual.CO+T,sublevel,h1,0.1,0,0,0,
trajectory_000000:8269,mutual,mutual.CO+T,sublevel,h1,0.25,0,1,1,
trajectory_000000:8269,mutual,mutual.CO+T,sublevel,h1,0.5,0,0,0,
trajectory_000000:8269,mutual,mutual.CO+T,sublevel,h1,0.75,3,1,2,
trajectory_000000:8269,mutual,mutual.CO+T,sublevel,h1,0.9,3,2,1,
trajectory_000000:8269,self,self.CO,superlevel,h0,0.1,8,6,2,
trajectory_000000:8269,self,self.CO,superlevel,h0,0.25,4,2,2,
trajectory_000000:8269,self,self.CO,superlevel,h0,0.5,1,1,0,
trajectory_000000:8269,self,self.CO,superlevel,h0,0.75,1,10,9,
trajectory_000000:8269,self,self.CO,superlevel,h0,0.9,1,10,9,
trajectory_000000:8269,self,self.CO,superlevel,h1,0.1,1,0,1,
trajectory_000000:8269,self,self.CO,superlevel,h1,0.25,2,1,1,
trajectory_000000:8269,self,self.CO,superlevel,h1,0.5,0,0,0,
trajectory_000000:8269,self,self.CO,superlevel,h1,0.75,87,0,87,
trajectory_000000:8269,self,self.CO,superlevel,h1,0.9,87,0,87,
trajectory_000000:8269,self,self.T,superlevel,h0,0.1,3,8,5,
trajectory_000000:8269,self,self.T,superlevel,h0,0.25,2,2,0,
trajectory_000000:8269,self,self.T,superlevel,h0,0.5,1,1,0,
trajectory_000000:8269,self,self.T,superlevel,h0,0.75,2,3,1,
trajectory_000000:8269,self,self.T,superlevel,h0,0.9,1,3,2,
trajectory_000000:8269,self,self.T,superlevel,h1,0.1,0,0,0,
trajectory_000000:8269,self,self.T,superlevel,h1,0.25,0,0,0,
trajectory_000000:8269,self,self.T,superlevel,h1,0.5,0,0,0,
trajectory_000000:8269,self,self.T,superlevel,h1,0.75,1,3,2,
trajectory_000000:8269,self,self.T,superlevel,h1,0.9,2,2,0,
trajectory_000000:8269,mutual,mutual.CO+T,superlevel,h0,0.1,4,8,4,
trajectory_000000:8269,mutual,mutual.CO+T,superlevel,h0,0.25,1,2,1,
trajectory_000000:8269,mutual,mutual.CO+T,superlevel,h0,0.5,1,1,0,
trajectory_000000:8269,mutual,mutual.CO+T,superlevel,h0,0.75,2,3,1,
trajectory_000000:8269,mutual,mutual.CO+T,superlevel,h0,0.9,1,3,2,
trajectory_000000:8269,mutual,mutual.CO+T,superlevel,h1,0.1,0,0,0,
trajectory_000000:8269,mutual,mutual.CO+T,superlevel,h1,0.25,1,0,1,
trajectory_000000:8269,mutual,mutual.CO+T,superlevel,h1,0.5,0,0,0,
trajectory_000000:8269,mutual,mutual.CO+T,superlevel,h1,0.75,1,3,2,
trajectory_000000:8269,mutual,mutual.CO+T,superlevel,h1,0.9,2,2,0,
trajectory_000000:8269,mutual,mutual.CO+T,superlevel,h0,0.1,6,3,3,
trajectory_000000:8269,mutual,mutual.CO+T,superlevel,h0,0.25,5,2,3,
trajectory_000000:8269,mutual,mutual.CO+T,superlevel,h0,0.5,1,1,0,
trajectory_000000:8269,mutual,mutual.CO+T,superlevel,h0,0.75,2,3,1,
trajectory_000000:8269,mutual,mutual.CO+T,superlevel,h0,0.9,1,3,2,
trajectory_000000:8269,mutual,mutual.CO+T,superlevel,h1,0.1,0,1,1,
trajectory_000000:8269,mutual,mutual.CO+T,superlevel,h1,0.25,1,0,1,
trajectory_000000:8269,mutual,mutual.CO+T,superlevel,h1,0.5,0,0,0,
trajectory_000000:8269,mutual,mutual.CO+T,superlevel,h1,0.75,1,3,2,
trajectory_000000:8269,mutual,mutual.CO+T,superlevel,h1,0.9,2,2,0,
trajectory_000000:8269,mutual,mutual.CO+T,superlevel,h0,0.1,9,6,3,
trajectory_000000:8269,mutual,mutual.CO+T,superlevel,h0,0.25,4,2,2,
trajectory_000000:8269,mutual,mutual.CO+T,superlevel,h0,0.5,1,1,0,
trajectory_000000:8269,mutual,mutual.CO+T,superlevel,h0,0.75,1,10,9,
trajectory_000000:8269,mutual,mutual.CO+T,superlevel,h0,0.9,1,10,9,
trajectory_000000:8269,mutual,mutual.CO+T,superlevel,h1,0.1,0,1,1,
trajectory_000000:8269,mutual,mutual.CO+T,superlevel,h1,0.25,1,0,1,
trajectory_000000:8269,mutual,mutual.CO+T,superlevel,h1,0.5,0,0,0,
trajectory_000000:8269,mutual,mutual.CO+T,superlevel,h1,0.75,87,0,87,
trajectory_000000:8269,mutual,mutual.CO+T,superlevel,h1,0.9,87,0,87,
trajectory_000000:8269,persistence_distance,topology.self.persistence,,,,,,,0.0066494871862232685
trajectory_000000:8269,persistence_distance,topology.mutual.persistence,,,,,,,0.001218377728946507
trajectory_000000:8269,persistence_distance,topology.component_weighted_total_before_outer_family_weight,,,,,,,0.007867865264415741
trajectory_000000:8269,dimension_distance_diagnostic,topology.self.CO.h0,,,,,,,0.024041293188929558
trajectory_000000:8269,dimension_distance_diagnostic,topology.self.CO.h1,,,,,,,0.0012315931962803006
trajectory_000000:8269,dimension_distance_diagnostic,topology.self.T.h0,,,,,,,0.0012167218374088407
trajectory_000000:8269,dimension_distance_diagnostic,topology.self.T.h1,,,,,,,0.00010833975829882547
trajectory_000000:8269,dimension_distance_diagnostic,topology.mutual.CO+T.h0,,,,,,,0.0014338190667331219
trajectory_000000:8269,dimension_distance_diagnostic,topology.mutual.CO+T.h1,,,,,,,0.0010029362747445703
trajectory_000000:8285,self,self.CO,sublevel,h0,0.1,2,2,0,
trajectory_000000:8285,self,self.CO,sublevel,h0,0.25,2,2,0,
trajectory_000000:8285,self,self.CO,sublevel,h0,0.5,3,6,3,
trajectory_000000:8285,self,self.CO,sublevel,h0,0.75,6,2,4,
trajectory_000000:8285,self,self.CO,sublevel,h0,0.9,1,4,3,
trajectory_000000:8285,self,self.CO,sublevel,h1,0.1,83,1,82,
trajectory_000000:8285,self,self.CO,sublevel,h1,0.25,83,1,82,
trajectory_000000:8285,self,self.CO,sublevel,h1,0.5,0,0,0,
trajectory_000000:8285,self,self.CO,sublevel,h1,0.75,5,1,4,
trajectory_000000:8285,self,self.CO,sublevel,h1,0.9,5,4,1,
trajectory_000000:8285,self,self.T,sublevel,h0,0.1,6,5,1,
trajectory_000000:8285,self,self.T,sublevel,h0,0.25,1,7,6,
trajectory_000000:8285,self,self.T,sublevel,h0,0.5,6,6,0,
trajectory_000000:8285,self,self.T,sublevel,h0,0.75,2,1,1,
trajectory_000000:8285,self,self.T,sublevel,h0,0.9,1,1,0,
trajectory_000000:8285,self,self.T,sublevel,h1,0.1,0,0,0,
trajectory_000000:8285,self,self.T,sublevel,h1,0.25,0,0,0,
trajectory_000000:8285,self,self.T,sublevel,h1,0.5,0,0,0,
trajectory_000000:8285,self,self.T,sublevel,h1,0.75,3,0,3,
trajectory_000000:8285,self,self.T,sublevel,h1,0.9,3,5,2,
trajectory_000000:8285,mutual,mutual.CO+T,sublevel,h0,0.1,6,5,1,
trajectory_000000:8285,mutual,mutual.CO+T,sublevel,h0,0.25,1,7,6,
trajectory_000000:8285,mutual,mutual.CO+T,sublevel,h0,0.5,9,7,2,
trajectory_000000:8285,mutual,mutual.CO+T,sublevel,h0,0.75,6,10,4,
trajectory_000000:8285,mutual,mutual.CO+T,sublevel,h0,0.9,1,2,1,
trajectory_000000:8285,mutual,mutual.CO+T,sublevel,h1,0.1,0,0,0,
trajectory_000000:8285,mutual,mutual.CO+T,sublevel,h1,0.25,0,0,0,
trajectory_000000:8285,mutual,mutual.CO+T,sublevel,h1,0.5,0,0,0,
trajectory_000000:8285,mutual,mutual.CO+T,sublevel,h1,0.75,6,4,2,
trajectory_000000:8285,mutual,mutual.CO+T,sublevel,h1,0.9,6,9,3,
trajectory_000000:8285,mutual,mutual.CO+T,sublevel,h0,0.1,2,2,0,
trajectory_000000:8285,mutual,mutual.CO+T,sublevel,h0,0.25,2,2,0,
trajectory_000000:8285,mutual,mutual.CO+T,sublevel,h0,0.5,14,10,4,
trajectory_000000:8285,mutual,mutual.CO+T,sublevel,h0,0.75,9,9,0,
trajectory_000000:8285,mutual,mutual.CO+T,sublevel,h0,0.9,1,3,2,
trajectory_000000:8285,mutual,mutual.CO+T,sublevel,h1,0.1,83,1,82,
trajectory_000000:8285,mutual,mutual.CO+T,sublevel,h1,0.25,83,1,82,
trajectory_000000:8285,mutual,mutual.CO+T,sublevel,h1,0.5,0,0,0,
trajectory_000000:8285,mutual,mutual.CO+T,sublevel,h1,0.75,6,4,2,
trajectory_000000:8285,mutual,mutual.CO+T,sublevel,h1,0.9,6,7,1,
trajectory_000000:8285,mutual,mutual.CO+T,sublevel,h0,0.1,6,5,1,
trajectory_000000:8285,mutual,mutual.CO+T,sublevel,h0,0.25,1,7,6,
trajectory_000000:8285,mutual,mutual.CO+T,sublevel,h0,0.5,16,15,1,
trajectory_000000:8285,mutual,mutual.CO+T,sublevel,h0,0.75,6,2,4,
trajectory_000000:8285,mutual,mutual.CO+T,sublevel,h0,0.9,1,4,3,
trajectory_000000:8285,mutual,mutual.CO+T,sublevel,h1,0.1,0,0,0,
trajectory_000000:8285,mutual,mutual.CO+T,sublevel,h1,0.25,0,0,0,
trajectory_000000:8285,mutual,mutual.CO+T,sublevel,h1,0.5,0,0,0,
trajectory_000000:8285,mutual,mutual.CO+T,sublevel,h1,0.75,5,1,4,
trajectory_000000:8285,mutual,mutual.CO+T,sublevel,h1,0.9,5,4,1,
trajectory_000000:8285,self,self.CO,superlevel,h0,0.1,6,8,2,
trajectory_000000:8285,self,self.CO,superlevel,h0,0.25,6,3,3,
trajectory_000000:8285,self,self.CO,superlevel,h0,0.5,1,1,0,
trajectory_000000:8285,self,self.CO,superlevel,h0,0.75,1,11,10,
trajectory_000000:8285,self,self.CO,superlevel,h0,0.9,1,11,10,
trajectory_000000:8285,self,self.CO,superlevel,h1,0.1,0,1,1,
trajectory_000000:8285,self,self.CO,superlevel,h1,0.25,4,0,4,
trajectory_000000:8285,self,self.CO,superlevel,h1,0.5,0,0,0,
trajectory_000000:8285,self,self.CO,superlevel,h1,0.75,90,0,90,
trajectory_000000:8285,self,self.CO,superlevel,h1,0.9,90,0,90,
trajectory_000000:8285,self,self.T,superlevel,h0,0.1,4,5,1,
trajectory_000000:8285,self,self.T,superlevel,h0,0.25,4,1,3,
trajectory_000000:8285,self,self.T,superlevel,h0,0.5,1,1,0,
trajectory_000000:8285,self,self.T,superlevel,h0,0.75,3,3,0,
trajectory_000000:8285,self,self.T,superlevel,h0,0.9,1,2,1,
trajectory_000000:8285,self,self.T,superlevel,h1,0.1,0,0,0,
trajectory_000000:8285,self,self.T,superlevel,h1,0.25,0,0,0,
trajectory_000000:8285,self,self.T,superlevel,h1,0.5,0,0,0,
trajectory_000000:8285,self,self.T,superlevel,h1,0.75,0,4,4,
trajectory_000000:8285,self,self.T,superlevel,h1,0.9,3,1,2,
trajectory_000000:8285,mutual,mutual.CO+T,superlevel,h0,0.1,2,8,6,
trajectory_000000:8285,mutual,mutual.CO+T,superlevel,h0,0.25,8,3,5,
trajectory_000000:8285,mutual,mutual.CO+T,superlevel,h0,0.5,1,1,0,
trajectory_000000:8285,mutual,mutual.CO+T,superlevel,h0,0.75,3,3,0,
trajectory_000000:8285,mutual,mutual.CO+T,superlevel,h0,0.9,1,2,1,
trajectory_000000:8285,mutual,mutual.CO+T,superlevel,h1,0.1,0,0,0,
trajectory_000000:8285,mutual,mutual.CO+T,superlevel,h1,0.25,1,0,1,
trajectory_000000:8285,mutual,mutual.CO+T,superlevel,h1,0.5,0,0,0,
trajectory_000000:8285,mutual,mutual.CO+T,superlevel,h1,0.75,0,4,4,
trajectory_000000:8285,mutual,mutual.CO+T,superlevel,h1,0.9,3,1,2,
trajectory_000000:8285,mutual,mutual.CO+T,superlevel,h0,0.1,7,6,1,
trajectory_000000:8285,mutual,mutual.CO+T,superlevel,h0,0.25,7,5,2,
trajectory_000000:8285,mutual,mutual.CO+T,superlevel,h0,0.5,1,1,0,
trajectory_000000:8285,mutual,mutual.CO+T,superlevel,h0,0.75,3,3,0,
trajectory_000000:8285,mutual,mutual.CO+T,superlevel,h0,0.9,1,2,1,
trajectory_000000:8285,mutual,mutual.CO+T,superlevel,h1,0.1,0,1,1,
trajectory_000000:8285,mutual,mutual.CO+T,superlevel,h1,0.25,4,0,4,
trajectory_000000:8285,mutual,mutual.CO+T,superlevel,h1,0.5,0,0,0,
trajectory_000000:8285,mutual,mutual.CO+T,superlevel,h1,0.75,0,4,4,
trajectory_000000:8285,mutual,mutual.CO+T,superlevel,h1,0.9,3,1,2,
trajectory_000000:8285,mutual,mutual.CO+T,superlevel,h0,0.1,9,2,7,
trajectory_000000:8285,mutual,mutual.CO+T,superlevel,h0,0.25,7,5,2,
trajectory_000000:8285,mutual,mutual.CO+T,superlevel,h0,0.5,1,1,0,
trajectory_000000:8285,mutual,mutual.CO+T,superlevel,h0,0.75,1,11,10,
trajectory_000000:8285,mutual,mutual.CO+T,superlevel,h0,0.9,1,11,10,
trajectory_000000:8285,mutual,mutual.CO+T,superlevel,h1,0.1,0,4,4,
trajectory_000000:8285,mutual,mutual.CO+T,superlevel,h1,0.25,5,0,5,
trajectory_000000:8285,mutual,mutual.CO+T,superlevel,h1,0.5,0,0,0,
trajectory_000000:8285,mutual,mutual.CO+T,superlevel,h1,0.75,90,0,90,
trajectory_000000:8285,mutual,mutual.CO+T,superlevel,h1,0.9,90,0,90,
trajectory_000000:8285,persistence_distance,topology.self.persistence,,,,,,,0.002017674967646599
trajectory_000000:8285,persistence_distance,topology.mutual.persistence,,,,,,,0.002004697686061263
trajectory_000000:8285,persistence_distance,topology.component_weighted_total_before_outer_family_weight,,,,,,,0.0040223728865385056
trajectory_000000:8285,dimension_distance_diagnostic,topology.self.CO.h0,,,,,,,0.004319195169955492
trajectory_000000:8285,dimension_distance_diagnostic,topology.self.CO.h1,,,,,,,0.0011267400113865733
trajectory_000000:8285,dimension_distance_diagnostic,topology.self.T.h0,,,,,,,0.0024925926700234413
trajectory_000000:8285,dimension_distance_diagnostic,topology.self.T.h1,,,,,,,0.0001321721210842952
trajectory_000000:8285,dimension_distance_diagnostic,topology.mutual.CO+T.h0,,,,,,,0.003108263947069645
trajectory_000000:8285,dimension_distance_diagnostic,topology.mutual.CO+T.h1,,,,,,,0.0009011314832605422
trajectory_000000:8301,self,self.CO,sublevel,h0,0.1,5,14,9,
trajectory_000000:8301,self,self.CO,sublevel,h0,0.25,5,14,9,
trajectory_000000:8301,self,self.CO,sublevel,h0,0.5,4,5,1,
trajectory_000000:8301,self,self.CO,sublevel,h0,0.75,3,1,2,
trajectory_000000:8301,self,self.CO,sublevel,h0,0.9,1,1,0,
trajectory_000000:8301,self,self.CO,sublevel,h1,0.1,79,3,76,
trajectory_000000:8301,self,self.CO,sublevel,h1,0.25,79,3,76,
trajectory_000000:8301,self,self.CO,sublevel,h1,0.5,0,0,0,
trajectory_000000:8301,self,self.CO,sublevel,h1,0.75,1,3,2,
trajectory_000000:8301,self,self.CO,sublevel,h1,0.9,5,4,1,
trajectory_000000:8301,self,self.T,sublevel,h0,0.1,2,3,1,
trajectory_000000:8301,self,self.T,sublevel,h0,0.25,5,2,3,
trajectory_000000:8301,self,self.T,sublevel,h0,0.5,1,1,0,
trajectory_000000:8301,self,self.T,sublevel,h0,0.75,2,2,0,
trajectory_000000:8301,self,self.T,sublevel,h0,0.9,2,1,1,
trajectory_000000:8301,self,self.T,sublevel,h1,0.1,1,0,1,
trajectory_000000:8301,self,self.T,sublevel,h1,0.25,0,1,1,
trajectory_000000:8301,self,self.T,sublevel,h1,0.5,0,0,0,
trajectory_000000:8301,self,self.T,sublevel,h1,0.75,1,1,0,
trajectory_000000:8301,self,self.T,sublevel,h1,0.9,2,7,5,
trajectory_000000:8301,mutual,mutual.CO+T,sublevel,h0,0.1,2,3,1,
trajectory_000000:8301,mutual,mutual.CO+T,sublevel,h0,0.25,5,2,3,
trajectory_000000:8301,mutual,mutual.CO+T,sublevel,h0,0.5,1,1,0,
trajectory_000000:8301,mutual,mutual.CO+T,sublevel,h0,0.75,5,5,0,
trajectory_000000:8301,mutual,mutual.CO+T,sublevel,h0,0.9,1,1,0,
trajectory_000000:8301,mutual,mutual.CO+T,sublevel,h1,0.1,1,0,1,
trajectory_000000:8301,mutual,mutual.CO+T,sublevel,h1,0.25,0,1,1,
trajectory_000000:8301,mutual,mutual.CO+T,sublevel,h1,0.5,0,0,0,
trajectory_000000:8301,mutual,mutual.CO+T,sublevel,h1,0.75,5,4,1,
trajectory_000000:8301,mutual,mutual.CO+T,sublevel,h1,0.9,6,4,2,
trajectory_000000:8301,mutual,mutual.CO+T,sublevel,h0,0.1,1,14,13,
trajectory_000000:8301,mutual,mutual.CO+T,sublevel,h0,0.25,1,14,13,
trajectory_000000:8301,mutual,mutual.CO+T,sublevel,h0,0.5,4,1,3,
trajectory_000000:8301,mutual,mutual.CO+T,sublevel,h0,0.75,3,4,1,
trajectory_000000:8301,mutual,mutual.CO+T,sublevel,h0,0.9,1,1,0,
trajectory_000000:8301,mutual,mutual.CO+T,sublevel,h1,0.1,1,3,2,
trajectory_000000:8301,mutual,mutual.CO+T,sublevel,h1,0.25,1,3,2,
trajectory_000000:8301,mutual,mutual.CO+T,sublevel,h1,0.5,1,0,1,
trajectory_000000:8301,mutual,mutual.CO+T,sublevel,h1,0.75,5,3,2,
trajectory_000000:8301,mutual,mutual.CO+T,sublevel,h1,0.9,5,4,1,
trajectory_000000:8301,mutual,mutual.CO+T,sublevel,h0,0.1,2,3,1,
trajectory_000000:8301,mutual,mutual.CO+T,sublevel,h0,0.25,5,2,3,
trajectory_000000:8301,mutual,mutual.CO+T,sublevel,h0,0.5,4,2,2,
trajectory_000000:8301,mutual,mutual.CO+T,sublevel,h0,0.75,3,1,2,
trajectory_000000:8301,mutual,mutual.CO+T,sublevel,h0,0.9,1,1,0,
trajectory_000000:8301,mutual,mutual.CO+T,sublevel,h1,0.1,1,0,1,
trajectory_000000:8301,mutual,mutual.CO+T,sublevel,h1,0.25,0,1,1,
trajectory_000000:8301,mutual,mutual.CO+T,sublevel,h1,0.5,1,0,1,
trajectory_000000:8301,mutual,mutual.CO+T,sublevel,h1,0.75,1,3,2,
trajectory_000000:8301,mutual,mutual.CO+T,sublevel,h1,0.9,5,4,1,
trajectory_000000:8301,self,self.CO,superlevel,h0,0.1,6,7,1,
trajectory_000000:8301,self,self.CO,superlevel,h0,0.25,4,4,0,
trajectory_000000:8301,self,self.CO,superlevel,h0,0.5,1,1,0,
trajectory_000000:8301,self,self.CO,superlevel,h0,0.75,1,7,6,
trajectory_000000:8301,self,self.CO,superlevel,h0,0.9,1,7,6,
trajectory_000000:8301,self,self.CO,superlevel,h1,0.1,0,0,0,
trajectory_000000:8301,self,self.CO,superlevel,h1,0.25,0,0,0,
trajectory_000000:8301,self,self.CO,superlevel,h1,0.5,0,0,0,
trajectory_000000:8301,self,self.CO,superlevel,h1,0.75,91,5,86,
trajectory_000000:8301,self,self.CO,superlevel,h1,0.9,91,5,86,
trajectory_000000:8301,self,self.T,superlevel,h0,0.1,3,7,4,
trajectory_000000:8301,self,self.T,superlevel,h0,0.25,2,3,1,
trajectory_000000:8301,self,self.T,superlevel,h0,0.5,1,1,0,
trajectory_000000:8301,self,self.T,superlevel,h0,0.75,1,4,3,
trajectory_000000:8301,self,self.T,superlevel,h0,0.9,2,3,1,
trajectory_000000:8301,self,self.T,superlevel,h1,0.1,1,0,1,
trajectory_000000:8301,self,self.T,superlevel,h1,0.25,1,0,1,
trajectory_000000:8301,self,self.T,superlevel,h1,0.5,0,0,0,
trajectory_000000:8301,self,self.T,superlevel,h1,0.75,2,0,2,
trajectory_000000:8301,self,self.T,superlevel,h1,0.9,1,1,0,
trajectory_000000:8301,mutual,mutual.CO+T,superlevel,h0,0.1,4,6,2,
trajectory_000000:8301,mutual,mutual.CO+T,superlevel,h0,0.25,2,3,1,
trajectory_000000:8301,mutual,mutual.CO+T,superlevel,h0,0.5,1,1,0,
trajectory_000000:8301,mutual,mutual.CO+T,superlevel,h0,0.75,1,4,3,
trajectory_000000:8301,mutual,mutual.CO+T,superlevel,h0,0.9,2,3,1,
trajectory_000000:8301,mutual,mutual.CO+T,superlevel,h1,0.1,0,0,0,
trajectory_000000:8301,mutual,mutual.CO+T,superlevel,h1,0.25,3,0,3,
trajectory_000000:8301,mutual,mutual.CO+T,superlevel,h1,0.5,0,0,0,
trajectory_000000:8301,mutual,mutual.CO+T,superlevel,h1,0.75,2,0,2,
trajectory_000000:8301,mutual,mutual.CO+T,superlevel,h1,0.9,1,1,0,
trajectory_000000:8301,mutual,mutual.CO+T,superlevel,h0,0.1,11,6,5,
trajectory_000000:8301,mutual,mutual.CO+T,superlevel,h0,0.25,10,3,7,
trajectory_000000:8301,mutual,mutual.CO+T,superlevel,h0,0.5,1,1,0,
trajectory_000000:8301,mutual,mutual.CO+T,superlevel,h0,0.75,1,4,3,
trajectory_000000:8301,mutual,mutual.CO+T,superlevel,h0,0.9,2,3,1,
trajectory_000000:8301,mutual,mutual.CO+T,superlevel,h1,0.1,1,0,1,
trajectory_000000:8301,mutual,mutual.CO+T,superlevel,h1,0.25,1,0,1,
trajectory_000000:8301,mutual,mutual.CO+T,superlevel,h1,0.5,0,0,0,
trajectory_000000:8301,mutual,mutual.CO+T,superlevel,h1,0.75,2,0,2,
trajectory_000000:8301,mutual,mutual.CO+T,superlevel,h1,0.9,1,1,0,
trajectory_000000:8301,mutual,mutual.CO+T,superlevel,h0,0.1,4,2,2,
trajectory_000000:8301,mutual,mutual.CO+T,superlevel,h0,0.25,10,3,7,
trajectory_000000:8301,mutual,mutual.CO+T,superlevel,h0,0.5,1,1,0,
trajectory_000000:8301,mutual,mutual.CO+T,superlevel,h0,0.75,1,7,6,
trajectory_000000:8301,mutual,mutual.CO+T,superlevel,h0,0.9,1,7,6,
trajectory_000000:8301,mutual,mutual.CO+T,superlevel,h1,0.1,0,0,0,
trajectory_000000:8301,mutual,mutual.CO+T,superlevel,h1,0.25,1,0,1,
trajectory_000000:8301,mutual,mutual.CO+T,superlevel,h1,0.5,0,0,0,
trajectory_000000:8301,mutual,mutual.CO+T,superlevel,h1,0.75,91,5,86,
trajectory_000000:8301,mutual,mutual.CO+T,superlevel,h1,0.9,91,5,86,
trajectory_000000:8301,persistence_distance,topology.self.persistence,,,,,,,0.003586636856198311
trajectory_000000:8301,persistence_distance,topology.mutual.persistence,,,,,,,0.0012743356637656689
trajectory_000000:8301,persistence_distance,topology.component_weighted_total_before_outer_family_weight,,,,,,,0.00486097251996398
trajectory_000000:8301,dimension_distance_diagnostic,topology.self.CO.h0,,,,,,,0.010683838278055191
trajectory_000000:8301,dimension_distance_diagnostic,topology.self.CO.h1,,,,,,,0.0009951386600732803
trajectory_000000:8301,dimension_distance_diagnostic,topology.self.T.h0,,,,,,,0.0026024377439171076
trajectory_000000:8301,dimension_distance_diagnostic,topology.self.T.h1,,,,,,,6.513287371490151e-05
trajectory_000000:8301,dimension_distance_diagnostic,topology.mutual.CO+T.h0,,,,,,,0.0016781492158770561
trajectory_000000:8301,dimension_distance_diagnostic,topology.mutual.CO+T.h1,,,,,,,0.0008705219370312989
trajectory_000000:8317,self,self.CO,sublevel,h0,0.1,1,8,7,
trajectory_000000:8317,self,self.CO,sublevel,h0,0.25,1,8,7,
trajectory_000000:8317,self,self.CO,sublevel,h0,0.5,5,6,1,
trajectory_000000:8317,self,self.CO,sublevel,h0,0.75,2,2,0,
trajectory_000000:8317,self,self.CO,sublevel,h0,0.9,1,1,0,
trajectory_000000:8317,self,self.CO,sublevel,h1,0.1,75,0,75,
trajectory_000000:8317,self,self.CO,sublevel,h1,0.25,75,0,75,
trajectory_000000:8317,self,self.CO,sublevel,h1,0.5,0,0,0,
trajectory_000000:8317,self,self.CO,sublevel,h1,0.75,2,1,1,
trajectory_000000:8317,self,self.CO,sublevel,h1,0.9,7,3,4,
trajectory_000000:8317,self,self.T,sublevel,h0,0.1,1,7,6,
trajectory_000000:8317,self,self.T,sublevel,h0,0.25,1,2,1,
trajectory_000000:8317,self,self.T,sublevel,h0,0.5,8,5,3,
trajectory_000000:8317,self,self.T,sublevel,h0,0.75,1,4,3,
trajectory_000000:8317,self,self.T,sublevel,h0,0.9,1,3,2,
trajectory_000000:8317,self,self.T,sublevel,h1,0.1,0,0,0,
trajectory_000000:8317,self,self.T,sublevel,h1,0.25,0,1,1,
trajectory_000000:8317,self,self.T,sublevel,h1,0.5,0,0,0,
trajectory_000000:8317,self,self.T,sublevel,h1,0.75,2,0,2,
trajectory_000000:8317,self,self.T,sublevel,h1,0.9,3,2,1,
trajectory_000000:8317,mutual,mutual.CO+T,sublevel,h0,0.1,1,7,6,
trajectory_000000:8317,mutual,mutual.CO+T,sublevel,h0,0.25,1,2,1,
trajectory_000000:8317,mutual,mutual.CO+T,sublevel,h0,0.5,8,5,3,
trajectory_000000:8317,mutual,mutual.CO+T,sublevel,h0,0.75,6,4,2,
trajectory_000000:8317,mutual,mutual.CO+T,sublevel,h0,0.9,1,2,1,
trajectory_000000:8317,mutual,mutual.CO+T,sublevel,h1,0.1,0,0,0,
trajectory_000000:8317,mutual,mutual.CO+T,sublevel,h1,0.25,0,1,1,
trajectory_000000:8317,mutual,mutual.CO+T,sublevel,h1,0.5,0,0,0,
trajectory_000000:8317,mutual,mutual.CO+T,sublevel,h1,0.75,4,4,0,
trajectory_000000:8317,mutual,mutual.CO+T,sublevel,h1,0.9,7,3,4,
trajectory_000000:8317,mutual,mutual.CO+T,sublevel,h0,0.1,1,8,7,
trajectory_000000:8317,mutual,mutual.CO+T,sublevel,h0,0.25,1,8,7,
trajectory_000000:8317,mutual,mutual.CO+T,sublevel,h0,0.5,9,7,2,
trajectory_000000:8317,mutual,mutual.CO+T,sublevel,h0,0.75,9,4,5,
trajectory_000000:8317,mutual,mutual.CO+T,sublevel,h0,0.9,1,1,0,
trajectory_000000:8317,mutual,mutual.CO+T,sublevel,h1,0.1,75,0,75,
trajectory_000000:8317,mutual,mutual.CO+T,sublevel,h1,0.25,75,0,75,
trajectory_000000:8317,mutual,mutual.CO+T,sublevel,h1,0.5,0,0,0,
trajectory_000000:8317,mutual,mutual.CO+T,sublevel,h1,0.75,4,4,0,
trajectory_000000:8317,mutual,mutual.CO+T,sublevel,h1,0.9,7,5,2,
trajectory_000000:8317,mutual,mutual.CO+T,sublevel,h0,0.1,1,7,6,
trajectory_000000:8317,mutual,mutual.CO+T,sublevel,h0,0.25,1,2,1,
trajectory_000000:8317,mutual,mutual.CO+T,sublevel,h0,0.5,8,6,2,
trajectory_000000:8317,mutual,mutual.CO+T,sublevel,h0,0.75,2,2,0,
trajectory_000000:8317,mutual,mutual.CO+T,sublevel,h0,0.9,1,1,0,
trajectory_000000:8317,mutual,mutual.CO+T,sublevel,h1,0.1,0,0,0,
trajectory_000000:8317,mutual,mutual.CO+T,sublevel,h1,0.25,0,1,1,
trajectory_000000:8317,mutual,mutual.CO+T,sublevel,h1,0.5,0,0,0,
trajectory_000000:8317,mutual,mutual.CO+T,sublevel,h1,0.75,2,1,1,
trajectory_000000:8317,mutual,mutual.CO+T,sublevel,h1,0.9,7,3,4,
trajectory_000000:8317,self,self.CO,superlevel,h0,0.1,12,10,2,
trajectory_000000:8317,self,self.CO,superlevel,h0,0.25,5,2,3,
trajectory_000000:8317,self,self.CO,superlevel,h0,0.5,1,1,0,
trajectory_000000:8317,self,self.CO,superlevel,h0,0.75,1,2,1,
trajectory_000000:8317,self,self.CO,superlevel,h0,0.9,1,2,1,
trajectory_000000:8317,self,self.CO,superlevel,h1,0.1,0,0,0,
trajectory_000000:8317,self,self.CO,superlevel,h1,0.25,1,1,0,
trajectory_000000:8317,self,self.CO,superlevel,h1,0.5,0,1,1,
trajectory_000000:8317,self,self.CO,superlevel,h1,0.75,90,3,87,
trajectory_000000:8317,self,self.CO,superlevel,h1,0.9,90,3,87,
trajectory_000000:8317,self,self.T,superlevel,h0,0.1,6,3,3,
trajectory_000000:8317,self,self.T,superlevel,h0,0.25,3,1,2,
trajectory_000000:8317,self,self.T,superlevel,h0,0.5,1,1,0,
trajectory_000000:8317,self,self.T,superlevel,h0,0.75,1,6,5,
trajectory_000000:8317,self,self.T,superlevel,h0,0.9,1,1,0,
trajectory_000000:8317,self,self.T,superlevel,h1,0.1,0,1,1,
trajectory_000000:8317,self,self.T,superlevel,h1,0.25,0,1,1,
trajectory_000000:8317,self,self.T,superlevel,h1,0.5,1,0,1,
trajectory_000000:8317,self,self.T,superlevel,h1,0.75,0,1,1,
trajectory_000000:8317,self,self.T,superlevel,h1,0.9,0,5,5,
trajectory_000000:8317,mutual,mutual.CO+T,superlevel,h0,0.1,6,3,3,
trajectory_000000:8317,mutual,mutual.CO+T,superlevel,h0,0.25,7,2,5,
trajectory_000000:8317,mutual,mutual.CO+T,superlevel,h0,0.5,1,1,0,
trajectory_000000:8317,mutual,mutual.CO+T,superlevel,h0,0.75,1,6,5,
trajectory_000000:8317,mutual,mutual.CO+T,superlevel,h0,0.9,1,1,0,
trajectory_000000:8317,mutual,mutual.CO+T,superlevel,h1,0.1,0,1,1,
trajectory_000000:8317,mutual,mutual.CO+T,superlevel,h1,0.25,2,3,1,
trajectory_000000:8317,mutual,mutual.CO+T,superlevel,h1,0.5,1,0,1,
trajectory_000000:8317,mutual,mutual.CO+T,superlevel,h1,0.75,0,1,1,
trajectory_000000:8317,mutual,mutual.CO+T,superlevel,h1,0.9,0,5,5,
trajectory_000000:8317,mutual,mutual.CO+T,superlevel,h0,0.1,14,4,10,
trajectory_000000:8317,mutual,mutual.CO+T,superlevel,h0,0.25,5,2,3,
trajectory_000000:8317,mutual,mutual.CO+T,superlevel,h0,0.5,1,1,0,
trajectory_000000:8317,mutual,mutual.CO+T,superlevel,h0,0.75,1,6,5,
trajectory_000000:8317,mutual,mutual.CO+T,superlevel,h0,0.9,1,1,0,
trajectory_000000:8317,mutual,mutual.CO+T,superlevel,h1,0.1,0,0,0,
trajectory_000000:8317,mutual,mutual.CO+T,superlevel,h1,0.25,1,1,0,
trajectory_000000:8317,mutual,mutual.CO+T,superlevel,h1,0.5,1,0,1,
trajectory_000000:8317,mutual,mutual.CO+T,superlevel,h1,0.75,0,1,1,
trajectory_000000:8317,mutual,mutual.CO+T,superlevel,h1,0.9,0,5,5,
trajectory_000000:8317,mutual,mutual.CO+T,superlevel,h0,0.1,3,5,2,
trajectory_000000:8317,mutual,mutual.CO+T,superlevel,h0,0.25,5,2,3,
trajectory_000000:8317,mutual,mutual.CO+T,superlevel,h0,0.5,1,1,0,
trajectory_000000:8317,mutual,mutual.CO+T,superlevel,h0,0.75,1,2,1,
trajectory_000000:8317,mutual,mutual.CO+T,superlevel,h0,0.9,1,2,1,
trajectory_000000:8317,mutual,mutual.CO+T,superlevel,h1,0.1,1,0,1,
trajectory_000000:8317,mutual,mutual.CO+T,superlevel,h1,0.25,1,1,0,
trajectory_000000:8317,mutual,mutual.CO+T,superlevel,h1,0.5,0,1,1,
trajectory_000000:8317,mutual,mutual.CO+T,superlevel,h1,0.75,90,3,87,
trajectory_000000:8317,mutual,mutual.CO+T,superlevel,h1,0.9,90,3,87,
trajectory_000000:8317,persistence_distance,topology.self.persistence,,,,,,,0.003202949184924364
trajectory_000000:8317,persistence_distance,topology.mutual.persistence,,,,,,,0.0015447420300915837
trajectory_000000:8317,persistence_distance,topology.component_weighted_total_before_outer_family_weight,,,,,,,0.004747691098600626
trajectory_000000:8317,dimension_distance_diagnostic,topology.self.CO.h0,,,,,,,0.009595169685781002
trajectory_000000:8317,dimension_distance_diagnostic,topology.self.CO.h1,,,,,,,0.0011443853145465255
trajectory_000000:8317,dimension_distance_diagnostic,topology.self.T.h0,,,,,,,0.0019341952865943313
trajectory_000000:8317,dimension_distance_diagnostic,topology.self.T.h1,,,,,,,0.0001380465691909194
trajectory_000000:8317,dimension_distance_diagnostic,topology.mutual.CO+T.h0,,,,,,,0.0020862019155174494
trajectory_000000:8317,dimension_distance_diagnostic,topology.mutual.CO+T.h1,,,,,,,0.0010032820282503963
trajectory_000000:8333,self,self.CO,sublevel,h0,0.1,1,6,5,
trajectory_000000:8333,self,self.CO,sublevel,h0,0.25,1,6,5,
trajectory_000000:8333,self,self.CO,sublevel,h0,0.5,15,7,8,
trajectory_000000:8333,self,self.CO,sublevel,h0,0.75,6,1,5,
trajectory_000000:8333,self,self.CO,sublevel,h0,0.9,2,2,0,
trajectory_000000:8333,self,self.CO,sublevel,h1,0.1,0,2,2,
trajectory_000000:8333,self,self.CO,sublevel,h1,0.25,0,2,2,
trajectory_000000:8333,self,self.CO,sublevel,h1,0.5,0,0,0,
trajectory_000000:8333,self,self.CO,sublevel,h1,0.75,2,2,0,
trajectory_000000:8333,self,self.CO,sublevel,h1,0.9,12,4,8,
trajectory_000000:8333,self,self.T,sublevel,h0,0.1,1,10,9,
trajectory_000000:8333,self,self.T,sublevel,h0,0.25,3,3,0,
trajectory_000000:8333,self,self.T,sublevel,h0,0.5,15,16,1,
trajectory_000000:8333,self,self.T,sublevel,h0,0.75,1,2,1,
trajectory_000000:8333,self,self.T,sublevel,h0,0.9,2,2,0,
trajectory_000000:8333,self,self.T,sublevel,h1,0.1,0,1,1,
trajectory_000000:8333,self,self.T,sublevel,h1,0.25,0,0,0,
trajectory_000000:8333,self,self.T,sublevel,h1,0.5,0,0,0,
trajectory_000000:8333,self,self.T,sublevel,h1,0.75,6,0,6,
trajectory_000000:8333,self,self.T,sublevel,h1,0.9,4,3,1,
trajectory_000000:8333,mutual,mutual.CO+T,sublevel,h0,0.1,1,10,9,
trajectory_000000:8333,mutual,mutual.CO+T,sublevel,h0,0.25,3,3,0,
trajectory_000000:8333,mutual,mutual.CO+T,sublevel,h0,0.5,18,16,2,
trajectory_000000:8333,mutual,mutual.CO+T,sublevel,h0,0.75,19,4,15,
trajectory_000000:8333,mutual,mutual.CO+T,sublevel,h0,0.9,2,2,0,
trajectory_000000:8333,mutual,mutual.CO+T,sublevel,h1,0.1,0,1,1,
trajectory_000000:8333,mutual,mutual.CO+T,sublevel,h1,0.25,0,0,0,
trajectory_000000:8333,mutual,mutual.CO+T,sublevel,h1,0.5,0,1,1,
trajectory_000000:8333,mutual,mutual.CO+T,sublevel,h1,0.75,10,4,6,
trajectory_000000:8333,mutual,mutual.CO+T,sublevel,h1,0.9,12,4,8,
trajectory_000000:8333,mutual,mutual.CO+T,sublevel,h0,0.1,1,6,5,
trajectory_000000:8333,mutual,mutual.CO+T,sublevel,h0,0.25,1,6,5,
trajectory_000000:8333,mutual,mutual.CO+T,sublevel,h0,0.5,18,18,0,
trajectory_000000:8333,mutual,mutual.CO+T,sublevel,h0,0.75,17,3,14,
trajectory_000000:8333,mutual,mutual.CO+T,sublevel,h0,0.9,2,2,0,
trajectory_000000:8333,mutual,mutual.CO+T,sublevel,h1,0.1,0,2,2,
trajectory_000000:8333,mutual,mutual.CO+T,sublevel,h1,0.25,0,2,2,
trajectory_000000:8333,mutual,mutual.CO+T,sublevel,h1,0.5,0,1,1,
trajectory_000000:8333,mutual,mutual.CO+T,sublevel,h1,0.75,11,4,7,
trajectory_000000:8333,mutual,mutual.CO+T,sublevel,h1,0.9,12,4,8,
trajectory_000000:8333,mutual,mutual.CO+T,sublevel,h0,0.1,1,10,9,
trajectory_000000:8333,mutual,mutual.CO+T,sublevel,h0,0.25,3,3,0,
trajectory_000000:8333,mutual,mutual.CO+T,sublevel,h0,0.5,15,17,2,
trajectory_000000:8333,mutual,mutual.CO+T,sublevel,h0,0.75,6,1,5,
trajectory_000000:8333,mutual,mutual.CO+T,sublevel,h0,0.9,2,2,0,
trajectory_000000:8333,mutual,mutual.CO+T,sublevel,h1,0.1,0,1,1,
trajectory_000000:8333,mutual,mutual.CO+T,sublevel,h1,0.25,0,0,0,
trajectory_000000:8333,mutual,mutual.CO+T,sublevel,h1,0.5,0,1,1,
trajectory_000000:8333,mutual,mutual.CO+T,sublevel,h1,0.75,2,2,0,
trajectory_000000:8333,mutual,mutual.CO+T,sublevel,h1,0.9,12,4,8,
trajectory_000000:8333,self,self.CO,superlevel,h0,0.1,17,7,10,
trajectory_000000:8333,self,self.CO,superlevel,h0,0.25,3,3,0,
trajectory_000000:8333,self,self.CO,superlevel,h0,0.5,2,1,1,
trajectory_000000:8333,self,self.CO,superlevel,h0,0.75,1,5,4,
trajectory_000000:8333,self,self.CO,superlevel,h0,0.9,1,5,4,
trajectory_000000:8333,self,self.CO,superlevel,h1,0.1,1,1,0,
trajectory_000000:8333,self,self.CO,superlevel,h1,0.25,3,0,3,
trajectory_000000:8333,self,self.CO,superlevel,h1,0.5,4,2,2,
trajectory_000000:8333,self,self.CO,superlevel,h1,0.75,86,4,82,
trajectory_000000:8333,self,self.CO,superlevel,h1,0.9,86,4,82,
trajectory_000000:8333,self,self.T,superlevel,h0,0.1,5,4,1,
trajectory_000000:8333,self,self.T,superlevel,h0,0.25,9,1,8,
trajectory_000000:8333,self,self.T,superlevel,h0,0.5,1,1,0,
trajectory_000000:8333,self,self.T,superlevel,h0,0.75,1,3,2,
trajectory_000000:8333,self,self.T,superlevel,h0,0.9,1,3,2,
trajectory_000000:8333,self,self.T,superlevel,h1,0.1,0,0,0,
trajectory_000000:8333,self,self.T,superlevel,h1,0.25,0,1,1,
trajectory_000000:8333,self,self.T,superlevel,h1,0.5,2,0,2,
trajectory_000000:8333,self,self.T,superlevel,h1,0.75,0,2,2,
trajectory_000000:8333,self,self.T,superlevel,h1,0.9,0,2,2,
trajectory_000000:8333,mutual,mutual.CO+T,superlevel,h0,0.1,1,5,4,
trajectory_000000:8333,mutual,mutual.CO+T,superlevel,h0,0.25,5,5,0,
trajectory_000000:8333,mutual,mutual.CO+T,superlevel,h0,0.5,1,1,0,
trajectory_000000:8333,mutual,mutual.CO+T,superlevel,h0,0.75,1,3,2,
trajectory_000000:8333,mutual,mutual.CO+T,superlevel,h0,0.9,1,3,2,
trajectory_000000:8333,mutual,mutual.CO+T,superlevel,h1,0.1,0,0,0,
trajectory_000000:8333,mutual,mutual.CO+T,superlevel,h1,0.25,0,2,2,
trajectory_000000:8333,mutual,mutual.CO+T,superlevel,h1,0.5,2,0,2,
trajectory_000000:8333,mutual,mutual.CO+T,superlevel,h1,0.75,0,2,2,
trajectory_000000:8333,mutual,mutual.CO+T,superlevel,h1,0.9,0,2,2,
trajectory_000000:8333,mutual,mutual.CO+T,superlevel,h0,0.1,18,8,10,
trajectory_000000:8333,mutual,mutual.CO+T,superlevel,h0,0.25,5,2,3,
trajectory_000000:8333,mutual,mutual.CO+T,superlevel,h0,0.5,1,1,0,
trajectory_000000:8333,mutual,mutual.CO+T,superlevel,h0,0.75,1,3,2,
trajectory_000000:8333,mutual,mutual.CO+T,superlevel,h0,0.9,1,3,2,
trajectory_000000:8333,mutual,mutual.CO+T,superlevel,h1,0.1,0,1,1,
trajectory_000000:8333,mutual,mutual.CO+T,superlevel,h1,0.25,1,0,1,
trajectory_000000:8333,mutual,mutual.CO+T,superlevel,h1,0.5,2,0,2,
trajectory_000000:8333,mutual,mutual.CO+T,superlevel,h1,0.75,0,2,2,
trajectory_000000:8333,mutual,mutual.CO+T,superlevel,h1,0.9,0,2,2,
trajectory_000000:8333,mutual,mutual.CO+T,superlevel,h0,0.1,14,5,9,
trajectory_000000:8333,mutual,mutual.CO+T,superlevel,h0,0.25,7,2,5,
trajectory_000000:8333,mutual,mutual.CO+T,superlevel,h0,0.5,2,1,1,
trajectory_000000:8333,mutual,mutual.CO+T,superlevel,h0,0.75,1,5,4,
trajectory_000000:8333,mutual,mutual.CO+T,superlevel,h0,0.9,1,5,4,
trajectory_000000:8333,mutual,mutual.CO+T,superlevel,h1,0.1,0,0,0,
trajectory_000000:8333,mutual,mutual.CO+T,superlevel,h1,0.25,2,0,2,
trajectory_000000:8333,mutual,mutual.CO+T,superlevel,h1,0.5,4,2,2,
trajectory_000000:8333,mutual,mutual.CO+T,superlevel,h1,0.75,86,4,82,
trajectory_000000:8333,mutual,mutual.CO+T,superlevel,h1,0.9,86,4,82,
trajectory_000000:8333,persistence_distance,topology.self.persistence,,,,,,,0.0042032403871417046
trajectory_000000:8333,persistence_distance,topology.mutual.persistence,,,,,,,0.001313384622335434
trajectory_000000:8333,persistence_distance,topology.component_weighted_total_before_outer_family_weight,,,,,,,0.0055166250094771385
trajectory_000000:8333,dimension_distance_diagnostic,topology.self.CO.h0,,,,,,,0.013733928091824055
trajectory_000000:8333,dimension_distance_diagnostic,topology.self.CO.h1,,,,,,,0.000967562198638916
trajectory_000000:8333,dimension_distance_diagnostic,topology.self.T.h0,,,,,,,0.0018914358224719763
trajectory_000000:8333,dimension_distance_diagnostic,topology.self.T.h1,,,,,,,0.0002200356830144301
trajectory_000000:8333,dimension_distance_diagnostic,topology.mutual.CO+T.h0,,,,,,,0.001845800201408565
trajectory_000000:8333,dimension_distance_diagnostic,topology.mutual.CO+T.h1,,,,,,,0.0007809691596776247
trajectory_000000:8348,self,self.CO,sublevel,h0,0.1,3,4,1,
trajectory_000000:8348,self,self.CO,sublevel,h0,0.25,3,4,1,
trajectory_000000:8348,self,self.CO,sublevel,h0,0.5,15,2,13,
trajectory_000000:8348,self,self.CO,sublevel,h0,0.75,3,1,2,
trajectory_000000:8348,self,self.CO,sublevel,h0,0.9,4,1,3,
trajectory_000000:8348,self,self.CO,sublevel,h1,0.1,74,2,72,
trajectory_000000:8348,self,self.CO,sublevel,h1,0.25,74,2,72,
trajectory_000000:8348,self,self.CO,sublevel,h1,0.5,0,0,0,
trajectory_000000:8348,self,self.CO,sublevel,h1,0.75,3,4,1,
trajectory_000000:8348,self,self.CO,sublevel,h1,0.9,7,4,3,
trajectory_000000:8348,self,self.T,sublevel,h0,0.1,1,4,3,
trajectory_000000:8348,self,self.T,sublevel,h0,0.25,3,1,2,
trajectory_000000:8348,self,self.T,sublevel,h0,0.5,18,5,13,
trajectory_000000:8348,self,self.T,sublevel,h0,0.75,2,1,1,
trajectory_000000:8348,self,self.T,sublevel,h0,0.9,1,1,0,
trajectory_000000:8348,self,self.T,sublevel,h1,0.1,0,1,1,
trajectory_000000:8348,self,self.T,sublevel,h1,0.25,0,3,3,
trajectory_000000:8348,self,self.T,sublevel,h1,0.5,0,0,0,
trajectory_000000:8348,self,self.T,sublevel,h1,0.75,2,4,2,
trajectory_000000:8348,self,self.T,sublevel,h1,0.9,4,1,3,
trajectory_000000:8348,mutual,mutual.CO+T,sublevel,h0,0.1,1,4,3,
trajectory_000000:8348,mutual,mutual.CO+T,sublevel,h0,0.25,3,1,2,
trajectory_000000:8348,mutual,mutual.CO+T,sublevel,h0,0.5,17,6,11,
trajectory_000000:8348,mutual,mutual.CO+T,sublevel,h0,0.75,9,5,4,
trajectory_000000:8348,mutual,mutual.CO+T,sublevel,h0,0.9,4,1,3,
trajectory_000000:8348,mutual,mutual.CO+T,sublevel,h1,0.1,0,1,1,
trajectory_000000:8348,mutual,mutual.CO+T,sublevel,h1,0.25,0,3,3,
trajectory_000000:8348,mutual,mutual.CO+T,sublevel,h1,0.5,0,0,0,
trajectory_000000:8348,mutual,mutual.CO+T,sublevel,h1,0.75,4,6,2,
trajectory_000000:8348,mutual,mutual.CO+T,sublevel,h1,0.9,7,4,3,
trajectory_000000:8348,mutual,mutual.CO+T,sublevel,h0,0.1,1,4,3,
trajectory_000000:8348,mutual,mutual.CO+T,sublevel,h0,0.25,1,4,3,
trajectory_000000:8348,mutual,mutual.CO+T,sublevel,h0,0.5,18,7,11,
trajectory_000000:8348,mutual,mutual.CO+T,sublevel,h0,0.75,11,4,7,
trajectory_000000:8348,mutual,mutual.CO+T,sublevel,h0,0.9,4,1,3,
trajectory_000000:8348,mutual,mutual.CO+T,sublevel,h1,0.1,0,2,2,
trajectory_000000:8348,mutual,mutual.CO+T,sublevel,h1,0.25,0,2,2,
trajectory_000000:8348,mutual,mutual.CO+T,sublevel,h1,0.5,0,0,0,
trajectory_000000:8348,mutual,mutual.CO+T,sublevel,h1,0.75,4,6,2,
trajectory_000000:8348,mutual,mutual.CO+T,sublevel,h1,0.9,7,4,3,
trajectory_000000:8348,mutual,mutual.CO+T,sublevel,h0,0.1,1,4,3,
trajectory_000000:8348,mutual,mutual.CO+T,sublevel,h0,0.25,3,1,2,
trajectory_000000:8348,mutual,mutual.CO+T,sublevel,h0,0.5,20,5,15,
trajectory_000000:8348,mutual,mutual.CO+T,sublevel,h0,0.75,3,1,2,
trajectory_000000:8348,mutual,mutual.CO+T,sublevel,h0,0.9,4,1,3,
trajectory_000000:8348,mutual,mutual.CO+T,sublevel,h1,0.1,0,1,1,
trajectory_000000:8348,mutual,mutual.CO+T,sublevel,h1,0.25,0,3,3,
trajectory_000000:8348,mutual,mutual.CO+T,sublevel,h1,0.5,0,0,0,
trajectory_000000:8348,mutual,mutual.CO+T,sublevel,h1,0.75,3,4,1,
trajectory_000000:8348,mutual,mutual.CO+T,sublevel,h1,0.9,7,4,3,
trajectory_000000:8348,self,self.CO,superlevel,h0,0.1,14,8,6,
trajectory_000000:8348,self,self.CO,superlevel,h0,0.25,5,6,1,
trajectory_000000:8348,self,self.CO,superlevel,h0,0.5,2,1,1,
trajectory_000000:8348,self,self.CO,superlevel,h0,0.75,1,3,2,
trajectory_000000:8348,self,self.CO,superlevel,h0,0.9,1,3,2,
trajectory_000000:8348,self,self.CO,superlevel,h1,0.1,3,0,3,
trajectory_000000:8348,self,self.CO,superlevel,h1,0.25,2,0,2,
trajectory_000000:8348,self,self.CO,superlevel,h1,0.5,3,0,3,
trajectory_000000:8348,self,self.CO,superlevel,h1,0.75,88,2,86,
trajectory_000000:8348,self,self.CO,superlevel,h1,0.9,88,2,86,
trajectory_000000:8348,self,self.T,superlevel,h0,0.1,5,1,4,
trajectory_000000:8348,self,self.T,superlevel,h0,0.25,3,6,3,
trajectory_000000:8348,self,self.T,superlevel,h0,0.5,1,1,0,
trajectory_000000:8348,self,self.T,superlevel,h0,0.75,2,7,5,
trajectory_000000:8348,self,self.T,superlevel,h0,0.9,2,5,3,
trajectory_000000:8348,self,self.T,superlevel,h1,0.1,0,0,0,
trajectory_000000:8348,self,self.T,superlevel,h1,0.25,1,0,1,
trajectory_000000:8348,self,self.T,superlevel,h1,0.5,0,0,0,
trajectory_000000:8348,self,self.T,superlevel,h1,0.75,1,0,1,
trajectory_000000:8348,self,self.T,superlevel,h1,0.9,0,3,3,
trajectory_000000:8348,mutual,mutual.CO+T,superlevel,h0,0.1,6,1,5,
trajectory_000000:8348,mutual,mutual.CO+T,superlevel,h0,0.25,4,7,3,
trajectory_000000:8348,mutual,mutual.CO+T,superlevel,h0,0.5,1,1,0,
trajectory_000000:8348,mutual,mutual.CO+T,superlevel,h0,0.75,2,7,5,
trajectory_000000:8348,mutual,mutual.CO+T,superlevel,h0,0.9,2,5,3,
trajectory_000000:8348,mutual,mutual.CO+T,superlevel,h1,0.1,0,0,0,
trajectory_000000:8348,mutual,mutual.CO+T,superlevel,h1,0.25,1,0,1,
trajectory_000000:8348,mutual,mutual.CO+T,superlevel,h1,0.5,0,0,0,
trajectory_000000:8348,mutual,mutual.CO+T,superlevel,h1,0.75,1,0,1,
trajectory_000000:8348,mutual,mutual.CO+T,superlevel,h1,0.9,0,3,3,
trajectory_000000:8348,mutual,mutual.CO+T,superlevel,h0,0.1,18,3,15,
trajectory_000000:8348,mutual,mutual.CO+T,superlevel,h0,0.25,6,7,1,
trajectory_000000:8348,mutual,mutual.CO+T,superlevel,h0,0.5,1,1,0,
trajectory_000000:8348,mutual,mutual.CO+T,superlevel,h0,0.75,2,7,5,
trajectory_000000:8348,mutual,mutual.CO+T,superlevel,h0,0.9,2,5,3,
trajectory_000000:8348,mutual,mutual.CO+T,superlevel,h1,0.1,0,0,0,
trajectory_000000:8348,mutual,mutual.CO+T,superlevel,h1,0.25,2,2,0,
trajectory_000000:8348,mutual,mutual.CO+T,superlevel,h1,0.5,0,0,0,
trajectory_000000:8348,mutual,mutual.CO+T,superlevel,h1,0.75,1,0,1,
trajectory_000000:8348,mutual,mutual.CO+T,superlevel,h1,0.9,0,3,3,
trajectory_000000:8348,mutual,mutual.CO+T,superlevel,h0,0.1,19,2,17,
trajectory_000000:8348,mutual,mutual.CO+T,superlevel,h0,0.25,6,7,1,
trajectory_000000:8348,mutual,mutual.CO+T,superlevel,h0,0.5,2,1,1,
trajectory_000000:8348,mutual,mutual.CO+T,superlevel,h0,0.75,1,3,2,
trajectory_000000:8348,mutual,mutual.CO+T,superlevel,h0,0.9,1,3,2,
trajectory_000000:8348,mutual,mutual.CO+T,superlevel,h1,0.1,0,0,0,
trajectory_000000:8348,mutual,mutual.CO+T,superlevel,h1,0.25,4,2,2,
trajectory_000000:8348,mutual,mutual.CO+T,superlevel,h1,0.5,3,0,3,
trajectory_000000:8348,mutual,mutual.CO+T,superlevel,h1,0.75,88,2,86,
trajectory_000000:8348,mutual,mutual.CO+T,superlevel,h1,0.9,88,2,86,
trajectory_000000:8348,persistence_distance,topology.self.persistence,,,,,,,0.0037459256127476692
trajectory_000000:8348,persistence_distance,topology.mutual.persistence,,,,,,,0.0016784211620688438
trajectory_000000:8348,persistence_distance,topology.component_weighted_total_before_outer_family_weight,,,,,,,0.005424346774816513
trajectory_000000:8348,dimension_distance_diagnostic,topology.self.CO.h0,,,,,,,0.009455961175262928
trajectory_000000:8348,dimension_distance_diagnostic,topology.self.CO.h1,,,,,,,0.0014214047696441412
trajectory_000000:8348,dimension_distance_diagnostic,topology.self.T.h0,,,,,,,0.0038958110380917788
trajectory_000000:8348,dimension_distance_diagnostic,topology.self.T.h1,,,,,,,0.00021052554075140506
trajectory_000000:8348,dimension_distance_diagnostic,topology.mutual.CO+T.h0,,,,,,,0.0021435513626784086
trajectory_000000:8348,dimension_distance_diagnostic,topology.mutual.CO+T.h1,,,,,,,0.0012132910778746009
trajectory_000000:8364,self,self.CO,sublevel,h0,0.1,1,8,7,
trajectory_000000:8364,self,self.CO,sublevel,h0,0.25,1,8,7,
trajectory_000000:8364,self,self.CO,sublevel,h0,0.5,7,7,0,
trajectory_000000:8364,self,self.CO,sublevel,h0,0.75,2,2,0,
trajectory_000000:8364,self,self.CO,sublevel,h0,0.9,4,1,3,
trajectory_000000:8364,self,self.CO,sublevel,h1,0.1,0,1,1,
trajectory_000000:8364,self,self.CO,sublevel,h1,0.25,0,1,1,
trajectory_000000:8364,self,self.CO,sublevel,h1,0.5,0,0,0,
trajectory_000000:8364,self,self.CO,sublevel,h1,0.75,3,1,2,
trajectory_000000:8364,self,self.CO,sublevel,h1,0.9,7,5,2,
trajectory_000000:8364,self,self.T,sublevel,h0,0.1,4,4,0,
trajectory_000000:8364,self,self.T,sublevel,h0,0.25,5,5,0,
trajectory_000000:8364,self,self.T,sublevel,h0,0.5,9,8,1,
trajectory_000000:8364,self,self.T,sublevel,h0,0.75,2,2,0,
trajectory_000000:8364,self,self.T,sublevel,h0,0.9,2,1,1,
trajectory_000000:8364,self,self.T,sublevel,h1,0.1,0,0,0,
trajectory_000000:8364,self,self.T,sublevel,h1,0.25,0,0,0,
trajectory_000000:8364,self,self.T,sublevel,h1,0.5,0,0,0,
trajectory_000000:8364,self,self.T,sublevel,h1,0.75,0,0,0,
trajectory_000000:8364,self,self.T,sublevel,h1,0.9,8,4,4,
trajectory_000000:8364,mutual,mutual.CO+T,sublevel,h0,0.1,4,4,0,
trajectory_000000:8364,mutual,mutual.CO+T,sublevel,h0,0.25,5,5,0,
trajectory_000000:8364,mutual,mutual.CO+T,sublevel,h0,0.5,9,8,1,
trajectory_000000:8364,mutual,mutual.CO+T,sublevel,h0,0.75,13,5,8,
trajectory_000000:8364,mutual,mutual.CO+T,sublevel,h0,0.9,4,1,3,
trajectory_000000:8364,mutual,mutual.CO+T,sublevel,h1,0.1,0,0,0,
trajectory_000000:8364,mutual,mutual.CO+T,sublevel,h1,0.25,0,0,0,
trajectory_000000:8364,mutual,mutual.CO+T,sublevel,h1,0.5,0,0,0,
trajectory_000000:8364,mutual,mutual.CO+T,sublevel,h1,0.75,8,10,2,
trajectory_000000:8364,mutual,mutual.CO+T,sublevel,h1,0.9,7,5,2,
trajectory_000000:8364,mutual,mutual.CO+T,sublevel,h0,0.1,1,8,7,
trajectory_000000:8364,mutual,mutual.CO+T,sublevel,h0,0.25,1,8,7,
trajectory_000000:8364,mutual,mutual.CO+T,sublevel,h0,0.5,17,11,6,
trajectory_000000:8364,mutual,mutual.CO+T,sublevel,h0,0.75,13,5,8,
trajectory_000000:8364,mutual,mutual.CO+T,sublevel,h0,0.9,4,1,3,
trajectory_000000:8364,mutual,mutual.CO+T,sublevel,h1,0.1,0,1,1,
trajectory_000000:8364,mutual,mutual.CO+T,sublevel,h1,0.25,0,1,1,
trajectory_000000:8364,mutual,mutual.CO+T,sublevel,h1,0.5,0,0,0,
trajectory_000000:8364,mutual,mutual.CO+T,sublevel,h1,0.75,8,9,1,
trajectory_000000:8364,mutual,mutual.CO+T,sublevel,h1,0.9,7,5,2,
trajectory_000000:8364,mutual,mutual.CO+T,sublevel,h0,0.1,4,4,0,
trajectory_000000:8364,mutual,mutual.CO+T,sublevel,h0,0.25,5,5,0,
trajectory_000000:8364,mutual,mutual.CO+T,sublevel,h0,0.5,17,12,5,
trajectory_000000:8364,mutual,mutual.CO+T,sublevel,h0,0.75,2,2,0,
trajectory_000000:8364,mutual,mutual.CO+T,sublevel,h0,0.9,4,1,3,
trajectory_000000:8364,mutual,mutual.CO+T,sublevel,h1,0.1,0,0,0,
trajectory_000000:8364,mutual,mutual.CO+T,sublevel,h1,0.25,0,0,0,
trajectory_000000:8364,mutual,mutual.CO+T,sublevel,h1,0.5,0,0,0,
trajectory_000000:8364,mutual,mutual.CO+T,sublevel,h1,0.75,3,1,2,
trajectory_000000:8364,mutual,mutual.CO+T,sublevel,h1,0.9,7,5,2,
trajectory_000000:8364,self,self.CO,superlevel,h0,0.1,9,9,0,
trajectory_000000:8364,self,self.CO,superlevel,h0,0.25,11,4,7,
trajectory_000000:8364,self,self.CO,superlevel,h0,0.5,1,2,1,
trajectory_000000:8364,self,self.CO,superlevel,h0,0.75,1,8,7,
trajectory_000000:8364,self,self.CO,superlevel,h0,0.9,1,8,7,
trajectory_000000:8364,self,self.CO,superlevel,h1,0.1,2,0,2,
trajectory_000000:8364,self,self.CO,superlevel,h1,0.25,1,0,1,
trajectory_000000:8364,self,self.CO,superlevel,h1,0.5,2,0,2,
trajectory_000000:8364,self,self.CO,superlevel,h1,0.75,96,2,94,
trajectory_000000:8364,self,self.CO,superlevel,h1,0.9,96,2,94,
trajectory_000000:8364,self,self.T,superlevel,h0,0.1,12,5,7,
trajectory_000000:8364,self,self.T,superlevel,h0,0.25,2,1,1,
trajectory_000000:8364,self,self.T,superlevel,h0,0.5,1,1,0,
trajectory_000000:8364,self,self.T,superlevel,h0,0.75,1,1,0,
trajectory_000000:8364,self,self.T,superlevel,h0,0.9,1,3,2,
trajectory_000000:8364,self,self.T,superlevel,h1,0.1,0,0,0,
trajectory_000000:8364,self,self.T,superlevel,h1,0.25,0,1,1,
trajectory_000000:8364,self,self.T,superlevel,h1,0.5,0,0,0,
trajectory_000000:8364,self,self.T,superlevel,h1,0.75,0,2,2,
trajectory_000000:8364,self,self.T,superlevel,h1,0.9,0,3,3,
trajectory_000000:8364,mutual,mutual.CO+T,superlevel,h0,0.1,11,3,8,
trajectory_000000:8364,mutual,mutual.CO+T,superlevel,h0,0.25,4,3,1,
trajectory_000000:8364,mutual,mutual.CO+T,superlevel,h0,0.5,1,1,0,
trajectory_000000:8364,mutual,mutual.CO+T,superlevel,h0,0.75,1,1,0,
trajectory_000000:8364,mutual,mutual.CO+T,superlevel,h0,0.9,1,3,2,
trajectory_000000:8364,mutual,mutual.CO+T,superlevel,h1,0.1,0,0,0,
trajectory_000000:8364,mutual,mutual.CO+T,superlevel,h1,0.25,1,0,1,
trajectory_000000:8364,mutual,mutual.CO+T,superlevel,h1,0.5,0,0,0,
trajectory_000000:8364,mutual,mutual.CO+T,superlevel,h1,0.75,0,2,2,
trajectory_000000:8364,mutual,mutual.CO+T,superlevel,h1,0.9,0,3,3,
trajectory_000000:8364,mutual,mutual.CO+T,superlevel,h0,0.1,13,11,2,
trajectory_000000:8364,mutual,mutual.CO+T,superlevel,h0,0.25,11,9,2,
trajectory_000000:8364,mutual,mutual.CO+T,superlevel,h0,0.5,1,1,0,
trajectory_000000:8364,mutual,mutual.CO+T,superlevel,h0,0.75,1,1,0,
trajectory_000000:8364,mutual,mutual.CO+T,superlevel,h0,0.9,1,3,2,
trajectory_000000:8364,mutual,mutual.CO+T,superlevel,h1,0.1,0,0,0,
trajectory_000000:8364,mutual,mutual.CO+T,superlevel,h1,0.25,0,1,1,
trajectory_000000:8364,mutual,mutual.CO+T,superlevel,h1,0.5,0,0,0,
trajectory_000000:8364,mutual,mutual.CO+T,superlevel,h1,0.75,0,2,2,
trajectory_000000:8364,mutual,mutual.CO+T,superlevel,h1,0.9,0,3,3,
trajectory_000000:8364,mutual,mutual.CO+T,superlevel,h0,0.1,9,7,2,
trajectory_000000:8364,mutual,mutual.CO+T,superlevel,h0,0.25,9,6,3,
trajectory_000000:8364,mutual,mutual.CO+T,superlevel,h0,0.5,1,2,1,
trajectory_000000:8364,mutual,mutual.CO+T,superlevel,h0,0.75,1,8,7,
trajectory_000000:8364,mutual,mutual.CO+T,superlevel,h0,0.9,1,8,7,
trajectory_000000:8364,mutual,mutual.CO+T,superlevel,h1,0.1,0,1,1,
trajectory_000000:8364,mutual,mutual.CO+T,superlevel,h1,0.25,0,1,1,
trajectory_000000:8364,mutual,mutual.CO+T,superlevel,h1,0.5,2,0,2,
trajectory_000000:8364,mutual,mutual.CO+T,superlevel,h1,0.75,96,2,94,
trajectory_000000:8364,mutual,mutual.CO+T,superlevel,h1,0.9,96,2,94,
trajectory_000000:8364,persistence_distance,topology.self.persistence,,,,,,,0.001931068836711347
trajectory_000000:8364,persistence_distance,topology.mutual.persistence,,,,,,,0.0010143487015739083
trajectory_000000:8364,persistence_distance,topology.component_weighted_total_before_outer_family_weight,,,,,,,0.0029454175382852554
trajectory_000000:8364,dimension_distance_diagnostic,topology.self.CO.h0,,,,,,,0.005452882498502731
trajectory_000000:8364,dimension_distance_diagnostic,topology.self.CO.h1,,,,,,,0.0007176885847002268
trajectory_000000:8364,dimension_distance_diagnostic,topology.self.T.h0,,,,,,,0.001446941401809454
trajectory_000000:8364,dimension_distance_diagnostic,topology.self.T.h1,,,,,,,0.00010676246893126518
trajectory_000000:8364,dimension_distance_diagnostic,topology.mutual.CO+T.h0,,,,,,,0.0014691088581457734
trajectory_000000:8364,dimension_distance_diagnostic,topology.mutual.CO+T.h1,,,,,,,0.0005595886032097042
trajectory_000000:8380,self,self.CO,sublevel,h0,0.1,1,5,4,
trajectory_000000:8380,self,self.CO,sublevel,h0,0.25,1,5,4,
trajectory_000000:8380,self,self.CO,sublevel,h0,0.5,1,1,0,
trajectory_000000:8380,self,self.CO,sublevel,h0,0.75,3,3,0,
trajectory_000000:8380,self,self.CO,sublevel,h0,0.9,2,2,0,
trajectory_000000:8380,self,self.CO,sublevel,h1,0.1,0,2,2,
trajectory_000000:8380,self,self.CO,sublevel,h1,0.25,0,2,2,
trajectory_000000:8380,self,self.CO,sublevel,h1,0.5,0,0,0,
trajectory_000000:8380,self,self.CO,sublevel,h1,0.75,2,0,2,
trajectory_000000:8380,self,self.CO,sublevel,h1,0.9,4,2,2,
trajectory_000000:8380,self,self.T,sublevel,h0,0.1,4,6,2,
trajectory_000000:8380,self,self.T,sublevel,h0,0.25,2,2,0,
trajectory_000000:8380,self,self.T,sublevel,h0,0.5,1,1,0,
trajectory_000000:8380,self,self.T,sublevel,h0,0.75,1,1,0,
trajectory_000000:8380,self,self.T,sublevel,h0,0.9,1,1,0,
trajectory_000000:8380,self,self.T,sublevel,h1,0.1,0,4,4,
trajectory_000000:8380,self,self.T,sublevel,h1,0.25,0,1,1,
trajectory_000000:8380,self,self.T,sublevel,h1,0.5,1,0,1,
trajectory_000000:8380,self,self.T,sublevel,h1,0.75,3,0,3,
trajectory_000000:8380,self,self.T,sublevel,h1,0.9,2,3,1,
trajectory_000000:8380,mutual,mutual.CO+T,sublevel,h0,0.1,4,6,2,
trajectory_000000:8380,mutual,mutual.CO+T,sublevel,h0,0.25,2,2,0,
trajectory_000000:8380,mutual,mutual.CO+T,sublevel,h0,0.5,1,1,0,
trajectory_000000:8380,mutual,mutual.CO+T,sublevel,h0,0.75,9,9,0,
trajectory_000000:8380,mutual,mutual.CO+T,sublevel,h0,0.9,2,3,1,
trajectory_000000:8380,mutual,mutual.CO+T,sublevel,h1,0.1,0,4,4,
trajectory_000000:8380,mutual,mutual.CO+T,sublevel,h1,0.25,0,1,1,
trajectory_000000:8380,mutual,mutual.CO+T,sublevel,h1,0.5,1,0,1,
trajectory_000000:8380,mutual,mutual.CO+T,sublevel,h1,0.75,4,2,2,
trajectory_000000:8380,mutual,mutual.CO+T,sublevel,h1,0.9,8,2,6,
trajectory_000000:8380,mutual,mutual.CO+T,sublevel,h0,0.1,1,5,4,
trajectory_000000:8380,mutual,mutual.CO+T,sublevel,h0,0.25,1,5,4,
trajectory_000000:8380,mutual,mutual.CO+T,sublevel,h0,0.5,1,1,0,
trajectory_000000:8380,mutual,mutual.CO+T,sublevel,h0,0.75,11,10,1,
trajectory_000000:8380,mutual,mutual.CO+T,sublevel,h0,0.9,2,4,2,
trajectory_000000:8380,mutual,mutual.CO+T,sublevel,h1,0.1,0,2,2,
trajectory_000000:8380,mutual,mutual.CO+T,sublevel,h1,0.25,0,2,2,
trajectory_000000:8380,mutual,mutual.CO+T,sublevel,h1,0.5,0,0,0,
trajectory_000000:8380,mutual,mutual.CO+T,sublevel,h1,0.75,3,2,1,
trajectory_000000:8380,mutual,mutual.CO+T,sublevel,h1,0.9,10,2,8,
trajectory_000000:8380,mutual,mutual.CO+T,sublevel,h0,0.1,4,7,3,
trajectory_000000:8380,mutual,mutual.CO+T,sublevel,h0,0.25,2,2,0,
trajectory_000000:8380,mutual,mutual.CO+T,sublevel,h0,0.5,1,1,0,
trajectory_000000:8380,mutual,mutual.CO+T,sublevel,h0,0.75,3,3,0,
trajectory_000000:8380,mutual,mutual.CO+T,sublevel,h0,0.9,2,2,0,
trajectory_000000:8380,mutual,mutual.CO+T,sublevel,h1,0.1,0,4,4,
trajectory_000000:8380,mutual,mutual.CO+T,sublevel,h1,0.25,0,1,1,
trajectory_000000:8380,mutual,mutual.CO+T,sublevel,h1,0.5,0,0,0,
trajectory_000000:8380,mutual,mutual.CO+T,sublevel,h1,0.75,2,0,2,
trajectory_000000:8380,mutual,mutual.CO+T,sublevel,h1,0.9,4,2,2,
trajectory_000000:8380,self,self.CO,superlevel,h0,0.1,6,3,3,
trajectory_000000:8380,self,self.CO,superlevel,h0,0.25,4,1,3,
trajectory_000000:8380,self,self.CO,superlevel,h0,0.5,1,1,0,
trajectory_000000:8380,self,self.CO,superlevel,h0,0.75,1,8,7,
trajectory_000000:8380,self,self.CO,superlevel,h0,0.9,1,8,7,
trajectory_000000:8380,self,self.CO,superlevel,h1,0.1,0,1,1,
trajectory_000000:8380,self,self.CO,superlevel,h1,0.25,2,2,0,
trajectory_000000:8380,self,self.CO,superlevel,h1,0.5,0,0,0,
trajectory_000000:8380,self,self.CO,superlevel,h1,0.75,98,1,97,
trajectory_000000:8380,self,self.CO,superlevel,h1,0.9,98,1,97,
trajectory_000000:8380,self,self.T,superlevel,h0,0.1,2,3,1,
trajectory_000000:8380,self,self.T,superlevel,h0,0.25,4,1,3,
trajectory_000000:8380,self,self.T,superlevel,h0,0.5,2,3,1,
trajectory_000000:8380,self,self.T,superlevel,h0,0.75,1,7,6,
trajectory_000000:8380,self,self.T,superlevel,h0,0.9,1,5,4,
trajectory_000000:8380,self,self.T,superlevel,h1,0.1,0,0,0,
trajectory_000000:8380,self,self.T,superlevel,h1,0.25,0,0,0,
trajectory_000000:8380,self,self.T,superlevel,h1,0.5,0,0,0,
trajectory_000000:8380,self,self.T,superlevel,h1,0.75,0,0,0,
trajectory_000000:8380,self,self.T,superlevel,h1,0.9,1,4,3,
trajectory_000000:8380,mutual,mutual.CO+T,superlevel,h0,0.1,1,2,1,
trajectory_000000:8380,mutual,mutual.CO+T,superlevel,h0,0.25,5,3,2,
trajectory_000000:8380,mutual,mutual.CO+T,superlevel,h0,0.5,2,3,1,
trajectory_000000:8380,mutual,mutual.CO+T,superlevel,h0,0.75,1,7,6,
trajectory_000000:8380,mutual,mutual.CO+T,superlevel,h0,0.9,1,5,4,
trajectory_000000:8380,mutual,mutual.CO+T,superlevel,h1,0.1,0,0,0,
trajectory_000000:8380,mutual,mutual.CO+T,superlevel,h1,0.25,0,0,0,
trajectory_000000:8380,mutual,mutual.CO+T,superlevel,h1,0.5,0,0,0,
trajectory_000000:8380,mutual,mutual.CO+T,superlevel,h1,0.75,0,0,0,
trajectory_000000:8380,mutual,mutual.CO+T,superlevel,h1,0.9,1,4,3,
trajectory_000000:8380,mutual,mutual.CO+T,superlevel,h0,0.1,7,16,9,
trajectory_000000:8380,mutual,mutual.CO+T,superlevel,h0,0.25,4,2,2,
trajectory_000000:8380,mutual,mutual.CO+T,superlevel,h0,0.5,2,3,1,
trajectory_000000:8380,mutual,mutual.CO+T,superlevel,h0,0.75,1,7,6,
trajectory_000000:8380,mutual,mutual.CO+T,superlevel,h0,0.9,1,5,4,
trajectory_000000:8380,mutual,mutual.CO+T,superlevel,h1,0.1,0,0,0,
trajectory_000000:8380,mutual,mutual.CO+T,superlevel,h1,0.25,1,1,0,
trajectory_000000:8380,mutual,mutual.CO+T,superlevel,h1,0.5,0,0,0,
trajectory_000000:8380,mutual,mutual.CO+T,superlevel,h1,0.75,0,0,0,
trajectory_000000:8380,mutual,mutual.CO+T,superlevel,h1,0.9,1,4,3,
trajectory_000000:8380,mutual,mutual.CO+T,superlevel,h0,0.1,13,4,9,
trajectory_000000:8380,mutual,mutual.CO+T,superlevel,h0,0.25,5,4,1,
trajectory_000000:8380,mutual,mutual.CO+T,superlevel,h0,0.5,1,1,0,
trajectory_000000:8380,mutual,mutual.CO+T,superlevel,h0,0.75,1,8,7,
trajectory_000000:8380,mutual,mutual.CO+T,superlevel,h0,0.9,1,8,7,
trajectory_000000:8380,mutual,mutual.CO+T,superlevel,h1,0.1,1,0,1,
trajectory_000000:8380,mutual,mutual.CO+T,superlevel,h1,0.25,2,1,1,
trajectory_000000:8380,mutual,mutual.CO+T,superlevel,h1,0.5,0,0,0,
trajectory_000000:8380,mutual,mutual.CO+T,superlevel,h1,0.75,98,1,97,
trajectory_000000:8380,mutual,mutual.CO+T,superlevel,h1,0.9,98,1,97,
trajectory_000000:8380,persistence_distance,topology.self.persistence,,,,,,,0.005799673032015562
trajectory_000000:8380,persistence_distance,topology.mutual.persistence,,,,,,,0.0015881276922300458
trajectory_000000:8380,persistence_distance,topology.component_weighted_total_before_outer_family_weight,,,,,,,0.007387800607830286
trajectory_000000:8380,dimension_distance_diagnostic,topology.self.CO.h0,,,,,,,0.019530847668647766
trajectory_000000:8380,dimension_distance_diagnostic,topology.self.CO.h1,,,,,,,0.0006778386305086315
trajectory_000000:8380,dimension_distance_diagnostic,topology.self.T.h0,,,,,,,0.0029002241790294647
trajectory_000000:8380,dimension_distance_diagnostic,topology.self.T.h1,,,,,,,8.978349069366232e-05
trajectory_000000:8380,dimension_distance_diagnostic,topology.mutual.CO+T.h0,,,,,,,0.0026054594200104475
trajectory_000000:8380,dimension_distance_diagnostic,topology.mutual.CO+T.h1,,,,,,,0.000570796022657305
trajectory_000000:8396,self,self.CO,sublevel,h0,0.1,3,3,0,
trajectory_000000:8396,self,self.CO,sublevel,h0,0.25,3,3,0,
trajectory_000000:8396,self,self.CO,sublevel,h0,0.5,1,2,1,
trajectory_000000:8396,self,self.CO,sublevel,h0,0.75,4,3,1,
trajectory_000000:8396,self,self.CO,sublevel,h0,0.9,2,1,1,
trajectory_000000:8396,self,self.CO,sublevel,h1,0.1,101,3,98,
trajectory_000000:8396,self,self.CO,sublevel,h1,0.25,101,3,98,
trajectory_000000:8396,self,self.CO,sublevel,h1,0.5,0,1,1,
trajectory_000000:8396,self,self.CO,sublevel,h1,0.75,1,2,1,
trajectory_000000:8396,self,self.CO,sublevel,h1,0.9,4,3,1,
trajectory_000000:8396,self,self.T,sublevel,h0,0.1,4,6,2,
trajectory_000000:8396,self,self.T,sublevel,h0,0.25,3,3,0,
trajectory_000000:8396,self,self.T,sublevel,h0,0.5,1,1,0,
trajectory_000000:8396,self,self.T,sublevel,h0,0.75,1,1,0,
trajectory_000000:8396,self,self.T,sublevel,h0,0.9,1,1,0,
trajectory_000000:8396,self,self.T,sublevel,h1,0.1,0,0,0,
trajectory_000000:8396,self,self.T,sublevel,h1,0.25,0,1,1,
trajectory_000000:8396,self,self.T,sublevel,h1,0.5,1,0,1,
trajectory_000000:8396,self,self.T,sublevel,h1,0.75,2,0,2,
trajectory_000000:8396,self,self.T,sublevel,h1,0.9,3,3,0,
trajectory_000000:8396,mutual,mutual.CO+T,sublevel,h0,0.1,4,6,2,
trajectory_000000:8396,mutual,mutual.CO+T,sublevel,h0,0.25,3,3,0,
trajectory_000000:8396,mutual,mutual.CO+T,sublevel,h0,0.5,1,1,0,
trajectory_000000:8396,mutual,mutual.CO+T,sublevel,h0,0.75,10,6,4,
trajectory_000000:8396,mutual,mutual.CO+T,sublevel,h0,0.9,1,1,0,
trajectory_000000:8396,mutual,mutual.CO+T,sublevel,h1,0.1,0,0,0,
trajectory_000000:8396,mutual,mutual.CO+T,sublevel,h1,0.25,0,1,1,
trajectory_000000:8396,mutual,mutual.CO+T,sublevel,h1,0.5,1,0,1,
trajectory_000000:8396,mutual,mutual.CO+T,sublevel,h1,0.75,3,3,0,
trajectory_000000:8396,mutual,mutual.CO+T,sublevel,h1,0.9,6,3,3,
trajectory_000000:8396,mutual,mutual.CO+T,sublevel,h0,0.1,3,3,0,
trajectory_000000:8396,mutual,mutual.CO+T,sublevel,h0,0.25,3,3,0,
trajectory_000000:8396,mutual,mutual.CO+T,sublevel,h0,0.5,1,2,1,
trajectory_000000:8396,mutual,mutual.CO+T,sublevel,h0,0.75,10,6,4,
trajectory_000000:8396,mutual,mutual.CO+T,sublevel,h0,0.9,1,1,0,
trajectory_000000:8396,mutual,mutual.CO+T,sublevel,h1,0.1,101,3,98,
trajectory_000000:8396,mutual,mutual.CO+T,sublevel,h1,0.25,101,3,98,
trajectory_000000:8396,mutual,mutual.CO+T,sublevel,h1,0.5,0,1,1,
trajectory_000000:8396,mutual,mutual.CO+T,sublevel,h1,0.75,3,3,0,
trajectory_000000:8396,mutual,mutual.CO+T,sublevel,h1,0.9,7,2,5,
trajectory_000000:8396,mutual,mutual.CO+T,sublevel,h0,0.1,4,6,2,
trajectory_000000:8396,mutual,mutual.CO+T,sublevel,h0,0.25,3,3,0,
trajectory_000000:8396,mutual,mutual.CO+T,sublevel,h0,0.5,1,1,0,
trajectory_000000:8396,mutual,mutual.CO+T,sublevel,h0,0.75,4,3,1,
trajectory_000000:8396,mutual,mutual.CO+T,sublevel,h0,0.9,2,1,1,
trajectory_000000:8396,mutual,mutual.CO+T,sublevel,h1,0.1,0,0,0,
trajectory_000000:8396,mutual,mutual.CO+T,sublevel,h1,0.25,0,1,1,
trajectory_000000:8396,mutual,mutual.CO+T,sublevel,h1,0.5,1,0,1,
trajectory_000000:8396,mutual,mutual.CO+T,sublevel,h1,0.75,1,2,1,
trajectory_000000:8396,mutual,mutual.CO+T,sublevel,h1,0.9,4,3,1,
trajectory_000000:8396,self,self.CO,superlevel,h0,0.1,7,4,3,
trajectory_000000:8396,self,self.CO,superlevel,h0,0.25,2,5,3,
trajectory_000000:8396,self,self.CO,superlevel,h0,0.5,1,8,7,
trajectory_000000:8396,self,self.CO,superlevel,h0,0.75,1,10,9,
trajectory_000000:8396,self,self.CO,superlevel,h0,0.9,1,10,9,
trajectory_000000:8396,self,self.CO,superlevel,h1,0.1,0,0,0,
trajectory_000000:8396,self,self.CO,superlevel,h1,0.25,3,2,1,
trajectory_000000:8396,self,self.CO,superlevel,h1,0.5,0,1,1,
trajectory_000000:8396,self,self.CO,superlevel,h1,0.75,116,0,116,
trajectory_000000:8396,self,self.CO,superlevel,h1,0.9,116,0,116,
trajectory_000000:8396,self,self.T,superlevel,h0,0.1,3,3,0,
trajectory_000000:8396,self,self.T,superlevel,h0,0.25,4,1,3,
trajectory_000000:8396,self,self.T,superlevel,h0,0.5,3,2,1,
trajectory_000000:8396,self,self.T,superlevel,h0,0.75,1,4,3,
trajectory_000000:8396,self,self.T,superlevel,h0,0.9,1,2,1,
trajectory_000000:8396,self,self.T,superlevel,h1,0.1,0,0,0,
trajectory_000000:8396,self,self.T,superlevel,h1,0.25,0,0,0,
trajectory_000000:8396,self,self.T,superlevel,h1,0.5,0,0,0,
trajectory_000000:8396,self,self.T,superlevel,h1,0.75,0,1,1,
trajectory_000000:8396,self,self.T,superlevel,h1,0.9,0,4,4,
trajectory_000000:8396,mutual,mutual.CO+T,superlevel,h0,0.1,2,3,1,
trajectory_000000:8396,mutual,mutual.CO+T,superlevel,h0,0.25,4,1,3,
trajectory_000000:8396,mutual,mutual.CO+T,superlevel,h0,0.5,3,2,1,
trajectory_000000:8396,mutual,mutual.CO+T,superlevel,h0,0.75,1,4,3,
trajectory_000000:8396,mutual,mutual.CO+T,superlevel,h0,0.9,1,2,1,
trajectory_000000:8396,mutual,mutual.CO+T,superlevel,h1,0.1,1,0,1,
trajectory_000000:8396,mutual,mutual.CO+T,superlevel,h1,0.25,1,0,1,
trajectory_000000:8396,mutual,mutual.CO+T,superlevel,h1,0.5,0,0,0,
trajectory_000000:8396,mutual,mutual.CO+T,superlevel,h1,0.75,0,1,1,
trajectory_000000:8396,mutual,mutual.CO+T,superlevel,h1,0.9,0,4,4,
trajectory_000000:8396,mutual,mutual.CO+T,superlevel,h0,0.1,12,10,2,
trajectory_000000:8396,mutual,mutual.CO+T,superlevel,h0,0.25,5,2,3,
trajectory_000000:8396,mutual,mutual.CO+T,superlevel,h0,0.5,3,2,1,
trajectory_000000:8396,mutual,mutual.CO+T,superlevel,h0,0.75,1,4,3,
trajectory_000000:8396,mutual,mutual.CO+T,superlevel,h0,0.9,1,2,1,
trajectory_000000:8396,mutual,mutual.CO+T,superlevel,h1,0.1,0,1,1,
trajectory_000000:8396,mutual,mutual.CO+T,superlevel,h1,0.25,2,2,0,
trajectory_000000:8396,mutual,mutual.CO+T,superlevel,h1,0.5,0,0,0,
trajectory_000000:8396,mutual,mutual.CO+T,superlevel,h1,0.75,0,1,1,
trajectory_000000:8396,mutual,mutual.CO+T,superlevel,h1,0.9,0,4,4,
trajectory_000000:8396,mutual,mutual.CO+T,superlevel,h0,0.1,4,5,1,
trajectory_000000:8396,mutual,mutual.CO+T,superlevel,h0,0.25,4,3,1,
trajectory_000000:8396,mutual,mutual.CO+T,superlevel,h0,0.5,1,8,7,
trajectory_000000:8396,mutual,mutual.CO+T,superlevel,h0,0.75,1,10,9,
trajectory_000000:8396,mutual,mutual.CO+T,superlevel,h0,0.9,1,10,9,
trajectory_000000:8396,mutual,mutual.CO+T,superlevel,h1,0.1,0,0,0,
trajectory_000000:8396,mutual,mutual.CO+T,superlevel,h1,0.25,1,2,1,
trajectory_000000:8396,mutual,mutual.CO+T,superlevel,h1,0.5,0,1,1,
trajectory_000000:8396,mutual,mutual.CO+T,superlevel,h1,0.75,116,0,116,
trajectory_000000:8396,mutual,mutual.CO+T,superlevel,h1,0.9,116,0,116,
trajectory_000000:8396,persistence_distance,topology.self.persistence,,,,,,,0.005190188996493816
trajectory_000000:8396,persistence_distance,topology.mutual.persistence,,,,,,,0.0016572020249441266
trajectory_000000:8396,persistence_distance,topology.component_weighted_total_before_outer_family_weight,,,,,,,0.006847390905022621
trajectory_000000:8396,dimension_distance_diagnostic,topology.self.CO.h0,,,,,,,0.015779076144099236
trajectory_000000:8396,dimension_distance_diagnostic,topology.self.CO.h1,,,,,,,0.000636634009424597
trajectory_000000:8396,dimension_distance_diagnostic,topology.self.T.h0,,,,,,,0.004271765239536762
trajectory_000000:8396,dimension_distance_diagnostic,topology.self.T.h1,,,,,,,7.328063657041639e-05
trajectory_000000:8396,dimension_distance_diagnostic,topology.mutual.CO+T.h0,,,,,,,0.002807789482176304
trajectory_000000:8396,dimension_distance_diagnostic,topology.mutual.CO+T.h1,,,,,,,0.0005066148587502539
trajectory_000000:8412,self,self.CO,sublevel,h0,0.1,4,7,3,
trajectory_000000:8412,self,self.CO,sublevel,h0,0.25,4,7,3,
trajectory_000000:8412,self,self.CO,sublevel,h0,0.5,1,1,0,
trajectory_000000:8412,self,self.CO,sublevel,h0,0.75,3,3,0,
trajectory_000000:8412,self,self.CO,sublevel,h0,0.9,1,1,0,
trajectory_000000:8412,self,self.CO,sublevel,h1,0.1,96,0,96,
trajectory_000000:8412,self,self.CO,sublevel,h1,0.25,96,0,96,
trajectory_000000:8412,self,self.CO,sublevel,h1,0.5,0,0,0,
trajectory_000000:8412,self,self.CO,sublevel,h1,0.75,3,2,1,
trajectory_000000:8412,self,self.CO,sublevel,h1,0.9,4,8,4,
trajectory_000000:8412,self,self.T,sublevel,h0,0.1,1,9,8,
trajectory_000000:8412,self,self.T,sublevel,h0,0.25,4,1,3,
trajectory_000000:8412,self,self.T,sublevel,h0,0.5,1,2,1,
trajectory_000000:8412,self,self.T,sublevel,h0,0.75,2,1,1,
trajectory_000000:8412,self,self.T,sublevel,h0,0.9,1,2,1,
trajectory_000000:8412,self,self.T,sublevel,h1,0.1,0,0,0,
trajectory_000000:8412,self,self.T,sublevel,h1,0.25,0,2,2,
trajectory_000000:8412,self,self.T,sublevel,h1,0.5,0,0,0,
trajectory_000000:8412,self,self.T,sublevel,h1,0.75,0,0,0,
trajectory_000000:8412,self,self.T,sublevel,h1,0.9,4,4,0,
trajectory_000000:8412,mutual,mutual.CO+T,sublevel,h0,0.1,1,9,8,
trajectory_000000:8412,mutual,mutual.CO+T,sublevel,h0,0.25,4,1,3,
trajectory_000000:8412,mutual,mutual.CO+T,sublevel,h0,0.5,1,2,1,
trajectory_000000:8412,mutual,mutual.CO+T,sublevel,h0,0.75,12,8,4,
trajectory_000000:8412,mutual,mutual.CO+T,sublevel,h0,0.9,1,1,0,
trajectory_000000:8412,mutual,mutual.CO+T,sublevel,h1,0.1,0,0,0,
trajectory_000000:8412,mutual,mutual.CO+T,sublevel,h1,0.25,0,2,2,
trajectory_000000:8412,mutual,mutual.CO+T,sublevel,h1,0.5,0,0,0,
trajectory_000000:8412,mutual,mutual.CO+T,sublevel,h1,0.75,5,8,3,
trajectory_000000:8412,mutual,mutual.CO+T,sublevel,h1,0.9,7,8,1,
trajectory_000000:8412,mutual,mutual.CO+T,sublevel,h0,0.1,4,7,3,
trajectory_000000:8412,mutual,mutual.CO+T,sublevel,h0,0.25,4,7,3,
trajectory_000000:8412,mutual,mutual.CO+T,sublevel,h0,0.5,1,1,0,
trajectory_000000:8412,mutual,mutual.CO+T,sublevel,h0,0.75,12,9,3,
trajectory_000000:8412,mutual,mutual.CO+T,sublevel,h0,0.9,1,1,0,
trajectory_000000:8412,mutual,mutual.CO+T,sublevel,h1,0.1,96,0,96,
trajectory_000000:8412,mutual,mutual.CO+T,sublevel,h1,0.25,96,0,96,
trajectory_000000:8412,mutual,mutual.CO+T,sublevel,h1,0.5,0,0,0,
trajectory_000000:8412,mutual,mutual.CO+T,sublevel,h1,0.75,5,8,3,
trajectory_000000:8412,mutual,mutual.CO+T,sublevel,h1,0.9,7,8,1,
trajectory_000000:8412,mutual,mutual.CO+T,sublevel,h0,0.1,1,9,8,
trajectory_000000:8412,mutual,mutual.CO+T,sublevel,h0,0.25,4,1,3,
trajectory_000000:8412,mutual,mutual.CO+T,sublevel,h0,0.5,1,2,1,
trajectory_000000:8412,mutual,mutual.CO+T,sublevel,h0,0.75,3,3,0,
trajectory_000000:8412,mutual,mutual.CO+T,sublevel,h0,0.9,1,1,0,
trajectory_000000:8412,mutual,mutual.CO+T,sublevel,h1,0.1,0,0,0,
trajectory_000000:8412,mutual,mutual.CO+T,sublevel,h1,0.25,0,2,2,
trajectory_000000:8412,mutual,mutual.CO+T,sublevel,h1,0.5,0,0,0,
trajectory_000000:8412,mutual,mutual.CO+T,sublevel,h1,0.75,3,2,1,
trajectory_000000:8412,mutual,mutual.CO+T,sublevel,h1,0.9,4,8,4,
trajectory_000000:8412,self,self.CO,superlevel,h0,0.1,7,11,4,
trajectory_000000:8412,self,self.CO,superlevel,h0,0.25,7,3,4,
trajectory_000000:8412,self,self.CO,superlevel,h0,0.5,1,1,0,
trajectory_000000:8412,self,self.CO,superlevel,h0,0.75,1,1,0,
trajectory_000000:8412,self,self.CO,superlevel,h0,0.9,1,1,0,
trajectory_000000:8412,self,self.CO,superlevel,h1,0.1,0,0,0,
trajectory_000000:8412,self,self.CO,superlevel,h1,0.25,2,1,1,
trajectory_000000:8412,self,self.CO,superlevel,h1,0.5,0,0,0,
trajectory_000000:8412,self,self.CO,superlevel,h1,0.75,108,6,102,
trajectory_000000:8412,self,self.CO,superlevel,h1,0.9,108,6,102,
trajectory_000000:8412,self,self.T,superlevel,h0,0.1,5,5,0,
trajectory_000000:8412,self,self.T,superlevel,h0,0.25,1,1,0,
trajectory_000000:8412,self,self.T,superlevel,h0,0.5,1,1,0,
trajectory_000000:8412,self,self.T,superlevel,h0,0.75,1,9,8,
trajectory_000000:8412,self,self.T,superlevel,h0,0.9,1,2,1,
trajectory_000000:8412,self,self.T,superlevel,h1,0.1,0,1,1,
trajectory_000000:8412,self,self.T,superlevel,h1,0.25,1,0,1,
trajectory_000000:8412,self,self.T,superlevel,h1,0.5,0,0,0,
trajectory_000000:8412,self,self.T,superlevel,h1,0.75,2,0,2,
trajectory_000000:8412,self,self.T,superlevel,h1,0.9,0,8,8,
trajectory_000000:8412,mutual,mutual.CO+T,superlevel,h0,0.1,2,7,5,
trajectory_000000:8412,mutual,mutual.CO+T,superlevel,h0,0.25,1,2,1,
trajectory_000000:8412,mutual,mutual.CO+T,superlevel,h0,0.5,1,1,0,
trajectory_000000:8412,mutual,mutual.CO+T,superlevel,h0,0.75,1,9,8,
trajectory_000000:8412,mutual,mutual.CO+T,superlevel,h0,0.9,1,2,1,
trajectory_000000:8412,mutual,mutual.CO+T,superlevel,h1,0.1,0,1,1,
trajectory_000000:8412,mutual,mutual.CO+T,superlevel,h1,0.25,1,0,1,
trajectory_000000:8412,mutual,mutual.CO+T,superlevel,h1,0.5,0,0,0,
trajectory_000000:8412,mutual,mutual.CO+T,superlevel,h1,0.75,2,0,2,
trajectory_000000:8412,mutual,mutual.CO+T,superlevel,h1,0.9,0,8,8,
trajectory_000000:8412,mutual,mutual.CO+T,superlevel,h0,0.1,7,11,4,
trajectory_000000:8412,mutual,mutual.CO+T,superlevel,h0,0.25,8,9,1,
trajectory_000000:8412,mutual,mutual.CO+T,superlevel,h0,0.5,1,1,0,
trajectory_000000:8412,mutual,mutual.CO+T,superlevel,h0,0.75,1,9,8,
trajectory_000000:8412,mutual,mutual.CO+T,superlevel,h0,0.9,1,2,1,
trajectory_000000:8412,mutual,mutual.CO+T,superlevel,h1,0.1,0,0,0,
trajectory_000000:8412,mutual,mutual.CO+T,superlevel,h1,0.25,2,0,2,
trajectory_000000:8412,mutual,mutual.CO+T,superlevel,h1,0.5,0,0,0,
trajectory_000000:8412,mutual,mutual.CO+T,superlevel,h1,0.75,2,0,2,
trajectory_000000:8412,mutual,mutual.CO+T,superlevel,h1,0.9,0,8,8,
trajectory_000000:8412,mutual,mutual.CO+T,superlevel,h0,0.1,12,8,4,
trajectory_000000:8412,mutual,mutual.CO+T,superlevel,h0,0.25,11,5,6,
trajectory_000000:8412,mutual,mutual.CO+T,superlevel,h0,0.5,1,1,0,
trajectory_000000:8412,mutual,mutual.CO+T,superlevel,h0,0.75,1,1,0,
trajectory_000000:8412,mutual,mutual.CO+T,superlevel,h0,0.9,1,1,0,
trajectory_000000:8412,mutual,mutual.CO+T,superlevel,h1,0.1,0,1,1,
trajectory_000000:8412,mutual,mutual.CO+T,superlevel,h1,0.25,2,0,2,
trajectory_000000:8412,mutual,mutual.CO+T,superlevel,h1,0.5,0,0,0,
trajectory_000000:8412,mutual,mutual.CO+T,superlevel,h1,0.75,108,6,102,
trajectory_000000:8412,mutual,mutual.CO+T,superlevel,h1,0.9,108,6,102,
trajectory_000000:8412,persistence_distance,topology.self.persistence,,,,,,,0.004656358156353235
trajectory_000000:8412,persistence_distance,topology.mutual.persistence,,,,,,,0.0010095244506374002
trajectory_000000:8412,persistence_distance,topology.component_weighted_total_before_outer_family_weight,,,,,,,0.005665882490575314
trajectory_000000:8412,dimension_distance_diagnostic,topology.self.CO.h0,,,,,,,0.015716083347797394
trajectory_000000:8412,dimension_distance_diagnostic,topology.self.CO.h1,,,,,,,0.0008693193667568266
trajectory_000000:8412,dimension_distance_diagnostic,topology.self.T.h0,,,,,,,0.001941584749147296
trajectory_000000:8412,dimension_distance_diagnostic,topology.self.T.h1,,,,,,,9.844302257988602e-05
trajectory_000000:8412,dimension_distance_diagnostic,topology.mutual.CO+T.h0,,,,,,,0.0012611335841938853
trajectory_000000:8412,dimension_distance_diagnostic,topology.mutual.CO+T.h1,,,,,,,0.0007579152588732541
trajectory_000000:8428,self,self.CO,sublevel,h0,0.1,2,6,4,
trajectory_000000:8428,self,self.CO,sublevel,h0,0.25,2,6,4,
trajectory_000000:8428,self,self.CO,sublevel,h0,0.5,1,1,0,
trajectory_000000:8428,self,self.CO,sublevel,h0,0.75,3,2,1,
trajectory_000000:8428,self,self.CO,sublevel,h0,0.9,2,1,1,
trajectory_000000:8428,self,self.CO,sublevel,h1,0.1,88,3,85,
trajectory_000000:8428,self,self.CO,sublevel,h1,0.25,88,3,85,
trajectory_000000:8428,self,self.CO,sublevel,h1,0.5,0,0,0,
trajectory_000000:8428,self,self.CO,sublevel,h1,0.75,2,3,1,
trajectory_000000:8428,self,self.CO,sublevel,h1,0.9,7,2,5,
trajectory_000000:8428,self,self.T,sublevel,h0,0.1,1,7,6,
trajectory_000000:8428,self,self.T,sublevel,h0,0.25,1,5,4,
trajectory_000000:8428,self,self.T,sublevel,h0,0.5,1,1,0,
trajectory_000000:8428,self,self.T,sublevel,h0,0.75,2,1,1,
trajectory_000000:8428,self,self.T,sublevel,h0,0.9,1,1,0,
trajectory_000000:8428,self,self.T,sublevel,h1,0.1,0,0,0,
trajectory_000000:8428,self,self.T,sublevel,h1,0.25,0,1,1,
trajectory_000000:8428,self,self.T,sublevel,h1,0.5,0,0,0,
trajectory_000000:8428,self,self.T,sublevel,h1,0.75,1,0,1,
trajectory_000000:8428,self,self.T,sublevel,h1,0.9,2,4,2,
trajectory_000000:8428,mutual,mutual.CO+T,sublevel,h0,0.1,1,7,6,
trajectory_000000:8428,mutual,mutual.CO+T,sublevel,h0,0.25,1,5,4,
trajectory_000000:8428,mutual,mutual.CO+T,sublevel,h0,0.5,1,1,0,
trajectory_000000:8428,mutual,mutual.CO+T,sublevel,h0,0.75,11,7,4,
trajectory_000000:8428,mutual,mutual.CO+T,sublevel,h0,0.9,1,1,0,
trajectory_000000:8428,mutual,mutual.CO+T,sublevel,h1,0.1,0,0,0,
trajectory_000000:8428,mutual,mutual.CO+T,sublevel,h1,0.25,0,1,1,
trajectory_000000:8428,mutual,mutual.CO+T,sublevel,h1,0.5,0,0,0,
trajectory_000000:8428,mutual,mutual.CO+T,sublevel,h1,0.75,9,1,8,
trajectory_000000:8428,mutual,mutual.CO+T,sublevel,h1,0.9,10,2,8,
trajectory_000000:8428,mutual,mutual.CO+T,sublevel,h0,0.1,1,6,5,
trajectory_000000:8428,mutual,mutual.CO+T,sublevel,h0,0.25,1,6,5,
trajectory_000000:8428,mutual,mutual.CO+T,sublevel,h0,0.5,1,1,0,
trajectory_000000:8428,mutual,mutual.CO+T,sublevel,h0,0.75,11,7,4,
trajectory_000000:8428,mutual,mutual.CO+T,sublevel,h0,0.9,1,1,0,
trajectory_000000:8428,mutual,mutual.CO+T,sublevel,h1,0.1,0,3,3,
trajectory_000000:8428,mutual,mutual.CO+T,sublevel,h1,0.25,0,3,3,
trajectory_000000:8428,mutual,mutual.CO+T,sublevel,h1,0.5,0,0,0,
trajectory_000000:8428,mutual,mutual.CO+T,sublevel,h1,0.75,9,1,8,
trajectory_000000:8428,mutual,mutual.CO+T,sublevel,h1,0.9,10,2,8,
trajectory_000000:8428,mutual,mutual.CO+T,sublevel,h0,0.1,1,7,6,
trajectory_000000:8428,mutual,mutual.CO+T,sublevel,h0,0.25,1,5,4,
trajectory_000000:8428,mutual,mutual.CO+T,sublevel,h0,0.5,1,1,0,
trajectory_000000:8428,mutual,mutual.CO+T,sublevel,h0,0.75,3,2,1,
trajectory_000000:8428,mutual,mutual.CO+T,sublevel,h0,0.9,2,1,1,
trajectory_000000:8428,mutual,mutual.CO+T,sublevel,h1,0.1,0,0,0,
trajectory_000000:8428,mutual,mutual.CO+T,sublevel,h1,0.25,0,1,1,
trajectory_000000:8428,mutual,mutual.CO+T,sublevel,h1,0.5,0,0,0,
trajectory_000000:8428,mutual,mutual.CO+T,sublevel,h1,0.75,2,3,1,
trajectory_000000:8428,mutual,mutual.CO+T,sublevel,h1,0.9,7,2,5,
trajectory_000000:8428,self,self.CO,superlevel,h0,0.1,10,5,5,
trajectory_000000:8428,self,self.CO,superlevel,h0,0.25,4,4,0,
trajectory_000000:8428,self,self.CO,superlevel,h0,0.5,1,1,0,
trajectory_000000:8428,self,self.CO,superlevel,h0,0.75,1,7,6,
trajectory_000000:8428,self,self.CO,superlevel,h0,0.9,1,7,6,
trajectory_000000:8428,self,self.CO,superlevel,h1,0.1,0,0,0,
trajectory_000000:8428,self,self.CO,superlevel,h1,0.25,1,1,0,
trajectory_000000:8428,self,self.CO,superlevel,h1,0.5,0,0,0,
trajectory_000000:8428,self,self.CO,superlevel,h1,0.75,98,3,95,
trajectory_000000:8428,self,self.CO,superlevel,h1,0.9,98,3,95,
trajectory_000000:8428,self,self.T,superlevel,h0,0.1,4,4,0,
trajectory_000000:8428,self,self.T,superlevel,h0,0.25,3,1,2,
trajectory_000000:8428,self,self.T,superlevel,h0,0.5,1,1,0,
trajectory_000000:8428,self,self.T,superlevel,h0,0.75,1,4,3,
trajectory_000000:8428,self,self.T,superlevel,h0,0.9,2,1,1,
trajectory_000000:8428,self,self.T,superlevel,h1,0.1,0,0,0,
trajectory_000000:8428,self,self.T,superlevel,h1,0.25,1,0,1,
trajectory_000000:8428,self,self.T,superlevel,h1,0.5,0,0,0,
trajectory_000000:8428,self,self.T,superlevel,h1,0.75,0,2,2,
trajectory_000000:8428,self,self.T,superlevel,h1,0.9,0,7,7,
trajectory_000000:8428,mutual,mutual.CO+T,superlevel,h0,0.1,7,5,2,
trajectory_000000:8428,mutual,mutual.CO+T,superlevel,h0,0.25,4,1,3,
trajectory_000000:8428,mutual,mutual.CO+T,superlevel,h0,0.5,1,1,0,
trajectory_000000:8428,mutual,mutual.CO+T,superlevel,h0,0.75,1,4,3,
trajectory_000000:8428,mutual,mutual.CO+T,superlevel,h0,0.9,2,1,1,
trajectory_000000:8428,mutual,mutual.CO+T,superlevel,h1,0.1,1,0,1,
trajectory_000000:8428,mutual,mutual.CO+T,superlevel,h1,0.25,1,1,0,
trajectory_000000:8428,mutual,mutual.CO+T,superlevel,h1,0.5,0,0,0,
trajectory_000000:8428,mutual,mutual.CO+T,superlevel,h1,0.75,0,2,2,
trajectory_000000:8428,mutual,mutual.CO+T,superlevel,h1,0.9,0,7,7,
trajectory_000000:8428,mutual,mutual.CO+T,superlevel,h0,0.1,14,8,6,
trajectory_000000:8428,mutual,mutual.CO+T,superlevel,h0,0.25,5,3,2,
trajectory_000000:8428,mutual,mutual.CO+T,superlevel,h0,0.5,1,1,0,
trajectory_000000:8428,mutual,mutual.CO+T,superlevel,h0,0.75,1,4,3,
trajectory_000000:8428,mutual,mutual.CO+T,superlevel,h0,0.9,2,1,1,
trajectory_000000:8428,mutual,mutual.CO+T,superlevel,h1,0.1,0,1,1,
trajectory_000000:8428,mutual,mutual.CO+T,superlevel,h1,0.25,1,1,0,
trajectory_000000:8428,mutual,mutual.CO+T,superlevel,h1,0.5,0,0,0,
trajectory_000000:8428,mutual,mutual.CO+T,superlevel,h1,0.75,0,2,2,
trajectory_000000:8428,mutual,mutual.CO+T,superlevel,h1,0.9,0,7,7,
trajectory_000000:8428,mutual,mutual.CO+T,superlevel,h0,0.1,12,10,2,
trajectory_000000:8428,mutual,mutual.CO+T,superlevel,h0,0.25,5,3,2,
trajectory_000000:8428,mutual,mutual.CO+T,superlevel,h0,0.5,1,1,0,
trajectory_000000:8428,mutual,mutual.CO+T,superlevel,h0,0.75,1,7,6,
trajectory_000000:8428,mutual,mutual.CO+T,superlevel,h0,0.9,1,7,6,
trajectory_000000:8428,mutual,mutual.CO+T,superlevel,h1,0.1,0,0,0,
trajectory_000000:8428,mutual,mutual.CO+T,superlevel,h1,0.25,1,1,0,
trajectory_000000:8428,mutual,mutual.CO+T,superlevel,h1,0.5,0,0,0,
trajectory_000000:8428,mutual,mutual.CO+T,superlevel,h1,0.75,98,3,95,
trajectory_000000:8428,mutual,mutual.CO+T,superlevel,h1,0.9,98,3,95,
trajectory_000000:8428,persistence_distance,topology.self.persistence,,,,,,,0.0013369630323722959
trajectory_000000:8428,persistence_distance,topology.mutual.persistence,,,,,,,0.0012053800746798515
trajectory_000000:8428,persistence_distance,topology.component_weighted_total_before_outer_family_weight,,,,,,,0.0025423429906368256
trajectory_000000:8428,dimension_distance_diagnostic,topology.self.CO.h0,,,,,,,0.0031531639397144318
trajectory_000000:8428,dimension_distance_diagnostic,topology.self.CO.h1,,,,,,,0.0006759930402040482
trajectory_000000:8428,dimension_distance_diagnostic,topology.self.T.h0,,,,,,,0.0014562389114871621
trajectory_000000:8428,dimension_distance_diagnostic,topology.self.T.h1,,,,,,,6.245649274205789e-05
trajectory_000000:8428,dimension_distance_diagnostic,topology.mutual.CO+T.h0,,,,,,,0.0018908135825768113
trajectory_000000:8428,dimension_distance_diagnostic,topology.mutual.CO+T.h1,,,,,,,0.0005199462757445872
trajectory_000000:8444,self,self.CO,sublevel,h0,0.1,2,11,9,
trajectory_000000:8444,self,self.CO,sublevel,h0,0.25,2,11,9,
trajectory_000000:8444,self,self.CO,sublevel,h0,0.5,1,1,0,
trajectory_000000:8444,self,self.CO,sublevel,h0,0.75,4,4,0,
trajectory_000000:8444,self,self.CO,sublevel,h0,0.9,3,2,1,
trajectory_000000:8444,self,self.CO,sublevel,h1,0.1,95,0,95,
trajectory_000000:8444,self,self.CO,sublevel,h1,0.25,95,0,95,
trajectory_000000:8444,self,self.CO,sublevel,h1,0.5,0,0,0,
trajectory_000000:8444,self,self.CO,sublevel,h1,0.75,0,0,0,
trajectory_000000:8444,self,self.CO,sublevel,h1,0.9,10,4,6,
trajectory_000000:8444,self,self.T,sublevel,h0,0.1,7,4,3,
trajectory_000000:8444,self,self.T,sublevel,h0,0.25,2,3,1,
trajectory_000000:8444,self,self.T,sublevel,h0,0.5,1,1,0,
trajectory_000000:8444,self,self.T,sublevel,h0,0.75,2,2,0,
trajectory_000000:8444,self,self.T,sublevel,h0,0.9,1,2,1,
trajectory_000000:8444,self,self.T,sublevel,h1,0.1,0,0,0,
trajectory_000000:8444,self,self.T,sublevel,h1,0.25,0,0,0,
trajectory_000000:8444,self,self.T,sublevel,h1,0.5,0,0,0,
trajectory_000000:8444,self,self.T,sublevel,h1,0.75,3,1,2,
trajectory_000000:8444,self,self.T,sublevel,h1,0.9,1,2,1,
trajectory_000000:8444,mutual,mutual.CO+T,sublevel,h0,0.1,7,4,3,
trajectory_000000:8444,mutual,mutual.CO+T,sublevel,h0,0.25,2,3,1,
trajectory_000000:8444,mutual,mutual.CO+T,sublevel,h0,0.5,1,1,0,
trajectory_000000:8444,mutual,mutual.CO+T,sublevel,h0,0.75,11,9,2,
trajectory_000000:8444,mutual,mutual.CO+T,sublevel,h0,0.9,3,2,1,
trajectory_000000:8444,mutual,mutual.CO+T,sublevel,h1,0.1,0,0,0,
trajectory_000000:8444,mutual,mutual.CO+T,sublevel,h1,0.25,0,0,0,
trajectory_000000:8444,mutual,mutual.CO+T,sublevel,h1,0.5,0,0,0,
trajectory_000000:8444,mutual,mutual.CO+T,sublevel,h1,0.75,7,6,1,
trajectory_000000:8444,mutual,mutual.CO+T,sublevel,h1,0.9,12,4,8,
trajectory_000000:8444,mutual,mutual.CO+T,sublevel,h0,0.1,1,11,10,
trajectory_000000:8444,mutual,mutual.CO+T,sublevel,h0,0.25,1,11,10,
trajectory_000000:8444,mutual,mutual.CO+T,sublevel,h0,0.5,1,1,0,
trajectory_000000:8444,mutual,mutual.CO+T,sublevel,h0,0.75,12,8,4,
trajectory_000000:8444,mutual,mutual.CO+T,sublevel,h0,0.9,4,2,2,
trajectory_000000:8444,mutual,mutual.CO+T,sublevel,h1,0.1,1,0,1,
trajectory_000000:8444,mutual,mutual.CO+T,sublevel,h1,0.25,1,0,1,
trajectory_000000:8444,mutual,mutual.CO+T,sublevel,h1,0.5,0,0,0,
trajectory_000000:8444,mutual,mutual.CO+T,sublevel,h1,0.75,7,6,1,
trajectory_000000:8444,mutual,mutual.CO+T,sublevel,h1,0.9,10,5,5,
trajectory_000000:8444,mutual,mutual.CO+T,sublevel,h0,0.1,7,4,3,
trajectory_000000:8444,mutual,mutual.CO+T,sublevel,h0,0.25,2,3,1,
trajectory_000000:8444,mutual,mutual.CO+T,sublevel,h0,0.5,1,1,0,
trajectory_000000:8444,mutual,mutual.CO+T,sublevel,h0,0.75,4,4,0,
trajectory_000000:8444,mutual,mutual.CO+T,sublevel,h0,0.9,3,2,1,
trajectory_000000:8444,mutual,mutual.CO+T,sublevel,h1,0.1,0,0,0,
trajectory_000000:8444,mutual,mutual.CO+T,sublevel,h1,0.25,0,0,0,
trajectory_000000:8444,mutual,mutual.CO+T,sublevel,h1,0.5,0,0,0,
trajectory_000000:8444,mutual,mutual.CO+T,sublevel,h1,0.75,0,0,0,
trajectory_000000:8444,mutual,mutual.CO+T,sublevel,h1,0.9,10,4,6,
trajectory_000000:8444,self,self.CO,superlevel,h0,0.1,14,7,7,
trajectory_000000:8444,self,self.CO,superlevel,h0,0.25,3,1,2,
trajectory_000000:8444,self,self.CO,superlevel,h0,0.5,1,1,0,
trajectory_000000:8444,self,self.CO,superlevel,h0,0.75,1,1,0,
trajectory_000000:8444,self,self.CO,superlevel,h0,0.9,1,1,0,
trajectory_000000:8444,self,self.CO,superlevel,h1,0.1,1,0,1,
trajectory_000000:8444,self,self.CO,superlevel,h1,0.25,3,3,0,
trajectory_000000:8444,self,self.CO,superlevel,h1,0.5,0,0,0,
trajectory_000000:8444,self,self.CO,superlevel,h1,0.75,105,8,97,
trajectory_000000:8444,self,self.CO,superlevel,h1,0.9,105,8,97,
trajectory_000000:8444,self,self.T,superlevel,h0,0.1,1,2,1,
trajectory_000000:8444,self,self.T,superlevel,h0,0.25,4,3,1,
trajectory_000000:8444,self,self.T,superlevel,h0,0.5,1,4,3,
trajectory_000000:8444,self,self.T,superlevel,h0,0.75,1,1,0,
trajectory_000000:8444,self,self.T,superlevel,h0,0.9,1,1,0,
trajectory_000000:8444,self,self.T,superlevel,h1,0.1,0,1,1,
trajectory_000000:8444,self,self.T,superlevel,h1,0.25,0,1,1,
trajectory_000000:8444,self,self.T,superlevel,h1,0.5,0,0,0,
trajectory_000000:8444,self,self.T,superlevel,h1,0.75,0,2,2,
trajectory_000000:8444,self,self.T,superlevel,h1,0.9,3,3,0,
trajectory_000000:8444,mutual,mutual.CO+T,superlevel,h0,0.1,1,2,1,
trajectory_000000:8444,mutual,mutual.CO+T,superlevel,h0,0.25,3,3,0,
trajectory_000000:8444,mutual,mutual.CO+T,superlevel,h0,0.5,1,4,3,
trajectory_000000:8444,mutual,mutual.CO+T,superlevel,h0,0.75,1,1,0,
trajectory_000000:8444,mutual,mutual.CO+T,superlevel,h0,0.9,1,1,0,
trajectory_000000:8444,mutual,mutual.CO+T,superlevel,h1,0.1,1,0,1,
trajectory_000000:8444,mutual,mutual.CO+T,superlevel,h1,0.25,1,0,1,
trajectory_000000:8444,mutual,mutual.CO+T,superlevel,h1,0.5,0,0,0,
trajectory_000000:8444,mutual,mutual.CO+T,superlevel,h1,0.75,0,2,2,
trajectory_000000:8444,mutual,mutual.CO+T,superlevel,h1,0.9,3,3,0,
trajectory_000000:8444,mutual,mutual.CO+T,superlevel,h0,0.1,15,6,9,
trajectory_000000:8444,mutual,mutual.CO+T,superlevel,h0,0.25,7,1,6,
trajectory_000000:8444,mutual,mutual.CO+T,superlevel,h0,0.5,1,4,3,
trajectory_000000:8444,mutual,mutual.CO+T,superlevel,h0,0.75,1,1,0,
trajectory_000000:8444,mutual,mutual.CO+T,superlevel,h0,0.9,1,1,0,
trajectory_000000:8444,mutual,mutual.CO+T,superlevel,h1,0.1,0,0,0,
trajectory_000000:8444,mutual,mutual.CO+T,superlevel,h1,0.25,2,2,0,
trajectory_000000:8444,mutual,mutual.CO+T,superlevel,h1,0.5,0,0,0,
trajectory_000000:8444,mutual,mutual.CO+T,superlevel,h1,0.75,0,2,2,
trajectory_000000:8444,mutual,mutual.CO+T,superlevel,h1,0.9,3,3,0,
trajectory_000000:8444,mutual,mutual.CO+T,superlevel,h0,0.1,10,3,7,
trajectory_000000:8444,mutual,mutual.CO+T,superlevel,h0,0.25,7,1,6,
trajectory_000000:8444,mutual,mutual.CO+T,superlevel,h0,0.5,1,1,0,
trajectory_000000:8444,mutual,mutual.CO+T,superlevel,h0,0.75,1,1,0,
trajectory_000000:8444,mutual,mutual.CO+T,superlevel,h0,0.9,1,1,0,
trajectory_000000:8444,mutual,mutual.CO+T,superlevel,h1,0.1,0,0,0,
trajectory_000000:8444,mutual,mutual.CO+T,superlevel,h1,0.25,2,1,1,
trajectory_000000:8444,mutual,mutual.CO+T,superlevel,h1,0.5,0,0,0,
trajectory_000000:8444,mutual,mutual.CO+T,superlevel,h1,0.75,105,8,97,
trajectory_000000:8444,mutual,mutual.CO+T,superlevel,h1,0.9,105,8,97,
trajectory_000000:8444,persistence_distance,topology.self.persistence,,,,,,,0.0011502091074362397
trajectory_000000:8444,persistence_distance,topology.mutual.persistence,,,,,,,0.0009801499545574188
trajectory_000000:8444,persistence_distance,topology.component_weighted_total_before_outer_family_weight,,,,,,,0.0021303589455783367
trajectory_000000:8444,dimension_distance_diagnostic,topology.self.CO.h0,,,,,,,0.002565978094935417
trajectory_000000:8444,dimension_distance_diagnostic,topology.self.CO.h1,,,,,,,0.000888139707967639
trajectory_000000:8444,dimension_distance_diagnostic,topology.self.T.h0,,,,,,,0.00098491832613945
trajectory_000000:8444,dimension_distance_diagnostic,topology.self.T.h1,,,,,,,0.00016180012607946992
trajectory_000000:8444,dimension_distance_diagnostic,topology.mutual.CO+T.h0,,,,,,,0.0012404615990817547
trajectory_000000:8444,dimension_distance_diagnostic,topology.mutual.CO+T.h1,,,,,,,0.0007198383682407439
trajectory_000000:8459,self,self.CO,sublevel,h0,0.1,5,18,13,
trajectory_000000:8459,self,self.CO,sublevel,h0,0.25,5,18,13,
trajectory_000000:8459,self,self.CO,sublevel,h0,0.5,1,1,0,
trajectory_000000:8459,self,self.CO,sublevel,h0,0.75,4,3,1,
trajectory_000000:8459,self,self.CO,sublevel,h0,0.9,1,1,0,
trajectory_000000:8459,self,self.CO,sublevel,h1,0.1,88,0,88,
trajectory_000000:8459,self,self.CO,sublevel,h1,0.25,88,0,88,
trajectory_000000:8459,self,self.CO,sublevel,h1,0.5,0,0,0,
trajectory_000000:8459,self,self.CO,sublevel,h1,0.75,1,0,1,
trajectory_000000:8459,self,self.CO,sublevel,h1,0.9,5,1,4,
trajectory_000000:8459,self,self.T,sublevel,h0,0.1,6,10,4,
trajectory_000000:8459,self,self.T,sublevel,h0,0.25,4,6,2,
trajectory_000000:8459,self,self.T,sublevel,h0,0.5,2,1,1,
trajectory_000000:8459,self,self.T,sublevel,h0,0.75,1,1,0,
trajectory_000000:8459,self,self.T,sublevel,h0,0.9,2,3,1,
trajectory_000000:8459,self,self.T,sublevel,h1,0.1,1,1,0,
trajectory_000000:8459,self,self.T,sublevel,h1,0.25,0,2,2,
trajectory_000000:8459,self,self.T,sublevel,h1,0.5,0,0,0,
trajectory_000000:8459,self,self.T,sublevel,h1,0.75,0,1,1,
trajectory_000000:8459,self,self.T,sublevel,h1,0.9,0,0,0,
trajectory_000000:8459,mutual,mutual.CO+T,sublevel,h0,0.1,6,10,4,
trajectory_000000:8459,mutual,mutual.CO+T,sublevel,h0,0.25,4,6,2,
trajectory_000000:8459,mutual,mutual.CO+T,sublevel,h0,0.5,2,1,1,
trajectory_000000:8459,mutual,mutual.CO+T,sublevel,h0,0.75,5,13,8,
trajectory_000000:8459,mutual,mutual.CO+T,sublevel,h0,0.9,1,2,1,
trajectory_000000:8459,mutual,mutual.CO+T,sublevel,h1,0.1,1,1,0,
trajectory_000000:8459,mutual,mutual.CO+T,sublevel,h1,0.25,0,2,2,
trajectory_000000:8459,mutual,mutual.CO+T,sublevel,h1,0.5,0,0,0,
trajectory_000000:8459,mutual,mutual.CO+T,sublevel,h1,0.75,4,1,3,
trajectory_000000:8459,mutual,mutual.CO+T,sublevel,h1,0.9,9,6,3,
trajectory_000000:8459,mutual,mutual.CO+T,sublevel,h0,0.1,5,18,13,
trajectory_000000:8459,mutual,mutual.CO+T,sublevel,h0,0.25,5,18,13,
trajectory_000000:8459,mutual,mutual.CO+T,sublevel,h0,0.5,1,1,0,
trajectory_000000:8459,mutual,mutual.CO+T,sublevel,h0,0.75,5,14,9,
trajectory_000000:8459,mutual,mutual.CO+T,sublevel,h0,0.9,1,2,1,
trajectory_000000:8459,mutual,mutual.CO+T,sublevel,h1,0.1,88,0,88,
trajectory_000000:8459,mutual,mutual.CO+T,sublevel,h1,0.25,88,0,88,
trajectory_000000:8459,mutual,mutual.CO+T,sublevel,h1,0.5,0,0,0,
trajectory_000000:8459,mutual,mutual.CO+T,sublevel,h1,0.75,4,1,3,
trajectory_000000:8459,mutual,mutual.CO+T,sublevel,h1,0.9,8,6,2,
trajectory_000000:8459,mutual,mutual.CO+T,sublevel,h0,0.1,6,10,4,
trajectory_000000:8459,mutual,mutual.CO+T,sublevel,h0,0.25,4,6,2,
trajectory_000000:8459,mutual,mutual.CO+T,sublevel,h0,0.5,1,1,0,
trajectory_000000:8459,mutual,mutual.CO+T,sublevel,h0,0.75,4,3,1,
trajectory_000000:8459,mutual,mutual.CO+T,sublevel,h0,0.9,1,1,0,
trajectory_000000:8459,mutual,mutual.CO+T,sublevel,h1,0.1,1,1,0,
trajectory_000000:8459,mutual,mutual.CO+T,sublevel,h1,0.25,0,2,2,
trajectory_000000:8459,mutual,mutual.CO+T,sublevel,h1,0.5,0,0,0,
trajectory_000000:8459,mutual,mutual.CO+T,sublevel,h1,0.75,1,0,1,
trajectory_000000:8459,mutual,mutual.CO+T,sublevel,h1,0.9,5,1,4,
trajectory_000000:8459,self,self.CO,superlevel,h0,0.1,9,2,7,
trajectory_000000:8459,self,self.CO,superlevel,h0,0.25,5,1,4,
trajectory_000000:8459,self,self.CO,superlevel,h0,0.5,1,1,0,
trajectory_000000:8459,self,self.CO,superlevel,h0,0.75,1,1,0,
trajectory_000000:8459,self,self.CO,superlevel,h0,0.9,1,1,0,
trajectory_000000:8459,self,self.CO,superlevel,h1,0.1,0,0,0,
trajectory_000000:8459,self,self.CO,superlevel,h1,0.25,1,1,0,
trajectory_000000:8459,self,self.CO,superlevel,h1,0.5,0,0,0,
trajectory_000000:8459,self,self.CO,superlevel,h1,0.75,96,17,79,
trajectory_000000:8459,self,self.CO,superlevel,h1,0.9,96,17,79,
trajectory_000000:8459,self,self.T,superlevel,h0,0.1,2,1,1,
trajectory_000000:8459,self,self.T,superlevel,h0,0.25,1,2,1,
trajectory_000000:8459,self,self.T,superlevel,h0,0.5,1,1,0,
trajectory_000000:8459,self,self.T,superlevel,h0,0.75,2,5,3,
trajectory_000000:8459,self,self.T,superlevel,h0,0.9,2,2,0,
trajectory_000000:8459,self,self.T,superlevel,h1,0.1,1,0,1,
trajectory_000000:8459,self,self.T,superlevel,h1,0.25,0,0,0,
trajectory_000000:8459,self,self.T,superlevel,h1,0.5,0,0,0,
trajectory_000000:8459,self,self.T,superlevel,h1,0.75,2,3,1,
trajectory_000000:8459,self,self.T,superlevel,h1,0.9,5,7,2,
trajectory_000000:8459,mutual,mutual.CO+T,superlevel,h0,0.1,2,2,0,
trajectory_000000:8459,mutual,mutual.CO+T,superlevel,h0,0.25,1,2,1,
trajectory_000000:8459,mutual,mutual.CO+T,superlevel,h0,0.5,1,1,0,
trajectory_000000:8459,mutual,mutual.CO+T,superlevel,h0,0.75,2,5,3,
trajectory_000000:8459,mutual,mutual.CO+T,superlevel,h0,0.9,2,2,0,
trajectory_000000:8459,mutual,mutual.CO+T,superlevel,h1,0.1,1,0,1,
trajectory_000000:8459,mutual,mutual.CO+T,superlevel,h1,0.25,0,0,0,
trajectory_000000:8459,mutual,mutual.CO+T,superlevel,h1,0.5,0,0,0,
trajectory_000000:8459,mutual,mutual.CO+T,superlevel,h1,0.75,2,3,1,
trajectory_000000:8459,mutual,mutual.CO+T,superlevel,h1,0.9,5,7,2,
trajectory_000000:8459,mutual,mutual.CO+T,superlevel,h0,0.1,8,7,1,
trajectory_000000:8459,mutual,mutual.CO+T,superlevel,h0,0.25,3,3,0,
trajectory_000000:8459,mutual,mutual.CO+T,superlevel,h0,0.5,1,1,0,
trajectory_000000:8459,mutual,mutual.CO+T,superlevel,h0,0.75,2,5,3,
trajectory_000000:8459,mutual,mutual.CO+T,superlevel,h0,0.9,2,2,0,
trajectory_000000:8459,mutual,mutual.CO+T,superlevel,h1,0.1,0,0,0,
trajectory_000000:8459,mutual,mutual.CO+T,superlevel,h1,0.25,2,1,1,
trajectory_000000:8459,mutual,mutual.CO+T,superlevel,h1,0.5,0,0,0,
trajectory_000000:8459,mutual,mutual.CO+T,superlevel,h1,0.75,2,3,1,
trajectory_000000:8459,mutual,mutual.CO+T,superlevel,h1,0.9,5,7,2,
trajectory_000000:8459,mutual,mutual.CO+T,superlevel,h0,0.1,4,7,3,
trajectory_000000:8459,mutual,mutual.CO+T,superlevel,h0,0.25,5,3,2,
trajectory_000000:8459,mutual,mutual.CO+T,superlevel,h0,0.5,1,1,0,
trajectory_000000:8459,mutual,mutual.CO+T,superlevel,h0,0.75,1,1,0,
trajectory_000000:8459,mutual,mutual.CO+T,superlevel,h0,0.9,1,1,0,
trajectory_000000:8459,mutual,mutual.CO+T,superlevel,h1,0.1,0,0,0,
trajectory_000000:8459,mutual,mutual.CO+T,superlevel,h1,0.25,1,0,1,
trajectory_000000:8459,mutual,mutual.CO+T,superlevel,h1,0.5,0,0,0,
trajectory_000000:8459,mutual,mutual.CO+T,superlevel,h1,0.75,96,17,79,
trajectory_000000:8459,mutual,mutual.CO+T,superlevel,h1,0.9,96,17,79,
trajectory_000000:8459,persistence_distance,topology.self.persistence,,,,,,,0.004206650424748659
trajectory_000000:8459,persistence_distance,topology.mutual.persistence,,,,,,,0.0007124923286028206
trajectory_000000:8459,persistence_distance,topology.component_weighted_total_before_outer_family_weight,,,,,,,0.0049191429279744625
trajectory_000000:8459,dimension_distance_diagnostic,topology.self.CO.h0,,,,,,,0.015322580933570862
trajectory_000000:8459,dimension_distance_diagnostic,topology.self.CO.h1,,,,,,,0.0008570192730985582
trajectory_000000:8459,dimension_distance_diagnostic,topology.self.T.h0,,,,,,,0.0005988543853163719
trajectory_000000:8459,dimension_distance_diagnostic,topology.self.T.h1,,,,,,,4.814719795831479e-05
trajectory_000000:8459,dimension_distance_diagnostic,topology.mutual.CO+T.h0,,,,,,,0.0006976854638196528
trajectory_000000:8459,dimension_distance_diagnostic,topology.mutual.CO+T.h1,,,,,,,0.0007272991933859885
trajectory_000000:8475,self,self.CO,sublevel,h0,0.1,1,11,10,
trajectory_000000:8475,self,self.CO,sublevel,h0,0.25,1,11,10,
trajectory_000000:8475,self,self.CO,sublevel,h0,0.5,1,1,0,
trajectory_000000:8475,self,self.CO,sublevel,h0,0.75,2,3,1,
trajectory_000000:8475,self,self.CO,sublevel,h0,0.9,1,1,0,
trajectory_000000:8475,self,self.CO,sublevel,h1,0.1,1,0,1,
trajectory_000000:8475,self,self.CO,sublevel,h1,0.25,1,0,1,
trajectory_000000:8475,self,self.CO,sublevel,h1,0.5,0,0,0,
trajectory_000000:8475,self,self.CO,sublevel,h1,0.75,1,2,1,
trajectory_000000:8475,self,self.CO,sublevel,h1,0.9,2,3,1,
trajectory_000000:8475,self,self.T,sublevel,h0,0.1,1,8,7,
trajectory_000000:8475,self,self.T,sublevel,h0,0.25,3,5,2,
trajectory_000000:8475,self,self.T,sublevel,h0,0.5,1,1,0,
trajectory_000000:8475,self,self.T,sublevel,h0,0.75,2,1,1,
trajectory_000000:8475,self,self.T,sublevel,h0,0.9,1,1,0,
trajectory_000000:8475,self,self.T,sublevel,h1,0.1,0,0,0,
trajectory_000000:8475,self,self.T,sublevel,h1,0.25,0,2,2,
trajectory_000000:8475,self,self.T,sublevel,h1,0.5,0,0,0,
trajectory_000000:8475,self,self.T,sublevel,h1,0.75,3,0,3,
trajectory_000000:8475,self,self.T,sublevel,h1,0.9,1,3,2,
trajectory_000000:8475,mutual,mutual.CO+T,sublevel,h0,0.1,1,8,7,
trajectory_000000:8475,mutual,mutual.CO+T,sublevel,h0,0.25,3,5,2,
trajectory_000000:8475,mutual,mutual.CO+T,sublevel,h0,0.5,1,1,0,
trajectory_000000:8475,mutual,mutual.CO+T,sublevel,h0,0.75,17,5,12,
trajectory_000000:8475,mutual,mutual.CO+T,sublevel,h0,0.9,2,1,1,
trajectory_000000:8475,mutual,mutual.CO+T,sublevel,h1,0.1,0,0,0,
trajectory_000000:8475,mutual,mutual.CO+T,sublevel,h1,0.25,0,2,2,
trajectory_000000:8475,mutual,mutual.CO+T,sublevel,h1,0.5,0,0,0,
trajectory_000000:8475,mutual,mutual.CO+T,sublevel,h1,0.75,2,2,0,
trajectory_000000:8475,mutual,mutual.CO+T,sublevel,h1,0.9,5,4,1,
trajectory_000000:8475,mutual,mutual.CO+T,sublevel,h0,0.1,1,11,10,
trajectory_000000:8475,mutual,mutual.CO+T,sublevel,h0,0.25,1,11,10,
trajectory_000000:8475,mutual,mutual.CO+T,sublevel,h0,0.5,1,1,0,
trajectory_000000:8475,mutual,mutual.CO+T,sublevel,h0,0.75,18,4,14,
trajectory_000000:8475,mutual,mutual.CO+T,sublevel,h0,0.9,1,1,0,
trajectory_000000:8475,mutual,mutual.CO+T,sublevel,h1,0.1,1,0,1,
trajectory_000000:8475,mutual,mutual.CO+T,sublevel,h1,0.25,1,0,1,
trajectory_000000:8475,mutual,mutual.CO+T,sublevel,h1,0.5,0,0,0,
trajectory_000000:8475,mutual,mutual.CO+T,sublevel,h1,0.75,2,2,0,
trajectory_000000:8475,mutual,mutual.CO+T,sublevel,h1,0.9,5,4,1,
trajectory_000000:8475,mutual,mutual.CO+T,sublevel,h0,0.1,1,8,7,
trajectory_000000:8475,mutual,mutual.CO+T,sublevel,h0,0.25,3,5,2,
trajectory_000000:8475,mutual,mutual.CO+T,sublevel,h0,0.5,1,1,0,
trajectory_000000:8475,mutual,mutual.CO+T,sublevel,h0,0.75,2,3,1,
trajectory_000000:8475,mutual,mutual.CO+T,sublevel,h0,0.9,1,1,0,
trajectory_000000:8475,mutual,mutual.CO+T,sublevel,h1,0.1,0,0,0,
trajectory_000000:8475,mutual,mutual.CO+T,sublevel,h1,0.25,0,2,2,
trajectory_000000:8475,mutual,mutual.CO+T,sublevel,h1,0.5,0,0,0,
trajectory_000000:8475,mutual,mutual.CO+T,sublevel,h1,0.75,1,2,1,
trajectory_000000:8475,mutual,mutual.CO+T,sublevel,h1,0.9,2,3,1,
trajectory_000000:8475,self,self.CO,superlevel,h0,0.1,4,7,3,
trajectory_000000:8475,self,self.CO,superlevel,h0,0.25,4,3,1,
trajectory_000000:8475,self,self.CO,superlevel,h0,0.5,1,3,2,
trajectory_000000:8475,self,self.CO,superlevel,h0,0.75,1,1,0,
trajectory_000000:8475,self,self.CO,superlevel,h0,0.9,1,1,0,
trajectory_000000:8475,self,self.CO,superlevel,h1,0.1,0,0,0,
trajectory_000000:8475,self,self.CO,superlevel,h1,0.25,0,2,2,
trajectory_000000:8475,self,self.CO,superlevel,h1,0.5,0,0,0,
trajectory_000000:8475,self,self.CO,superlevel,h1,0.75,106,8,98,
trajectory_000000:8475,self,self.CO,superlevel,h1,0.9,106,8,98,
trajectory_000000:8475,self,self.T,superlevel,h0,0.1,1,3,2,
trajectory_000000:8475,self,self.T,superlevel,h0,0.25,5,1,4,
trajectory_000000:8475,self,self.T,superlevel,h0,0.5,1,3,2,
trajectory_000000:8475,self,self.T,superlevel,h0,0.75,1,10,9,
trajectory_000000:8475,self,self.T,superlevel,h0,0.9,1,1,0,
trajectory_000000:8475,self,self.T,superlevel,h1,0.1,0,0,0,
trajectory_000000:8475,self,self.T,superlevel,h1,0.25,0,0,0,
trajectory_000000:8475,self,self.T,superlevel,h1,0.5,0,0,0,
trajectory_000000:8475,self,self.T,superlevel,h1,0.75,1,3,2,
trajectory_000000:8475,self,self.T,superlevel,h1,0.9,0,6,6,
trajectory_000000:8475,mutual,mutual.CO+T,superlevel,h0,0.1,4,2,2,
trajectory_000000:8475,mutual,mutual.CO+T,superlevel,h0,0.25,5,1,4,
trajectory_000000:8475,mutual,mutual.CO+T,superlevel,h0,0.5,1,3,2,
trajectory_000000:8475,mutual,mutual.CO+T,superlevel,h0,0.75,1,10,9,
trajectory_000000:8475,mutual,mutual.CO+T,superlevel,h0,0.9,1,1,0,
trajectory_000000:8475,mutual,mutual.CO+T,superlevel,h1,0.1,0,0,0,
trajectory_000000:8475,mutual,mutual.CO+T,superlevel,h1,0.25,0,0,0,
trajectory_000000:8475,mutual,mutual.CO+T,superlevel,h1,0.5,0,0,0,
trajectory_000000:8475,mutual,mutual.CO+T,superlevel,h1,0.75,1,3,2,
trajectory_000000:8475,mutual,mutual.CO+T,superlevel,h1,0.9,0,6,6,
trajectory_000000:8475,mutual,mutual.CO+T,superlevel,h0,0.1,11,11,0,
trajectory_000000:8475,mutual,mutual.CO+T,superlevel,h0,0.25,5,4,1,
trajectory_000000:8475,mutual,mutual.CO+T,superlevel,h0,0.5,1,3,2,
trajectory_000000:8475,mutual,mutual.CO+T,superlevel,h0,0.75,1,10,9,
trajectory_000000:8475,mutual,mutual.CO+T,superlevel,h0,0.9,1,1,0,
trajectory_000000:8475,mutual,mutual.CO+T,superlevel,h1,0.1,0,0,0,
trajectory_000000:8475,mutual,mutual.CO+T,superlevel,h1,0.25,1,2,1,
trajectory_000000:8475,mutual,mutual.CO+T,superlevel,h1,0.5,0,0,0,
trajectory_000000:8475,mutual,mutual.CO+T,superlevel,h1,0.75,1,3,2,
trajectory_000000:8475,mutual,mutual.CO+T,superlevel,h1,0.9,0,6,6,
trajectory_000000:8475,mutual,mutual.CO+T,superlevel,h0,0.1,8,9,1,
trajectory_000000:8475,mutual,mutual.CO+T,superlevel,h0,0.25,5,3,2,
trajectory_000000:8475,mutual,mutual.CO+T,superlevel,h0,0.5,1,3,2,
trajectory_000000:8475,mutual,mutual.CO+T,superlevel,h0,0.75,1,1,0,
trajectory_000000:8475,mutual,mutual.CO+T,superlevel,h0,0.9,1,1,0,
trajectory_000000:8475,mutual,mutual.CO+T,superlevel,h1,0.1,1,0,1,
trajectory_000000:8475,mutual,mutual.CO+T,superlevel,h1,0.25,1,1,0,
trajectory_000000:8475,mutual,mutual.CO+T,superlevel,h1,0.5,0,0,0,
trajectory_000000:8475,mutual,mutual.CO+T,superlevel,h1,0.75,106,8,98,
trajectory_000000:8475,mutual,mutual.CO+T,superlevel,h1,0.9,106,8,98,
trajectory_000000:8475,persistence_distance,topology.self.persistence,,,,,,,0.0044025033712387085
trajectory_000000:8475,persistence_distance,topology.mutual.persistence,,,,,,,0.00124654162209481
trajectory_000000:8475,persistence_distance,topology.component_weighted_total_before_outer_family_weight,,,,,,,0.00564904510974884
trajectory_000000:8475,dimension_distance_diagnostic,topology.self.CO.h0,,,,,,,0.014470599591732025
trajectory_000000:8475,dimension_distance_diagnostic,topology.self.CO.h1,,,,,,,0.000804500887170434
trajectory_000000:8475,dimension_distance_diagnostic,topology.self.T.h0,,,,,,,0.0022374580148607492
trajectory_000000:8475,dimension_distance_diagnostic,topology.self.T.h1,,,,,,,9.745534771354869e-05
trajectory_000000:8475,dimension_distance_diagnostic,topology.mutual.CO+T.h0,,,,,,,0.0017359325429424644
trajectory_000000:8475,dimension_distance_diagnostic,topology.mutual.CO+T.h1,,,,,,,0.0007571506430394948
trajectory_000000:8491,self,self.CO,sublevel,h0,0.1,5,4,1,
trajectory_000000:8491,self,self.CO,sublevel,h0,0.25,5,4,1,
trajectory_000000:8491,self,self.CO,sublevel,h0,0.5,3,3,0,
trajectory_000000:8491,self,self.CO,sublevel,h0,0.75,8,4,4,
trajectory_000000:8491,self,self.CO,sublevel,h0,0.9,2,2,0,
trajectory_000000:8491,self,self.CO,sublevel,h1,0.1,84,1,83,
trajectory_000000:8491,self,self.CO,sublevel,h1,0.25,84,1,83,
trajectory_000000:8491,self,self.CO,sublevel,h1,0.5,0,0,0,
trajectory_000000:8491,self,self.CO,sublevel,h1,0.75,1,0,1,
trajectory_000000:8491,self,self.CO,sublevel,h1,0.9,3,3,0,
trajectory_000000:8491,self,self.T,sublevel,h0,0.1,2,7,5,
trajectory_000000:8491,self,self.T,sublevel,h0,0.25,2,4,2,
trajectory_000000:8491,self,self.T,sublevel,h0,0.5,1,1,0,
trajectory_000000:8491,self,self.T,sublevel,h0,0.75,1,2,1,
trajectory_000000:8491,self,self.T,sublevel,h0,0.9,2,1,1,
trajectory_000000:8491,self,self.T,sublevel,h1,0.1,0,0,0,
trajectory_000000:8491,self,self.T,sublevel,h1,0.25,0,0,0,
trajectory_000000:8491,self,self.T,sublevel,h1,0.5,0,0,0,
trajectory_000000:8491,self,self.T,sublevel,h1,0.75,1,0,1,
trajectory_000000:8491,self,self.T,sublevel,h1,0.9,4,4,0,
trajectory_000000:8491,mutual,mutual.CO+T,sublevel,h0,0.1,2,7,5,
trajectory_000000:8491,mutual,mutual.CO+T,sublevel,h0,0.25,2,4,2,
trajectory_000000:8491,mutual,mutual.CO+T,sublevel,h0,0.5,1,1,0,
trajectory_000000:8491,mutual,mutual.CO+T,sublevel,h0,0.75,13,5,8,
trajectory_000000:8491,mutual,mutual.CO+T,sublevel,h0,0.9,2,2,0,
trajectory_000000:8491,mutual,mutual.CO+T,sublevel,h1,0.1,0,0,0,
trajectory_000000:8491,mutual,mutual.CO+T,sublevel,h1,0.25,0,0,0,
trajectory_000000:8491,mutual,mutual.CO+T,sublevel,h1,0.5,0,0,0,
trajectory_000000:8491,mutual,mutual.CO+T,sublevel,h1,0.75,1,2,1,
trajectory_000000:8491,mutual,mutual.CO+T,sublevel,h1,0.9,3,3,0,
trajectory_000000:8491,mutual,mutual.CO+T,sublevel,h0,0.1,5,4,1,
trajectory_000000:8491,mutual,mutual.CO+T,sublevel,h0,0.25,5,4,1,
trajectory_000000:8491,mutual,mutual.CO+T,sublevel,h0,0.5,1,2,1,
trajectory_000000:8491,mutual,mutual.CO+T,sublevel,h0,0.75,13,5,8,
trajectory_000000:8491,mutual,mutual.CO+T,sublevel,h0,0.9,2,2,0,
trajectory_000000:8491,mutual,mutual.CO+T,sublevel,h1,0.1,84,1,83,
trajectory_000000:8491,mutual,mutual.CO+T,sublevel,h1,0.25,84,1,83,
trajectory_000000:8491,mutual,mutual.CO+T,sublevel,h1,0.5,0,0,0,
trajectory_000000:8491,mutual,mutual.CO+T,sublevel,h1,0.75,2,2,0,
trajectory_000000:8491,mutual,mutual.CO+T,sublevel,h1,0.9,3,3,0,
trajectory_000000:8491,mutual,mutual.CO+T,sublevel,h0,0.1,2,6,4,
trajectory_000000:8491,mutual,mutual.CO+T,sublevel,h0,0.25,2,4,2,
trajectory_000000:8491,mutual,mutual.CO+T,sublevel,h0,0.5,1,2,1,
trajectory_000000:8491,mutual,mutual.CO+T,sublevel,h0,0.75,8,4,4,
trajectory_000000:8491,mutual,mutual.CO+T,sublevel,h0,0.9,2,2,0,
trajectory_000000:8491,mutual,mutual.CO+T,sublevel,h1,0.1,0,0,0,
trajectory_000000:8491,mutual,mutual.CO+T,sublevel,h1,0.25,0,0,0,
trajectory_000000:8491,mutual,mutual.CO+T,sublevel,h1,0.5,0,0,0,
trajectory_000000:8491,mutual,mutual.CO+T,sublevel,h1,0.75,1,0,1,
trajectory_000000:8491,mutual,mutual.CO+T,sublevel,h1,0.9,3,3,0,
trajectory_000000:8491,self,self.CO,superlevel,h0,0.1,7,7,0,
trajectory_000000:8491,self,self.CO,superlevel,h0,0.25,2,1,1,
trajectory_000000:8491,self,self.CO,superlevel,h0,0.5,1,1,0,
trajectory_000000:8491,self,self.CO,superlevel,h0,0.75,1,2,1,
trajectory_000000:8491,self,self.CO,superlevel,h0,0.9,1,2,1,
trajectory_000000:8491,self,self.CO,superlevel,h1,0.1,1,0,1,
trajectory_000000:8491,self,self.CO,superlevel,h1,0.25,3,3,0,
trajectory_000000:8491,self,self.CO,superlevel,h1,0.5,0,1,1,
trajectory_000000:8491,self,self.CO,superlevel,h1,0.75,95,3,92,
trajectory_000000:8491,self,self.CO,superlevel,h1,0.9,95,3,92,
trajectory_000000:8491,self,self.T,superlevel,h0,0.1,5,9,4,
trajectory_000000:8491,self,self.T,superlevel,h0,0.25,2,1,1,
trajectory_000000:8491,self,self.T,superlevel,h0,0.5,1,1,0,
trajectory_000000:8491,self,self.T,superlevel,h0,0.75,1,2,1,
trajectory_000000:8491,self,self.T,superlevel,h0,0.9,1,3,2,
trajectory_000000:8491,self,self.T,superlevel,h1,0.1,0,0,0,
trajectory_000000:8491,self,self.T,superlevel,h1,0.25,0,0,0,
trajectory_000000:8491,self,self.T,superlevel,h1,0.5,0,0,0,
trajectory_000000:8491,self,self.T,superlevel,h1,0.75,0,1,1,
trajectory_000000:8491,self,self.T,superlevel,h1,0.9,1,6,5,
trajectory_000000:8491,mutual,mutual.CO+T,superlevel,h0,0.1,8,7,1,
trajectory_000000:8491,mutual,mutual.CO+T,superlevel,h0,0.25,3,3,0,
trajectory_000000:8491,mutual,mutual.CO+T,superlevel,h0,0.5,1,1,0,
trajectory_000000:8491,mutual,mutual.CO+T,superlevel,h0,0.75,1,2,1,
trajectory_000000:8491,mutual,mutual.CO+T,superlevel,h0,0.9,1,3,2,
trajectory_000000:8491,mutual,mutual.CO+T,superlevel,h1,0.1,0,0,0,
trajectory_000000:8491,mutual,mutual.CO+T,superlevel,h1,0.25,0,0,0,
trajectory_000000:8491,mutual,mutual.CO+T,superlevel,h1,0.5,0,0,0,
trajectory_000000:8491,mutual,mutual.CO+T,superlevel,h1,0.75,0,1,1,
trajectory_000000:8491,mutual,mutual.CO+T,superlevel,h1,0.9,1,6,5,
trajectory_000000:8491,mutual,mutual.CO+T,superlevel,h0,0.1,9,12,3,
trajectory_000000:8491,mutual,mutual.CO+T,superlevel,h0,0.25,3,3,0,
trajectory_000000:8491,mutual,mutual.CO+T,superlevel,h0,0.5,1,1,0,
trajectory_000000:8491,mutual,mutual.CO+T,superlevel,h0,0.75,1,2,1,
trajectory_000000:8491,mutual,mutual.CO+T,superlevel,h0,0.9,1,3,2,
trajectory_000000:8491,mutual,mutual.CO+T,superlevel,h1,0.1,0,0,0,
trajectory_000000:8491,mutual,mutual.CO+T,superlevel,h1,0.25,1,2,1,
trajectory_000000:8491,mutual,mutual.CO+T,superlevel,h1,0.5,0,0,0,
trajectory_000000:8491,mutual,mutual.CO+T,superlevel,h1,0.75,0,1,1,
trajectory_000000:8491,mutual,mutual.CO+T,superlevel,h1,0.9,1,6,5,
trajectory_000000:8491,mutual,mutual.CO+T,superlevel,h0,0.1,12,18,6,
trajectory_000000:8491,mutual,mutual.CO+T,superlevel,h0,0.25,4,2,2,
trajectory_000000:8491,mutual,mutual.CO+T,superlevel,h0,0.5,1,1,0,
trajectory_000000:8491,mutual,mutual.CO+T,superlevel,h0,0.75,1,2,1,
trajectory_000000:8491,mutual,mutual.CO+T,superlevel,h0,0.9,1,2,1,
trajectory_000000:8491,mutual,mutual.CO+T,superlevel,h1,0.1,0,1,1,
trajectory_000000:8491,mutual,mutual.CO+T,superlevel,h1,0.25,0,2,2,
trajectory_000000:8491,mutual,mutual.CO+T,superlevel,h1,0.5,0,1,1,
trajectory_000000:8491,mutual,mutual.CO+T,superlevel,h1,0.75,95,3,92,
trajectory_000000:8491,mutual,mutual.CO+T,superlevel,h1,0.9,95,3,92,
trajectory_000000:8491,persistence_distance,topology.self.persistence,,,,,,,0.004241398070007563
trajectory_000000:8491,persistence_distance,topology.mutual.persistence,,,,,,,0.0013761777663603425
trajectory_000000:8491,persistence_distance,topology.component_weighted_total_before_outer_family_weight,,,,,,,0.005617575719952583
trajectory_000000:8491,dimension_distance_diagnostic,topology.self.CO.h0,,,,,,,0.014076696708798409
trajectory_000000:8491,dimension_distance_diagnostic,topology.self.CO.h1,,,,,,,0.0009680321672931314
trajectory_000000:8491,dimension_distance_diagnostic,topology.self.T.h0,,,,,,,0.0017644574400037527
trajectory_000000:8491,dimension_distance_diagnostic,topology.self.T.h1,,,,,,,0.00015640610945411026
trajectory_000000:8491,dimension_distance_diagnostic,topology.mutual.CO+T.h0,,,,,,,0.0019460999174043536
trajectory_000000:8491,dimension_distance_diagnostic,topology.mutual.CO+T.h1,,,,,,,0.0008062556735239923
trajectory_000000:8507,self,self.CO,sublevel,h0,0.1,1,3,2,
trajectory_000000:8507,self,self.CO,sublevel,h0,0.25,1,3,2,
trajectory_000000:8507,self,self.CO,sublevel,h0,0.5,2,1,1,
trajectory_000000:8507,self,self.CO,sublevel,h0,0.75,4,3,1,
trajectory_000000:8507,self,self.CO,sublevel,h0,0.9,2,1,1,
trajectory_000000:8507,self,self.CO,sublevel,h1,0.1,85,0,85,
trajectory_000000:8507,self,self.CO,sublevel,h1,0.25,85,0,85,
trajectory_000000:8507,self,self.CO,sublevel,h1,0.5,0,0,0,
trajectory_000000:8507,self,self.CO,sublevel,h1,0.75,2,1,1,
trajectory_000000:8507,self,self.CO,sublevel,h1,0.9,2,5,3,
trajectory_000000:8507,self,self.T,sublevel,h0,0.1,6,2,4,
trajectory_000000:8507,self,self.T,sublevel,h0,0.25,5,3,2,
trajectory_000000:8507,self,self.T,sublevel,h0,0.5,1,1,0,
trajectory_000000:8507,self,self.T,sublevel,h0,0.75,1,1,0,
trajectory_000000:8507,self,self.T,sublevel,h0,0.9,2,3,1,
trajectory_000000:8507,self,self.T,sublevel,h1,0.1,0,1,1,
trajectory_000000:8507,self,self.T,sublevel,h1,0.25,0,0,0,
trajectory_000000:8507,self,self.T,sublevel,h1,0.5,0,0,0,
trajectory_000000:8507,self,self.T,sublevel,h1,0.75,1,0,1,
trajectory_000000:8507,self,self.T,sublevel,h1,0.9,1,2,1,
trajectory_000000:8507,mutual,mutual.CO+T,sublevel,h0,0.1,6,2,4,
trajectory_000000:8507,mutual,mutual.CO+T,sublevel,h0,0.25,5,3,2,
trajectory_000000:8507,mutual,mutual.CO+T,sublevel,h0,0.5,1,1,0,
trajectory_000000:8507,mutual,mutual.CO+T,sublevel,h0,0.75,9,12,3,
trajectory_000000:8507,mutual,mutual.CO+T,sublevel,h0,0.9,2,1,1,
trajectory_000000:8507,mutual,mutual.CO+T,sublevel,h1,0.1,0,1,1,
trajectory_000000:8507,mutual,mutual.CO+T,sublevel,h1,0.25,0,0,0,
trajectory_000000:8507,mutual,mutual.CO+T,sublevel,h1,0.5,0,0,0,
trajectory_000000:8507,mutual,mutual.CO+T,sublevel,h1,0.75,2,1,1,
trajectory_000000:8507,mutual,mutual.CO+T,sublevel,h1,0.9,4,6,2,
trajectory_000000:8507,mutual,mutual.CO+T,sublevel,h0,0.1,1,3,2,
trajectory_000000:8507,mutual,mutual.CO+T,sublevel,h0,0.25,1,3,2,
trajectory_000000:8507,mutual,mutual.CO+T,sublevel,h0,0.5,1,1,0,
trajectory_000000:8507,mutual,mutual.CO+T,sublevel,h0,0.75,9,12,3,
trajectory_000000:8507,mutual,mutual.CO+T,sublevel,h0,0.9,2,1,1,
trajectory_000000:8507,mutual,mutual.CO+T,sublevel,h1,0.1,85,0,85,
trajectory_000000:8507,mutual,mutual.CO+T,sublevel,h1,0.25,85,0,85,
trajectory_000000:8507,mutual,mutual.CO+T,sublevel,h1,0.5,0,0,0,
trajectory_000000:8507,mutual,mutual.CO+T,sublevel,h1,0.75,2,1,1,
trajectory_000000:8507,mutual,mutual.CO+T,sublevel,h1,0.9,4,6,2,
trajectory_000000:8507,mutual,mutual.CO+T,sublevel,h0,0.1,6,2,4,
trajectory_000000:8507,mutual,mutual.CO+T,sublevel,h0,0.25,5,3,2,
trajectory_000000:8507,mutual,mutual.CO+T,sublevel,h0,0.5,1,1,0,
trajectory_000000:8507,mutual,mutual.CO+T,sublevel,h0,0.75,4,3,1,
trajectory_000000:8507,mutual,mutual.CO+T,sublevel,h0,0.9,2,1,1,
trajectory_000000:8507,mutual,mutual.CO+T,sublevel,h1,0.1,0,1,1,
trajectory_000000:8507,mutual,mutual.CO+T,sublevel,h1,0.25,0,0,0,
trajectory_000000:8507,mutual,mutual.CO+T,sublevel,h1,0.5,0,0,0,
trajectory_000000:8507,mutual,mutual.CO+T,sublevel,h1,0.75,2,1,1,
trajectory_000000:8507,mutual,mutual.CO+T,sublevel,h1,0.9,2,5,3,
trajectory_000000:8507,self,self.CO,superlevel,h0,0.1,7,7,0,
trajectory_000000:8507,self,self.CO,superlevel,h0,0.25,3,2,1,
trajectory_000000:8507,self,self.CO,superlevel,h0,0.5,1,1,0,
trajectory_000000:8507,self,self.CO,superlevel,h0,0.75,1,1,0,
trajectory_000000:8507,self,self.CO,superlevel,h0,0.9,1,1,0,
trajectory_000000:8507,self,self.CO,superlevel,h1,0.1,1,0,1,
trajectory_000000:8507,self,self.CO,superlevel,h1,0.25,2,2,0,
trajectory_000000:8507,self,self.CO,superlevel,h1,0.5,0,0,0,
trajectory_000000:8507,self,self.CO,superlevel,h1,0.75,101,3,98,
trajectory_000000:8507,self,self.CO,superlevel,h1,0.9,101,3,98,
trajectory_000000:8507,self,self.T,superlevel,h0,0.1,1,2,1,
trajectory_000000:8507,self,self.T,superlevel,h0,0.25,3,1,2,
trajectory_000000:8507,self,self.T,superlevel,h0,0.5,1,1,0,
trajectory_000000:8507,self,self.T,superlevel,h0,0.75,2,6,4,
trajectory_000000:8507,self,self.T,superlevel,h0,0.9,1,5,4,
trajectory_000000:8507,self,self.T,superlevel,h1,0.1,1,2,1,
trajectory_000000:8507,self,self.T,superlevel,h1,0.25,0,0,0,
trajectory_000000:8507,self,self.T,superlevel,h1,0.5,0,0,0,
trajectory_000000:8507,self,self.T,superlevel,h1,0.75,1,1,0,
trajectory_000000:8507,self,self.T,superlevel,h1,0.9,3,0,3,
trajectory_000000:8507,mutual,mutual.CO+T,superlevel,h0,0.1,1,2,1,
trajectory_000000:8507,mutual,mutual.CO+T,superlevel,h0,0.25,2,1,1,
trajectory_000000:8507,mutual,mutual.CO+T,superlevel,h0,0.5,1,1,0,
trajectory_000000:8507,mutual,mutual.CO+T,superlevel,h0,0.75,2,6,4,
trajectory_000000:8507,mutual,mutual.CO+T,superlevel,h0,0.9,1,5,4,
trajectory_000000:8507,mutual,mutual.CO+T,superlevel,h1,0.1,0,2,2,
trajectory_000000:8507,mutual,mutual.CO+T,superlevel,h1,0.25,0,0,0,
trajectory_000000:8507,mutual,mutual.CO+T,superlevel,h1,0.5,0,0,0,
trajectory_000000:8507,mutual,mutual.CO+T,superlevel,h1,0.75,1,1,0,
trajectory_000000:8507,mutual,mutual.CO+T,superlevel,h1,0.9,3,0,3,
trajectory_000000:8507,mutual,mutual.CO+T,superlevel,h0,0.1,7,5,2,
trajectory_000000:8507,mutual,mutual.CO+T,superlevel,h0,0.25,3,4,1,
trajectory_000000:8507,mutual,mutual.CO+T,superlevel,h0,0.5,1,1,0,
trajectory_000000:8507,mutual,mutual.CO+T,superlevel,h0,0.75,2,6,4,
trajectory_000000:8507,mutual,mutual.CO+T,superlevel,h0,0.9,1,5,4,
trajectory_000000:8507,mutual,mutual.CO+T,superlevel,h1,0.1,0,0,0,
trajectory_000000:8507,mutual,mutual.CO+T,superlevel,h1,0.25,1,1,0,
trajectory_000000:8507,mutual,mutual.CO+T,superlevel,h1,0.5,0,0,0,
trajectory_000000:8507,mutual,mutual.CO+T,superlevel,h1,0.75,1,1,0,
trajectory_000000:8507,mutual,mutual.CO+T,superlevel,h1,0.9,3,0,3,
trajectory_000000:8507,mutual,mutual.CO+T,superlevel,h0,0.1,12,3,9,
trajectory_000000:8507,mutual,mutual.CO+T,superlevel,h0,0.25,3,7,4,
trajectory_000000:8507,mutual,mutual.CO+T,superlevel,h0,0.5,1,1,0,
trajectory_000000:8507,mutual,mutual.CO+T,superlevel,h0,0.75,1,1,0,
trajectory_000000:8507,mutual,mutual.CO+T,superlevel,h0,0.9,1,1,0,
trajectory_000000:8507,mutual,mutual.CO+T,superlevel,h1,0.1,0,0,0,
trajectory_000000:8507,mutual,mutual.CO+T,superlevel,h1,0.25,1,2,1,
trajectory_000000:8507,mutual,mutual.CO+T,superlevel,h1,0.5,0,0,0,
trajectory_000000:8507,mutual,mutual.CO+T,superlevel,h1,0.75,101,3,98,
trajectory_000000:8507,mutual,mutual.CO+T,superlevel,h1,0.9,101,3,98,
trajectory_000000:8507,persistence_distance,topology.self.persistence,,,,,,,0.0016213767230510712
trajectory_000000:8507,persistence_distance,topology.mutual.persistence,,,,,,,0.0008733943104743958
trajectory_000000:8507,persistence_distance,topology.component_weighted_total_before_outer_family_weight,,,,,,,0.002494771033525467
trajectory_000000:8507,dimension_distance_diagnostic,topology.self.CO.h0,,,,,,,0.0044585526920855045
trajectory_000000:8507,dimension_distance_diagnostic,topology.self.CO.h1,,,,,,,0.0006217610789462924
trajectory_000000:8507,dimension_distance_diagnostic,topology.self.T.h0,,,,,,,0.0013521158834919333
trajectory_000000:8507,dimension_distance_diagnostic,topology.self.T.h1,,,,,,,5.307745232130401e-05
trajectory_000000:8507,dimension_distance_diagnostic,topology.mutual.CO+T.h0,,,,,,,0.0012375618098303676
trajectory_000000:8507,dimension_distance_diagnostic,topology.mutual.CO+T.h1,,,,,,,0.0005092269275337458
trajectory_000000:8523,self,self.CO,sublevel,h0,0.1,4,6,2,
trajectory_000000:8523,self,self.CO,sublevel,h0,0.25,4,6,2,
trajectory_000000:8523,self,self.CO,sublevel,h0,0.5,1,1,0,
trajectory_000000:8523,self,self.CO,sublevel,h0,0.75,5,4,1,
trajectory_000000:8523,self,self.CO,sublevel,h0,0.9,1,2,1,
trajectory_000000:8523,self,self.CO,sublevel,h1,0.1,88,2,86,
trajectory_000000:8523,self,self.CO,sublevel,h1,0.25,88,2,86,
trajectory_000000:8523,self,self.CO,sublevel,h1,0.5,0,0,0,
trajectory_000000:8523,self,self.CO,sublevel,h1,0.75,1,2,1,
trajectory_000000:8523,self,self.CO,sublevel,h1,0.9,7,4,3,
trajectory_000000:8523,self,self.T,sublevel,h0,0.1,4,5,1,
trajectory_000000:8523,self,self.T,sublevel,h0,0.25,2,5,3,
trajectory_000000:8523,self,self.T,sublevel,h0,0.5,1,1,0,
trajectory_000000:8523,self,self.T,sublevel,h0,0.75,1,2,1,
trajectory_000000:8523,self,self.T,sublevel,h0,0.9,1,1,0,
trajectory_000000:8523,self,self.T,sublevel,h1,0.1,0,1,1,
trajectory_000000:8523,self,self.T,sublevel,h1,0.25,1,0,1,
trajectory_000000:8523,self,self.T,sublevel,h1,0.5,0,0,0,
trajectory_000000:8523,self,self.T,sublevel,h1,0.75,1,1,0,
trajectory_000000:8523,self,self.T,sublevel,h1,0.9,0,3,3,
trajectory_000000:8523,mutual,mutual.CO+T,sublevel,h0,0.1,4,5,1,
trajectory_000000:8523,mutual,mutual.CO+T,sublevel,h0,0.25,2,5,3,
trajectory_000000:8523,mutual,mutual.CO+T,sublevel,h0,0.5,1,1,0,
trajectory_000000:8523,mutual,mutual.CO+T,sublevel,h0,0.75,11,11,0,
trajectory_000000:8523,mutual,mutual.CO+T,sublevel,h0,0.9,1,1,0,
trajectory_000000:8523,mutual,mutual.CO+T,sublevel,h1,0.1,0,1,1,
trajectory_000000:8523,mutual,mutual.CO+T,sublevel,h1,0.25,1,0,1,
trajectory_000000:8523,mutual,mutual.CO+T,sublevel,h1,0.5,0,0,0,
trajectory_000000:8523,mutual,mutual.CO+T,sublevel,h1,0.75,5,4,1,
trajectory_000000:8523,mutual,mutual.CO+T,sublevel,h1,0.9,13,5,8,
trajectory_000000:8523,mutual,mutual.CO+T,sublevel,h0,0.1,1,6,5,
trajectory_000000:8523,mutual,mutual.CO+T,sublevel,h0,0.25,1,6,5,
trajectory_000000:8523,mutual,mutual.CO+T,sublevel,h0,0.5,1,1,0,
trajectory_000000:8523,mutual,mutual.CO+T,sublevel,h0,0.75,11,12,1,
trajectory_000000:8523,mutual,mutual.CO+T,sublevel,h0,0.9,1,1,0,
trajectory_000000:8523,mutual,mutual.CO+T,sublevel,h1,0.1,0,2,2,
trajectory_000000:8523,mutual,mutual.CO+T,sublevel,h1,0.25,0,2,2,
trajectory_000000:8523,mutual,mutual.CO+T,sublevel,h1,0.5,0,0,0,
trajectory_000000:8523,mutual,mutual.CO+T,sublevel,h1,0.75,5,3,2,
trajectory_000000:8523,mutual,mutual.CO+T,sublevel,h1,0.9,12,6,6,
trajectory_000000:8523,mutual,mutual.CO+T,sublevel,h0,0.1,4,5,1,
trajectory_000000:8523,mutual,mutual.CO+T,sublevel,h0,0.25,2,5,3,
trajectory_000000:8523,mutual,mutual.CO+T,sublevel,h0,0.5,1,1,0,
trajectory_000000:8523,mutual,mutual.CO+T,sublevel,h0,0.75,5,4,1,
trajectory_000000:8523,mutual,mutual.CO+T,sublevel,h0,0.9,1,2,1,
trajectory_000000:8523,mutual,mutual.CO+T,sublevel,h1,0.1,0,1,1,
trajectory_000000:8523,mutual,mutual.CO+T,sublevel,h1,0.25,1,0,1,
trajectory_000000:8523,mutual,mutual.CO+T,sublevel,h1,0.5,0,0,0,
trajectory_000000:8523,mutual,mutual.CO+T,sublevel,h1,0.75,1,2,1,
trajectory_000000:8523,mutual,mutual.CO+T,sublevel,h1,0.9,7,4,3,
trajectory_000000:8523,self,self.CO,superlevel,h0,0.1,12,6,6,
trajectory_000000:8523,self,self.CO,superlevel,h0,0.25,2,4,2,
trajectory_000000:8523,self,self.CO,superlevel,h0,0.5,1,1,0,
trajectory_000000:8523,self,self.CO,superlevel,h0,0.75,1,9,8,
trajectory_000000:8523,self,self.CO,superlevel,h0,0.9,1,9,8,
trajectory_000000:8523,self,self.CO,superlevel,h1,0.1,0,0,0,
trajectory_000000:8523,self,self.CO,superlevel,h1,0.25,2,2,0,
trajectory_000000:8523,self,self.CO,superlevel,h1,0.5,0,0,0,
trajectory_000000:8523,self,self.CO,superlevel,h1,0.75,97,2,95,
trajectory_000000:8523,self,self.CO,superlevel,h1,0.9,97,2,95,
trajectory_000000:8523,self,self.T,superlevel,h0,0.1,2,3,1,
trajectory_000000:8523,self,self.T,superlevel,h0,0.25,3,2,1,
trajectory_000000:8523,self,self.T,superlevel,h0,0.5,1,1,0,
trajectory_000000:8523,self,self.T,superlevel,h0,0.75,3,5,2,
trajectory_000000:8523,self,self.T,superlevel,h0,0.9,1,4,3,
trajectory_000000:8523,self,self.T,superlevel,h1,0.1,0,0,0,
trajectory_000000:8523,self,self.T,superlevel,h1,0.25,0,0,0,
trajectory_000000:8523,self,self.T,superlevel,h1,0.5,0,0,0,
trajectory_000000:8523,self,self.T,superlevel,h1,0.75,0,2,2,
trajectory_000000:8523,self,self.T,superlevel,h1,0.9,1,1,0,
trajectory_000000:8523,mutual,mutual.CO+T,superlevel,h0,0.1,1,6,5,
trajectory_000000:8523,mutual,mutual.CO+T,superlevel,h0,0.25,3,1,2,
trajectory_000000:8523,mutual,mutual.CO+T,superlevel,h0,0.5,1,1,0,
trajectory_000000:8523,mutual,mutual.CO+T,superlevel,h0,0.75,3,5,2,
trajectory_000000:8523,mutual,mutual.CO+T,superlevel,h0,0.9,1,4,3,
trajectory_000000:8523,mutual,mutual.CO+T,superlevel,h1,0.1,1,0,1,
trajectory_000000:8523,mutual,mutual.CO+T,superlevel,h1,0.25,0,0,0,
trajectory_000000:8523,mutual,mutual.CO+T,superlevel,h1,0.5,0,0,0,
trajectory_000000:8523,mutual,mutual.CO+T,superlevel,h1,0.75,0,2,2,
trajectory_000000:8523,mutual,mutual.CO+T,superlevel,h1,0.9,1,1,0,
trajectory_000000:8523,mutual,mutual.CO+T,superlevel,h0,0.1,15,7,8,
trajectory_000000:8523,mutual,mutual.CO+T,superlevel,h0,0.25,4,4,0,
trajectory_000000:8523,mutual,mutual.CO+T,superlevel,h0,0.5,1,1,0,
trajectory_000000:8523,mutual,mutual.CO+T,superlevel,h0,0.75,3,5,2,
trajectory_000000:8523,mutual,mutual.CO+T,superlevel,h0,0.9,1,4,3,
trajectory_000000:8523,mutual,mutual.CO+T,superlevel,h1,0.1,0,0,0,
trajectory_000000:8523,mutual,mutual.CO+T,superlevel,h1,0.25,3,1,2,
trajectory_000000:8523,mutual,mutual.CO+T,superlevel,h1,0.5,0,0,0,
trajectory_000000:8523,mutual,mutual.CO+T,superlevel,h1,0.75,0,2,2,
trajectory_000000:8523,mutual,mutual.CO+T,superlevel,h1,0.9,1,1,0,
trajectory_000000:8523,mutual,mutual.CO+T,superlevel,h0,0.1,2,8,6,
trajectory_000000:8523,mutual,mutual.CO+T,superlevel,h0,0.25,6,4,2,
trajectory_000000:8523,mutual,mutual.CO+T,superlevel,h0,0.5,1,1,0,
trajectory_000000:8523,mutual,mutual.CO+T,superlevel,h0,0.75,1,9,8,
trajectory_000000:8523,mutual,mutual.CO+T,superlevel,h0,0.9,1,9,8,
trajectory_000000:8523,mutual,mutual.CO+T,superlevel,h1,0.1,1,0,1,
trajectory_000000:8523,mutual,mutual.CO+T,superlevel,h1,0.25,2,1,1,
trajectory_000000:8523,mutual,mutual.CO+T,superlevel,h1,0.5,0,0,0,
trajectory_000000:8523,mutual,mutual.CO+T,superlevel,h1,0.75,97,2,95,
trajectory_000000:8523,mutual,mutual.CO+T,superlevel,h1,0.9,97,2,95,
trajectory_000000:8523,persistence_distance,topology.self.persistence,,,,,,,0.002901787869632244
trajectory_000000:8523,persistence_distance,topology.mutual.persistence,,,,,,,0.0015181283233687282
trajectory_000000:8523,persistence_distance,topology.component_weighted_total_before_outer_family_weight,,,,,,,0.004419916309416294
trajectory_000000:8523,dimension_distance_diagnostic,topology.self.CO.h0,,,,,,,0.008250473998486996
trajectory_000000:8523,dimension_distance_diagnostic,topology.self.CO.h1,,,,,,,0.0009578456520102918
trajectory_000000:8523,dimension_distance_diagnostic,topology.self.T.h0,,,,,,,0.0022619671653956175
trajectory_000000:8523,dimension_distance_diagnostic,topology.self.T.h1,,,,,,,0.00013686557940673083
trajectory_000000:8523,dimension_distance_diagnostic,topology.mutual.CO+T.h0,,,,,,,0.0022714370861649513
trajectory_000000:8523,dimension_distance_diagnostic,topology.mutual.CO+T.h1,,,,,,,0.0007648197934031487
trajectory_000000:8539,self,self.CO,sublevel,h0,0.1,9,4,5,
trajectory_000000:8539,self,self.CO,sublevel,h0,0.25,9,4,5,
trajectory_000000:8539,self,self.CO,sublevel,h0,0.5,1,1,0,
trajectory_000000:8539,self,self.CO,sublevel,h0,0.75,2,4,2,
trajectory_000000:8539,self,self.CO,sublevel,h0,0.9,5,3,2,
trajectory_000000:8539,self,self.CO,sublevel,h1,0.1,84,0,84,
trajectory_000000:8539,self,self.CO,sublevel,h1,0.25,84,0,84,
trajectory_000000:8539,self,self.CO,sublevel,h1,0.5,0,0,0,
trajectory_000000:8539,self,self.CO,sublevel,h1,0.75,1,0,1,
trajectory_000000:8539,self,self.CO,sublevel,h1,0.9,10,3,7,
trajectory_000000:8539,self,self.T,sublevel,h0,0.1,10,4,6,
trajectory_000000:8539,self,self.T,sublevel,h0,0.25,4,3,1,
trajectory_000000:8539,self,self.T,sublevel,h0,0.5,1,1,0,
trajectory_000000:8539,self,self.T,sublevel,h0,0.75,2,2,0,
trajectory_000000:8539,self,self.T,sublevel,h0,0.9,1,1,0,
trajectory_000000:8539,self,self.T,sublevel,h1,0.1,0,0,0,
trajectory_000000:8539,self,self.T,sublevel,h1,0.25,0,1,1,
trajectory_000000:8539,self,self.T,sublevel,h1,0.5,0,0,0,
trajectory_000000:8539,self,self.T,sublevel,h1,0.75,2,1,1,
trajectory_000000:8539,self,self.T,sublevel,h1,0.9,2,1,1,
trajectory_000000:8539,mutual,mutual.CO+T,sublevel,h0,0.1,10,4,6,
trajectory_000000:8539,mutual,mutual.CO+T,sublevel,h0,0.25,4,3,1,
trajectory_000000:8539,mutual,mutual.CO+T,sublevel,h0,0.5,1,1,0,
trajectory_000000:8539,mutual,mutual.CO+T,sublevel,h0,0.75,13,3,10,
trajectory_000000:8539,mutual,mutual.CO+T,sublevel,h0,0.9,3,2,1,
trajectory_000000:8539,mutual,mutual.CO+T,sublevel,h1,0.1,0,0,0,
trajectory_000000:8539,mutual,mutual.CO+T,sublevel,h1,0.25,0,1,1,
trajectory_000000:8539,mutual,mutual.CO+T,sublevel,h1,0.5,0,0,0,
trajectory_000000:8539,mutual,mutual.CO+T,sublevel,h1,0.75,8,3,5,
trajectory_000000:8539,mutual,mutual.CO+T,sublevel,h1,0.9,15,5,10,
trajectory_000000:8539,mutual,mutual.CO+T,sublevel,h0,0.1,2,4,2,
trajectory_000000:8539,mutual,mutual.CO+T,sublevel,h0,0.25,2,4,2,
trajectory_000000:8539,mutual,mutual.CO+T,sublevel,h0,0.5,1,1,0,
trajectory_000000:8539,mutual,mutual.CO+T,sublevel,h0,0.75,12,4,8,
trajectory_000000:8539,mutual,mutual.CO+T,sublevel,h0,0.9,3,2,1,
trajectory_000000:8539,mutual,mutual.CO+T,sublevel,h1,0.1,1,0,1,
trajectory_000000:8539,mutual,mutual.CO+T,sublevel,h1,0.25,1,0,1,
trajectory_000000:8539,mutual,mutual.CO+T,sublevel,h1,0.5,0,0,0,
trajectory_000000:8539,mutual,mutual.CO+T,sublevel,h1,0.75,8,3,5,
trajectory_000000:8539,mutual,mutual.CO+T,sublevel,h1,0.9,13,5,8,
trajectory_000000:8539,mutual,mutual.CO+T,sublevel,h0,0.1,10,4,6,
trajectory_000000:8539,mutual,mutual.CO+T,sublevel,h0,0.25,4,3,1,
trajectory_000000:8539,mutual,mutual.CO+T,sublevel,h0,0.5,1,1,0,
trajectory_000000:8539,mutual,mutual.CO+T,sublevel,h0,0.75,2,4,2,
trajectory_000000:8539,mutual,mutual.CO+T,sublevel,h0,0.9,5,3,2,
trajectory_000000:8539,mutual,mutual.CO+T,sublevel,h1,0.1,0,0,0,
trajectory_000000:8539,mutual,mutual.CO+T,sublevel,h1,0.25,0,1,1,
trajectory_000000:8539,mutual,mutual.CO+T,sublevel,h1,0.5,0,0,0,
trajectory_000000:8539,mutual,mutual.CO+T,sublevel,h1,0.75,1,0,1,
trajectory_000000:8539,mutual,mutual.CO+T,sublevel,h1,0.9,10,3,7,
trajectory_000000:8539,self,self.CO,superlevel,h0,0.1,12,5,7,
trajectory_000000:8539,self,self.CO,superlevel,h0,0.25,2,1,1,
trajectory_000000:8539,self,self.CO,superlevel,h0,0.5,1,3,2,
trajectory_000000:8539,self,self.CO,superlevel,h0,0.75,1,2,1,
trajectory_000000:8539,self,self.CO,superlevel,h0,0.9,1,2,1,
trajectory_000000:8539,self,self.CO,superlevel,h1,0.1,2,1,1,
trajectory_000000:8539,self,self.CO,superlevel,h1,0.25,1,3,2,
trajectory_000000:8539,self,self.CO,superlevel,h1,0.5,0,0,0,
trajectory_000000:8539,self,self.CO,superlevel,h1,0.75,98,4,94,
trajectory_000000:8539,self,self.CO,superlevel,h1,0.9,98,4,94,
trajectory_000000:8539,self,self.T,superlevel,h0,0.1,4,2,2,
trajectory_000000:8539,self,self.T,superlevel,h0,0.25,4,2,2,
trajectory_000000:8539,self,self.T,superlevel,h0,0.5,1,4,3,
trajectory_000000:8539,self,self.T,superlevel,h0,0.75,1,5,4,
trajectory_000000:8539,self,self.T,superlevel,h0,0.9,1,4,3,
trajectory_000000:8539,self,self.T,superlevel,h1,0.1,0,0,0,
trajectory_000000:8539,self,self.T,superlevel,h1,0.25,0,1,1,
trajectory_000000:8539,self,self.T,superlevel,h1,0.5,0,0,0,
trajectory_000000:8539,self,self.T,superlevel,h1,0.75,1,2,1,
trajectory_000000:8539,self,self.T,superlevel,h1,0.9,6,2,4,
trajectory_000000:8539,mutual,mutual.CO+T,superlevel,h0,0.1,5,2,3,
trajectory_000000:8539,mutual,mutual.CO+T,superlevel,h0,0.25,2,2,0,
trajectory_000000:8539,mutual,mutual.CO+T,superlevel,h0,0.5,1,4,3,
trajectory_000000:8539,mutual,mutual.CO+T,superlevel,h0,0.75,1,5,4,
trajectory_000000:8539,mutual,mutual.CO+T,superlevel,h0,0.9,1,4,3,
trajectory_000000:8539,mutual,mutual.CO+T,superlevel,h1,0.1,0,1,1,
trajectory_000000:8539,mutual,mutual.CO+T,superlevel,h1,0.25,0,1,1,
trajectory_000000:8539,mutual,mutual.CO+T,superlevel,h1,0.5,0,0,0,
trajectory_000000:8539,mutual,mutual.CO+T,superlevel,h1,0.75,1,2,1,
trajectory_000000:8539,mutual,mutual.CO+T,superlevel,h1,0.9,6,2,4,
trajectory_000000:8539,mutual,mutual.CO+T,superlevel,h0,0.1,14,11,3,
trajectory_000000:8539,mutual,mutual.CO+T,superlevel,h0,0.25,2,1,1,
trajectory_000000:8539,mutual,mutual.CO+T,superlevel,h0,0.5,1,4,3,
trajectory_000000:8539,mutual,mutual.CO+T,superlevel,h0,0.75,1,5,4,
trajectory_000000:8539,mutual,mutual.CO+T,superlevel,h0,0.9,1,4,3,
trajectory_000000:8539,mutual,mutual.CO+T,superlevel,h1,0.1,0,0,0,
trajectory_000000:8539,mutual,mutual.CO+T,superlevel,h1,0.25,3,1,2,
trajectory_000000:8539,mutual,mutual.CO+T,superlevel,h1,0.5,0,0,0,
trajectory_000000:8539,mutual,mutual.CO+T,superlevel,h1,0.75,1,2,1,
trajectory_000000:8539,mutual,mutual.CO+T,superlevel,h1,0.9,6,2,4,
trajectory_000000:8539,mutual,mutual.CO+T,superlevel,h0,0.1,16,4,12,
trajectory_000000:8539,mutual,mutual.CO+T,superlevel,h0,0.25,2,2,0,
trajectory_000000:8539,mutual,mutual.CO+T,superlevel,h0,0.5,1,3,2,
trajectory_000000:8539,mutual,mutual.CO+T,superlevel,h0,0.75,1,2,1,
trajectory_000000:8539,mutual,mutual.CO+T,superlevel,h0,0.9,1,2,1,
trajectory_000000:8539,mutual,mutual.CO+T,superlevel,h1,0.1,0,0,0,
trajectory_000000:8539,mutual,mutual.CO+T,superlevel,h1,0.25,1,1,0,
trajectory_000000:8539,mutual,mutual.CO+T,superlevel,h1,0.5,0,0,0,
trajectory_000000:8539,mutual,mutual.CO+T,superlevel,h1,0.75,98,4,94,
trajectory_000000:8539,mutual,mutual.CO+T,superlevel,h1,0.9,98,4,94,
trajectory_000000:8539,persistence_distance,topology.self.persistence,,,,,,,0.003867584513500333
trajectory_000000:8539,persistence_distance,topology.mutual.persistence,,,,,,,0.0009458601125515997
trajectory_000000:8539,persistence_distance,topology.component_weighted_total_before_outer_family_weight,,,,,,,0.004813444800674915
trajectory_000000:8539,dimension_distance_diagnostic,topology.self.CO.h0,,,,,,,0.013234373182058334
trajectory_000000:8539,dimension_distance_diagnostic,topology.self.CO.h1,,,,,,,0.000934048555791378
trajectory_000000:8539,dimension_distance_diagnostic,topology.self.T.h0,,,,,,,0.0011288286186754704
trajectory_000000:8539,dimension_distance_diagnostic,topology.self.T.h1,,,,,,,0.00017308726091869175
trajectory_000000:8539,dimension_distance_diagnostic,topology.mutual.CO+T.h0,,,,,,,0.0010857469169422984
trajectory_000000:8539,dimension_distance_diagnostic,topology.mutual.CO+T.h1,,,,,,,0.0008059733081609011
trajectory_000000:8555,self,self.CO,sublevel,h0,0.1,2,3,1,
trajectory_000000:8555,self,self.CO,sublevel,h0,0.25,2,3,1,
trajectory_000000:8555,self,self.CO,sublevel,h0,0.5,1,1,0,
trajectory_000000:8555,self,self.CO,sublevel,h0,0.75,8,3,5,
trajectory_000000:8555,self,self.CO,sublevel,h0,0.9,8,1,7,
trajectory_000000:8555,self,self.CO,sublevel,h1,0.1,87,4,83,
trajectory_000000:8555,self,self.CO,sublevel,h1,0.25,87,4,83,
trajectory_000000:8555,self,self.CO,sublevel,h1,0.5,0,0,0,
trajectory_000000:8555,self,self.CO,sublevel,h1,0.75,3,1,2,
trajectory_000000:8555,self,self.CO,sublevel,h1,0.9,8,8,0,
trajectory_000000:8555,self,self.T,sublevel,h0,0.1,5,4,1,
trajectory_000000:8555,self,self.T,sublevel,h0,0.25,5,5,0,
trajectory_000000:8555,self,self.T,sublevel,h0,0.5,1,1,0,
trajectory_000000:8555,self,self.T,sublevel,h0,0.75,3,1,2,
trajectory_000000:8555,self,self.T,sublevel,h0,0.9,3,2,1,
trajectory_000000:8555,self,self.T,sublevel,h1,0.1,0,0,0,
trajectory_000000:8555,self,self.T,sublevel,h1,0.25,1,0,1,
trajectory_000000:8555,self,self.T,sublevel,h1,0.5,0,0,0,
trajectory_000000:8555,self,self.T,sublevel,h1,0.75,1,0,1,
trajectory_000000:8555,self,self.T,sublevel,h1,0.9,1,3,2,
trajectory_000000:8555,mutual,mutual.CO+T,sublevel,h0,0.1,5,4,1,
trajectory_000000:8555,mutual,mutual.CO+T,sublevel,h0,0.25,5,5,0,
trajectory_000000:8555,mutual,mutual.CO+T,sublevel,h0,0.5,1,1,0,
trajectory_000000:8555,mutual,mutual.CO+T,sublevel,h0,0.75,16,7,9,
trajectory_000000:8555,mutual,mutual.CO+T,sublevel,h0,0.9,8,1,7,
trajectory_000000:8555,mutual,mutual.CO+T,sublevel,h1,0.1,0,0,0,
trajectory_000000:8555,mutual,mutual.CO+T,sublevel,h1,0.25,1,0,1,
trajectory_000000:8555,mutual,mutual.CO+T,sublevel,h1,0.5,0,0,0,
trajectory_000000:8555,mutual,mutual.CO+T,sublevel,h1,0.75,6,7,1,
trajectory_000000:8555,mutual,mutual.CO+T,sublevel,h1,0.9,9,9,0,
trajectory_000000:8555,mutual,mutual.CO+T,sublevel,h0,0.1,1,3,2,
trajectory_000000:8555,mutual,mutual.CO+T,sublevel,h0,0.25,1,3,2,
trajectory_000000:8555,mutual,mutual.CO+T,sublevel,h0,0.5,1,1,0,
trajectory_000000:8555,mutual,mutual.CO+T,sublevel,h0,0.75,16,8,8,
trajectory_000000:8555,mutual,mutual.CO+T,sublevel,h0,0.9,8,1,7,
trajectory_000000:8555,mutual,mutual.CO+T,sublevel,h1,0.1,0,4,4,
trajectory_000000:8555,mutual,mutual.CO+T,sublevel,h1,0.25,0,4,4,
trajectory_000000:8555,mutual,mutual.CO+T,sublevel,h1,0.5,0,0,0,
trajectory_000000:8555,mutual,mutual.CO+T,sublevel,h1,0.75,6,7,1,
trajectory_000000:8555,mutual,mutual.CO+T,sublevel,h1,0.9,13,9,4,
trajectory_000000:8555,mutual,mutual.CO+T,sublevel,h0,0.1,5,4,1,
trajectory_000000:8555,mutual,mutual.CO+T,sublevel,h0,0.25,5,5,0,
trajectory_000000:8555,mutual,mutual.CO+T,sublevel,h0,0.5,1,1,0,
trajectory_000000:8555,mutual,mutual.CO+T,sublevel,h0,0.75,8,3,5,
trajectory_000000:8555,mutual,mutual.CO+T,sublevel,h0,0.9,8,1,7,
trajectory_000000:8555,mutual,mutual.CO+T,sublevel,h1,0.1,0,0,0,
trajectory_000000:8555,mutual,mutual.CO+T,sublevel,h1,0.25,1,0,1,
trajectory_000000:8555,mutual,mutual.CO+T,sublevel,h1,0.5,0,0,0,
trajectory_000000:8555,mutual,mutual.CO+T,sublevel,h1,0.75,3,1,2,
trajectory_000000:8555,mutual,mutual.CO+T,sublevel,h1,0.9,8,8,0,
trajectory_000000:8555,self,self.CO,superlevel,h0,0.1,14,12,2,
trajectory_000000:8555,self,self.CO,superlevel,h0,0.25,6,3,3,
trajectory_000000:8555,self,self.CO,superlevel,h0,0.5,1,1,0,
trajectory_000000:8555,self,self.CO,superlevel,h0,0.75,1,16,15,
trajectory_000000:8555,self,self.CO,superlevel,h0,0.9,1,16,15,
trajectory_000000:8555,self,self.CO,superlevel,h1,0.1,4,0,4,
trajectory_000000:8555,self,self.CO,superlevel,h1,0.25,5,1,4,
trajectory_000000:8555,self,self.CO,superlevel,h1,0.5,0,0,0,
trajectory_000000:8555,self,self.CO,superlevel,h1,0.75,98,0,98,
trajectory_000000:8555,self,self.CO,superlevel,h1,0.9,98,0,98,
trajectory_000000:8555,self,self.T,superlevel,h0,0.1,2,5,3,
trajectory_000000:8555,self,self.T,superlevel,h0,0.25,2,1,1,
trajectory_000000:8555,self,self.T,superlevel,h0,0.5,1,1,0,
trajectory_000000:8555,self,self.T,superlevel,h0,0.75,3,2,1,
trajectory_000000:8555,self,self.T,superlevel,h0,0.9,1,5,4,
trajectory_000000:8555,self,self.T,superlevel,h1,0.1,1,0,1,
trajectory_000000:8555,self,self.T,superlevel,h1,0.25,1,0,1,
trajectory_000000:8555,self,self.T,superlevel,h1,0.5,0,0,0,
trajectory_000000:8555,self,self.T,superlevel,h1,0.75,0,3,3,
trajectory_000000:8555,self,self.T,superlevel,h1,0.9,2,2,0,
trajectory_000000:8555,mutual,mutual.CO+T,superlevel,h0,0.1,4,5,1,
trajectory_000000:8555,mutual,mutual.CO+T,superlevel,h0,0.25,3,1,2,
trajectory_000000:8555,mutual,mutual.CO+T,superlevel,h0,0.5,1,1,0,
trajectory_000000:8555,mutual,mutual.CO+T,superlevel,h0,0.75,3,2,1,
trajectory_000000:8555,mutual,mutual.CO+T,superlevel,h0,0.9,1,5,4,
trajectory_000000:8555,mutual,mutual.CO+T,superlevel,h1,0.1,0,0,0,
trajectory_000000:8555,mutual,mutual.CO+T,superlevel,h1,0.25,1,0,1,
trajectory_000000:8555,mutual,mutual.CO+T,superlevel,h1,0.5,0,0,0,
trajectory_000000:8555,mutual,mutual.CO+T,superlevel,h1,0.75,0,3,3,
trajectory_000000:8555,mutual,mutual.CO+T,superlevel,h1,0.9,2,2,0,
trajectory_000000:8555,mutual,mutual.CO+T,superlevel,h0,0.1,11,13,2,
trajectory_000000:8555,mutual,mutual.CO+T,superlevel,h0,0.25,5,7,2,
trajectory_000000:8555,mutual,mutual.CO+T,superlevel,h0,0.5,1,1,0,
trajectory_000000:8555,mutual,mutual.CO+T,superlevel,h0,0.75,3,2,1,
trajectory_000000:8555,mutual,mutual.CO+T,superlevel,h0,0.9,1,5,4,
trajectory_000000:8555,mutual,mutual.CO+T,superlevel,h1,0.1,0,0,0,
trajectory_000000:8555,mutual,mutual.CO+T,superlevel,h1,0.25,2,2,0,
trajectory_000000:8555,mutual,mutual.CO+T,superlevel,h1,0.5,0,0,0,
trajectory_000000:8555,mutual,mutual.CO+T,superlevel,h1,0.75,0,3,3,
trajectory_000000:8555,mutual,mutual.CO+T,superlevel,h1,0.9,2,2,0,
trajectory_000000:8555,mutual,mutual.CO+T,superlevel,h0,0.1,10,6,4,
trajectory_000000:8555,mutual,mutual.CO+T,superlevel,h0,0.25,5,6,1,
trajectory_000000:8555,mutual,mutual.CO+T,superlevel,h0,0.5,1,1,0,
trajectory_000000:8555,mutual,mutual.CO+T,superlevel,h0,0.75,1,16,15,
trajectory_000000:8555,mutual,mutual.CO+T,superlevel,h0,0.9,1,16,15,
trajectory_000000:8555,mutual,mutual.CO+T,superlevel,h1,0.1,0,1,1,
trajectory_000000:8555,mutual,mutual.CO+T,superlevel,h1,0.25,2,1,1,
trajectory_000000:8555,mutual,mutual.CO+T,superlevel,h1,0.5,0,0,0,
trajectory_000000:8555,mutual,mutual.CO+T,superlevel,h1,0.75,98,0,98,
trajectory_000000:8555,mutual,mutual.CO+T,superlevel,h1,0.9,98,0,98,
trajectory_000000:8555,persistence_distance,topology.self.persistence,,,,,,,0.0028874920681118965
trajectory_000000:8555,persistence_distance,topology.mutual.persistence,,,,,,,0.001429075375199318
trajectory_000000:8555,persistence_distance,topology.component_weighted_total_before_outer_family_weight,,,,,,,0.0043165674433112144
trajectory_000000:8555,dimension_distance_diagnostic,topology.self.CO.h0,,,,,,,0.006256442982703447
trajectory_000000:8555,dimension_distance_diagnostic,topology.self.CO.h1,,,,,,,0.0009488406358286738
trajectory_000000:8555,dimension_distance_diagnostic,topology.self.T.h0,,,,,,,0.004118012264370918
trajectory_000000:8555,dimension_distance_diagnostic,topology.self.T.h1,,,,,,,0.00022667214216198772
trajectory_000000:8555,dimension_distance_diagnostic,topology.mutual.CO+T.h0,,,,,,,0.002136075869202614
trajectory_000000:8555,dimension_distance_diagnostic,topology.mutual.CO+T.h1,,,,,,,0.000722074939403683
trajectory_000000:8570,self,self.CO,sublevel,h0,0.1,3,3,0,
trajectory_000000:8570,self,self.CO,sublevel,h0,0.25,3,3,0,
trajectory_000000:8570,self,self.CO,sublevel,h0,0.5,3,2,1,
trajectory_000000:8570,self,self.CO,sublevel,h0,0.75,8,1,7,
trajectory_000000:8570,self,self.CO,sublevel,h0,0.9,1,1,0,
trajectory_000000:8570,self,self.CO,sublevel,h1,0.1,80,1,79,
trajectory_000000:8570,self,self.CO,sublevel,h1,0.25,80,1,79,
trajectory_000000:8570,self,self.CO,sublevel,h1,0.5,0,0,0,
trajectory_000000:8570,self,self.CO,sublevel,h1,0.75,4,1,3,
trajectory_000000:8570,self,self.CO,sublevel,h1,0.9,3,10,7,
trajectory_000000:8570,self,self.T,sublevel,h0,0.1,5,2,3,
trajectory_000000:8570,self,self.T,sublevel,h0,0.25,2,5,3,
trajectory_000000:8570,self,self.T,sublevel,h0,0.5,1,1,0,
trajectory_000000:8570,self,self.T,sublevel,h0,0.75,1,1,0,
trajectory_000000:8570,self,self.T,sublevel,h0,0.9,1,1,0,
trajectory_000000:8570,self,self.T,sublevel,h1,0.1,0,1,1,
trajectory_000000:8570,self,self.T,sublevel,h1,0.25,0,0,0,
trajectory_000000:8570,self,self.T,sublevel,h1,0.5,0,0,0,
trajectory_000000:8570,self,self.T,sublevel,h1,0.75,3,2,1,
trajectory_000000:8570,self,self.T,sublevel,h1,0.9,1,8,7,
trajectory_000000:8570,mutual,mutual.CO+T,sublevel,h0,0.1,5,2,3,
trajectory_000000:8570,mutual,mutual.CO+T,sublevel,h0,0.25,2,5,3,
trajectory_000000:8570,mutual,mutual.CO+T,sublevel,h0,0.5,1,1,0,
trajectory_000000:8570,mutual,mutual.CO+T,sublevel,h0,0.75,15,10,5,
trajectory_000000:8570,mutual,mutual.CO+T,sublevel,h0,0.9,1,1,0,
trajectory_000000:8570,mutual,mutual.CO+T,sublevel,h1,0.1,0,1,1,
trajectory_000000:8570,mutual,mutual.CO+T,sublevel,h1,0.25,0,0,0,
trajectory_000000:8570,mutual,mutual.CO+T,sublevel,h1,0.5,0,0,0,
trajectory_000000:8570,mutual,mutual.CO+T,sublevel,h1,0.75,1,6,5,
trajectory_000000:8570,mutual,mutual.CO+T,sublevel,h1,0.9,6,12,6,
trajectory_000000:8570,mutual,mutual.CO+T,sublevel,h0,0.1,3,3,0,
trajectory_000000:8570,mutual,mutual.CO+T,sublevel,h0,0.25,3,3,0,
trajectory_000000:8570,mutual,mutual.CO+T,sublevel,h0,0.5,1,1,0,
trajectory_000000:8570,mutual,mutual.CO+T,sublevel,h0,0.75,16,11,5,
trajectory_000000:8570,mutual,mutual.CO+T,sublevel,h0,0.9,1,1,0,
trajectory_000000:8570,mutual,mutual.CO+T,sublevel,h1,0.1,80,1,79,
trajectory_000000:8570,mutual,mutual.CO+T,sublevel,h1,0.25,80,1,79,
trajectory_000000:8570,mutual,mutual.CO+T,sublevel,h1,0.5,0,0,0,
trajectory_000000:8570,mutual,mutual.CO+T,sublevel,h1,0.75,1,5,4,
trajectory_000000:8570,mutual,mutual.CO+T,sublevel,h1,0.9,7,12,5,
trajectory_000000:8570,mutual,mutual.CO+T,sublevel,h0,0.1,5,2,3,
trajectory_000000:8570,mutual,mutual.CO+T,sublevel,h0,0.25,2,5,3,
trajectory_000000:8570,mutual,mutual.CO+T,sublevel,h0,0.5,1,1,0,
trajectory_000000:8570,mutual,mutual.CO+T,sublevel,h0,0.75,8,1,7,
trajectory_000000:8570,mutual,mutual.CO+T,sublevel,h0,0.9,1,1,0,
trajectory_000000:8570,mutual,mutual.CO+T,sublevel,h1,0.1,0,1,1,
trajectory_000000:8570,mutual,mutual.CO+T,sublevel,h1,0.25,0,0,0,
trajectory_000000:8570,mutual,mutual.CO+T,sublevel,h1,0.5,0,0,0,
trajectory_000000:8570,mutual,mutual.CO+T,sublevel,h1,0.75,4,1,3,
trajectory_000000:8570,mutual,mutual.CO+T,sublevel,h1,0.9,3,10,7,
trajectory_000000:8570,self,self.CO,superlevel,h0,0.1,6,13,7,
trajectory_000000:8570,self,self.CO,superlevel,h0,0.25,5,2,3,
trajectory_000000:8570,self,self.CO,superlevel,h0,0.5,1,1,0,
trajectory_000000:8570,self,self.CO,superlevel,h0,0.75,1,9,8,
trajectory_000000:8570,self,self.CO,superlevel,h0,0.9,1,9,8,
trajectory_000000:8570,self,self.CO,superlevel,h1,0.1,0,0,0,
trajectory_000000:8570,self,self.CO,superlevel,h1,0.25,6,0,6,
trajectory_000000:8570,self,self.CO,superlevel,h1,0.5,0,0,0,
trajectory_000000:8570,self,self.CO,superlevel,h1,0.75,86,1,85,
trajectory_000000:8570,self,self.CO,superlevel,h1,0.9,86,1,85,
trajectory_000000:8570,self,self.T,superlevel,h0,0.1,2,8,6,
trajectory_000000:8570,self,self.T,superlevel,h0,0.25,4,4,0,
trajectory_000000:8570,self,self.T,superlevel,h0,0.5,1,1,0,
trajectory_000000:8570,self,self.T,superlevel,h0,0.75,2,2,0,
trajectory_000000:8570,self,self.T,superlevel,h0,0.9,1,3,2,
trajectory_000000:8570,self,self.T,superlevel,h1,0.1,0,0,0,
trajectory_000000:8570,self,self.T,superlevel,h1,0.25,0,0,0,
trajectory_000000:8570,self,self.T,superlevel,h1,0.5,0,0,0,
trajectory_000000:8570,self,self.T,superlevel,h1,0.75,0,3,3,
trajectory_000000:8570,self,self.T,superlevel,h1,0.9,1,0,1,
trajectory_000000:8570,mutual,mutual.CO+T,superlevel,h0,0.1,4,5,1,
trajectory_000000:8570,mutual,mutual.CO+T,superlevel,h0,0.25,1,2,1,
trajectory_000000:8570,mutual,mutual.CO+T,superlevel,h0,0.5,1,1,0,
trajectory_000000:8570,mutual,mutual.CO+T,superlevel,h0,0.75,2,2,0,
trajectory_000000:8570,mutual,mutual.CO+T,superlevel,h0,0.9,1,3,2,
trajectory_000000:8570,mutual,mutual.CO+T,superlevel,h1,0.1,2,1,1,
trajectory_000000:8570,mutual,mutual.CO+T,superlevel,h1,0.25,0,0,0,
trajectory_000000:8570,mutual,mutual.CO+T,superlevel,h1,0.5,0,0,0,
trajectory_000000:8570,mutual,mutual.CO+T,superlevel,h1,0.75,0,3,3,
trajectory_000000:8570,mutual,mutual.CO+T,superlevel,h1,0.9,1,0,1,
trajectory_000000:8570,mutual,mutual.CO+T,superlevel,h0,0.1,9,12,3,
trajectory_000000:8570,mutual,mutual.CO+T,superlevel,h0,0.25,4,3,1,
trajectory_000000:8570,mutual,mutual.CO+T,superlevel,h0,0.5,1,1,0,
trajectory_000000:8570,mutual,mutual.CO+T,superlevel,h0,0.75,2,2,0,
trajectory_000000:8570,mutual,mutual.CO+T,superlevel,h0,0.9,1,3,2,
trajectory_000000:8570,mutual,mutual.CO+T,superlevel,h1,0.1,1,3,2,
trajectory_000000:8570,mutual,mutual.CO+T,superlevel,h1,0.25,3,2,1,
trajectory_000000:8570,mutual,mutual.CO+T,superlevel,h1,0.5,0,0,0,
trajectory_000000:8570,mutual,mutual.CO+T,superlevel,h1,0.75,0,3,3,
trajectory_000000:8570,mutual,mutual.CO+T,superlevel,h1,0.9,1,0,1,
trajectory_000000:8570,mutual,mutual.CO+T,superlevel,h0,0.1,12,6,6,
trajectory_000000:8570,mutual,mutual.CO+T,superlevel,h0,0.25,6,4,2,
trajectory_000000:8570,mutual,mutual.CO+T,superlevel,h0,0.5,1,1,0,
trajectory_000000:8570,mutual,mutual.CO+T,superlevel,h0,0.75,1,9,8,
trajectory_000000:8570,mutual,mutual.CO+T,superlevel,h0,0.9,1,9,8,
trajectory_000000:8570,mutual,mutual.CO+T,superlevel,h1,0.1,1,1,0,
trajectory_000000:8570,mutual,mutual.CO+T,superlevel,h1,0.25,4,2,2,
trajectory_000000:8570,mutual,mutual.CO+T,superlevel,h1,0.5,0,0,0,
trajectory_000000:8570,mutual,mutual.CO+T,superlevel,h1,0.75,86,1,85,
trajectory_000000:8570,mutual,mutual.CO+T,superlevel,h1,0.9,86,1,85,
trajectory_000000:8570,persistence_distance,topology.self.persistence,,,,,,,0.0030005457811057568
trajectory_000000:8570,persistence_distance,topology.mutual.persistence,,,,,,,0.0011970362393185496
trajectory_000000:8570,persistence_distance,topology.component_weighted_total_before_outer_family_weight,,,,,,,0.004197582136839628
trajectory_000000:8570,dimension_distance_diagnostic,topology.self.CO.h0,,,,,,,0.009038839489221573
trajectory_000000:8570,dimension_distance_diagnostic,topology.self.CO.h1,,,,,,,0.000888489477802068
trajectory_000000:8570,dimension_distance_diagnostic,topology.self.T.h0,,,,,,,0.0019501007627695799
trajectory_000000:8570,dimension_distance_diagnostic,topology.self.T.h1,,,,,,,0.0001247526379302144
trajectory_000000:8570,dimension_distance_diagnostic,topology.mutual.CO+T.h0,,,,,,,0.0016686501912772655
trajectory_000000:8570,dimension_distance_diagnostic,topology.mutual.CO+T.h1,,,,,,,0.0007254224619828165
trajectory_000000:8586,self,self.CO,sublevel,h0,0.1,4,7,3,
trajectory_000000:8586,self,self.CO,sublevel,h0,0.25,4,7,3,
trajectory_000000:8586,self,self.CO,sublevel,h0,0.5,4,2,2,
trajectory_000000:8586,self,self.CO,sublevel,h0,0.75,3,2,1,
trajectory_000000:8586,self,self.CO,sublevel,h0,0.9,1,1,0,
trajectory_000000:8586,self,self.CO,sublevel,h1,0.1,76,3,73,
trajectory_000000:8586,self,self.CO,sublevel,h1,0.25,76,3,73,
trajectory_000000:8586,self,self.CO,sublevel,h1,0.5,1,0,1,
trajectory_000000:8586,self,self.CO,sublevel,h1,0.75,3,2,1,
trajectory_000000:8586,self,self.CO,sublevel,h1,0.9,8,4,4,
trajectory_000000:8586,self,self.T,sublevel,h0,0.1,5,6,1,
trajectory_000000:8586,self,self.T,sublevel,h0,0.25,3,2,1,
trajectory_000000:8586,self,self.T,sublevel,h0,0.5,2,1,1,
trajectory_000000:8586,self,self.T,sublevel,h0,0.75,1,1,0,
trajectory_000000:8586,self,self.T,sublevel,h0,0.9,2,1,1,
trajectory_000000:8586,self,self.T,sublevel,h1,0.1,0,2,2,
trajectory_000000:8586,self,self.T,sublevel,h1,0.25,0,0,0,
trajectory_000000:8586,self,self.T,sublevel,h1,0.5,0,0,0,
trajectory_000000:8586,self,self.T,sublevel,h1,0.75,3,0,3,
trajectory_000000:8586,self,self.T,sublevel,h1,0.9,6,5,1,
trajectory_000000:8586,mutual,mutual.CO+T,sublevel,h0,0.1,5,6,1,
trajectory_000000:8586,mutual,mutual.CO+T,sublevel,h0,0.25,3,2,1,
trajectory_000000:8586,mutual,mutual.CO+T,sublevel,h0,0.5,2,1,1,
trajectory_000000:8586,mutual,mutual.CO+T,sublevel,h0,0.75,3,5,2,
trajectory_000000:8586,mutual,mutual.CO+T,sublevel,h0,0.9,1,1,0,
trajectory_000000:8586,mutual,mutual.CO+T,sublevel,h1,0.1,0,2,2,
trajectory_000000:8586,mutual,mutual.CO+T,sublevel,h1,0.25,0,0,0,
trajectory_000000:8586,mutual,mutual.CO+T,sublevel,h1,0.5,0,0,0,
trajectory_000000:8586,mutual,mutual.CO+T,sublevel,h1,0.75,6,3,3,
trajectory_000000:8586,mutual,mutual.CO+T,sublevel,h1,0.9,8,4,4,
trajectory_000000:8586,mutual,mutual.CO+T,sublevel,h0,0.1,4,7,3,
trajectory_000000:8586,mutual,mutual.CO+T,sublevel,h0,0.25,4,7,3,
trajectory_000000:8586,mutual,mutual.CO+T,sublevel,h0,0.5,2,1,1,
trajectory_000000:8586,mutual,mutual.CO+T,sublevel,h0,0.75,5,6,1,
trajectory_000000:8586,mutual,mutual.CO+T,sublevel,h0,0.9,1,1,0,
trajectory_000000:8586,mutual,mutual.CO+T,sublevel,h1,0.1,76,3,73,
trajectory_000000:8586,mutual,mutual.CO+T,sublevel,h1,0.25,76,3,73,
trajectory_000000:8586,mutual,mutual.CO+T,sublevel,h1,0.5,0,0,0,
trajectory_000000:8586,mutual,mutual.CO+T,sublevel,h1,0.75,6,2,4,
trajectory_000000:8586,mutual,mutual.CO+T,sublevel,h1,0.9,8,4,4,
trajectory_000000:8586,mutual,mutual.CO+T,sublevel,h0,0.1,5,6,1,
trajectory_000000:8586,mutual,mutual.CO+T,sublevel,h0,0.25,3,2,1,
trajectory_000000:8586,mutual,mutual.CO+T,sublevel,h0,0.5,2,1,1,
trajectory_000000:8586,mutual,mutual.CO+T,sublevel,h0,0.75,3,2,1,
trajectory_000000:8586,mutual,mutual.CO+T,sublevel,h0,0.9,1,1,0,
trajectory_000000:8586,mutual,mutual.CO+T,sublevel,h1,0.1,0,2,2,
trajectory_000000:8586,mutual,mutual.CO+T,sublevel,h1,0.25,0,0,0,
trajectory_000000:8586,mutual,mutual.CO+T,sublevel,h1,0.5,0,0,0,
trajectory_000000:8586,mutual,mutual.CO+T,sublevel,h1,0.75,3,2,1,
trajectory_000000:8586,mutual,mutual.CO+T,sublevel,h1,0.9,8,4,4,
trajectory_000000:8586,self,self.CO,superlevel,h0,0.1,13,9,4,
trajectory_000000:8586,self,self.CO,superlevel,h0,0.25,10,5,5,
trajectory_000000:8586,self,self.CO,superlevel,h0,0.5,2,1,1,
trajectory_000000:8586,self,self.CO,superlevel,h0,0.75,1,8,7,
trajectory_000000:8586,self,self.CO,superlevel,h0,0.9,1,8,7,
trajectory_000000:8586,self,self.CO,superlevel,h1,0.1,0,0,0,
trajectory_000000:8586,self,self.CO,superlevel,h1,0.25,0,1,1,
trajectory_000000:8586,self,self.CO,superlevel,h1,0.5,0,0,0,
trajectory_000000:8586,self,self.CO,superlevel,h1,0.75,1,6,5,
trajectory_000000:8586,self,self.CO,superlevel,h1,0.9,1,6,5,
trajectory_000000:8586,self,self.T,superlevel,h0,0.1,8,5,3,
trajectory_000000:8586,self,self.T,superlevel,h0,0.25,5,1,4,
trajectory_000000:8586,self,self.T,superlevel,h0,0.5,1,1,0,
trajectory_000000:8586,self,self.T,superlevel,h0,0.75,2,4,2,
trajectory_000000:8586,self,self.T,superlevel,h0,0.9,1,6,5,
trajectory_000000:8586,self,self.T,superlevel,h1,0.1,1,0,1,
trajectory_000000:8586,self,self.T,superlevel,h1,0.25,0,0,0,
trajectory_000000:8586,self,self.T,superlevel,h1,0.5,0,0,0,
trajectory_000000:8586,self,self.T,superlevel,h1,0.75,1,0,1,
trajectory_000000:8586,self,self.T,superlevel,h1,0.9,3,5,2,
trajectory_000000:8586,mutual,mutual.CO+T,superlevel,h0,0.1,7,4,3,
trajectory_000000:8586,mutual,mutual.CO+T,superlevel,h0,0.25,2,1,1,
trajectory_000000:8586,mutual,mutual.CO+T,superlevel,h0,0.5,1,1,0,
trajectory_000000:8586,mutual,mutual.CO+T,superlevel,h0,0.75,2,4,2,
trajectory_000000:8586,mutual,mutual.CO+T,superlevel,h0,0.9,1,6,5,
trajectory_000000:8586,mutual,mutual.CO+T,superlevel,h1,0.1,1,0,1,
trajectory_000000:8586,mutual,mutual.CO+T,superlevel,h1,0.25,0,0,0,
trajectory_000000:8586,mutual,mutual.CO+T,superlevel,h1,0.5,0,0,0,
trajectory_000000:8586,mutual,mutual.CO+T,superlevel,h1,0.75,1,0,1,
trajectory_000000:8586,mutual,mutual.CO+T,superlevel,h1,0.9,3,5,2,
trajectory_000000:8586,mutual,mutual.CO+T,superlevel,h0,0.1,9,8,1,
trajectory_000000:8586,mutual,mutual.CO+T,superlevel,h0,0.25,9,3,6,
trajectory_000000:8586,mutual,mutual.CO+T,superlevel,h0,0.5,1,1,0,
trajectory_000000:8586,mutual,mutual.CO+T,superlevel,h0,0.75,2,4,2,
trajectory_000000:8586,mutual,mutual.CO+T,superlevel,h0,0.9,1,6,5,
trajectory_000000:8586,mutual,mutual.CO+T,superlevel,h1,0.1,1,0,1,
trajectory_000000:8586,mutual,mutual.CO+T,superlevel,h1,0.25,0,2,2,
trajectory_000000:8586,mutual,mutual.CO+T,superlevel,h1,0.5,0,0,0,
trajectory_000000:8586,mutual,mutual.CO+T,superlevel,h1,0.75,1,0,1,
trajectory_000000:8586,mutual,mutual.CO+T,superlevel,h1,0.9,3,5,2,
trajectory_000000:8586,mutual,mutual.CO+T,superlevel,h0,0.1,7,7,0,
trajectory_000000:8586,mutual,mutual.CO+T,superlevel,h0,0.25,12,4,8,
trajectory_000000:8586,mutual,mutual.CO+T,superlevel,h0,0.5,2,1,1,
trajectory_000000:8586,mutual,mutual.CO+T,superlevel,h0,0.75,1,8,7,
trajectory_000000:8586,mutual,mutual.CO+T,superlevel,h0,0.9,1,8,7,
trajectory_000000:8586,mutual,mutual.CO+T,superlevel,h1,0.1,0,0,0,
trajectory_000000:8586,mutual,mutual.CO+T,superlevel,h1,0.25,0,1,1,
trajectory_000000:8586,mutual,mutual.CO+T,superlevel,h1,0.5,0,0,0,
trajectory_000000:8586,mutual,mutual.CO+T,superlevel,h1,0.75,1,6,5,
trajectory_000000:8586,mutual,mutual.CO+T,superlevel,h1,0.9,1,6,5,
trajectory_000000:8586,persistence_distance,topology.self.persistence,,,,,,,0.0024021496064960957
trajectory_000000:8586,persistence_distance,topology.mutual.persistence,,,,,,,0.0015751008177176118
trajectory_000000:8586,persistence_distance,topology.component_weighted_total_before_outer_family_weight,,,,,,,0.003977250307798386
trajectory_000000:8586,dimension_distance_diagnostic,topology.self.CO.h0,,,,,,,0.006861919537186623
trajectory_000000:8586,dimension_distance_diagnostic,topology.self.CO.h1,,,,,,,0.0007970430888235569
trajectory_000000:8586,dimension_distance_diagnostic,topology.self.T.h0,,,,,,,0.001855048001743853
trajectory_000000:8586,dimension_distance_diagnostic,topology.self.T.h1,,,,,,,9.458791464567184e-05
trajectory_000000:8586,dimension_distance_diagnostic,topology.mutual.CO+T.h0,,,,,,,0.0025063243228942156
trajectory_000000:8586,dimension_distance_diagnostic,topology.mutual.CO+T.h1,,,,,,,0.000643877312541008
trajectory_000000:8602,self,self.CO,sublevel,h0,0.1,1,13,12,
trajectory_000000:8602,self,self.CO,sublevel,h0,0.25,1,13,12,
trajectory_000000:8602,self,self.CO,sublevel,h0,0.5,9,7,2,
trajectory_000000:8602,self,self.CO,sublevel,h0,0.75,4,2,2,
trajectory_000000:8602,self,self.CO,sublevel,h0,0.9,2,2,0,
trajectory_000000:8602,self,self.CO,sublevel,h1,0.1,0,2,2,
trajectory_000000:8602,self,self.CO,sublevel,h1,0.25,0,2,2,
trajectory_000000:8602,self,self.CO,sublevel,h1,0.5,0,0,0,
trajectory_000000:8602,self,self.CO,sublevel,h1,0.75,4,3,1,
trajectory_000000:8602,self,self.CO,sublevel,h1,0.9,7,2,5,
trajectory_000000:8602,self,self.T,sublevel,h0,0.1,4,2,2,
trajectory_000000:8602,self,self.T,sublevel,h0,0.25,5,1,4,
trajectory_000000:8602,self,self.T,sublevel,h0,0.5,10,6,4,
trajectory_000000:8602,self,self.T,sublevel,h0,0.75,1,2,1,
trajectory_000000:8602,self,self.T,sublevel,h0,0.9,2,2,0,
trajectory_000000:8602,self,self.T,sublevel,h1,0.1,2,2,0,
trajectory_000000:8602,self,self.T,sublevel,h1,0.25,0,1,1,
trajectory_000000:8602,self,self.T,sublevel,h1,0.5,0,0,0,
trajectory_000000:8602,self,self.T,sublevel,h1,0.75,1,0,1,
trajectory_000000:8602,self,self.T,sublevel,h1,0.9,2,4,2,
trajectory_000000:8602,mutual,mutual.CO+T,sublevel,h0,0.1,4,2,2,
trajectory_000000:8602,mutual,mutual.CO+T,sublevel,h0,0.25,5,1,4,
trajectory_000000:8602,mutual,mutual.CO+T,sublevel,h0,0.5,12,7,5,
trajectory_000000:8602,mutual,mutual.CO+T,sublevel,h0,0.75,10,5,5,
trajectory_000000:8602,mutual,mutual.CO+T,sublevel,h0,0.9,2,2,0,
trajectory_000000:8602,mutual,mutual.CO+T,sublevel,h1,0.1,2,2,0,
trajectory_000000:8602,mutual,mutual.CO+T,sublevel,h1,0.25,0,1,1,
trajectory_000000:8602,mutual,mutual.CO+T,sublevel,h1,0.5,0,0,0,
trajectory_000000:8602,mutual,mutual.CO+T,sublevel,h1,0.75,4,4,0,
trajectory_000000:8602,mutual,mutual.CO+T,sublevel,h1,0.9,7,2,5,
trajectory_000000:8602,mutual,mutual.CO+T,sublevel,h0,0.1,1,13,12,
trajectory_000000:8602,mutual,mutual.CO+T,sublevel,h0,0.25,1,13,12,
trajectory_000000:8602,mutual,mutual.CO+T,sublevel,h0,0.5,21,14,7,
trajectory_000000:8602,mutual,mutual.CO+T,sublevel,h0,0.75,13,5,8,
trajectory_000000:8602,mutual,mutual.CO+T,sublevel,h0,0.9,2,2,0,
trajectory_000000:8602,mutual,mutual.CO+T,sublevel,h1,0.1,0,2,2,
trajectory_000000:8602,mutual,mutual.CO+T,sublevel,h1,0.25,0,2,2,
trajectory_000000:8602,mutual,mutual.CO+T,sublevel,h1,0.5,0,0,0,
trajectory_000000:8602,mutual,mutual.CO+T,sublevel,h1,0.75,4,4,0,
trajectory_000000:8602,mutual,mutual.CO+T,sublevel,h1,0.9,7,2,5,
trajectory_000000:8602,mutual,mutual.CO+T,sublevel,h0,0.1,4,2,2,
trajectory_000000:8602,mutual,mutual.CO+T,sublevel,h0,0.25,5,1,4,
trajectory_000000:8602,mutual,mutual.CO+T,sublevel,h0,0.5,19,15,4,
trajectory_000000:8602,mutual,mutual.CO+T,sublevel,h0,0.75,4,2,2,
trajectory_000000:8602,mutual,mutual.CO+T,sublevel,h0,0.9,2,2,0,
trajectory_000000:8602,mutual,mutual.CO+T,sublevel,h1,0.1,2,2,0,
trajectory_000000:8602,mutual,mutual.CO+T,sublevel,h1,0.25,0,1,1,
trajectory_000000:8602,mutual,mutual.CO+T,sublevel,h1,0.5,0,0,0,
trajectory_000000:8602,mutual,mutual.CO+T,sublevel,h1,0.75,4,3,1,
trajectory_000000:8602,mutual,mutual.CO+T,sublevel,h1,0.9,7,2,5,
trajectory_000000:8602,self,self.CO,superlevel,h0,0.1,9,4,5,
trajectory_000000:8602,self,self.CO,superlevel,h0,0.25,7,4,3,
trajectory_000000:8602,self,self.CO,superlevel,h0,0.5,1,1,0,
trajectory_000000:8602,self,self.CO,superlevel,h0,0.75,1,6,5,
trajectory_000000:8602,self,self.CO,superlevel,h0,0.9,1,6,5,
trajectory_000000:8602,self,self.CO,superlevel,h1,0.1,1,0,1,
trajectory_000000:8602,self,self.CO,superlevel,h1,0.25,3,1,2,
trajectory_000000:8602,self,self.CO,superlevel,h1,0.5,1,2,1,
trajectory_000000:8602,self,self.CO,superlevel,h1,0.75,79,8,71,
trajectory_000000:8602,self,self.CO,superlevel,h1,0.9,79,8,71,
trajectory_000000:8602,self,self.T,superlevel,h0,0.1,4,4,0,
trajectory_000000:8602,self,self.T,superlevel,h0,0.25,3,1,2,
trajectory_000000:8602,self,self.T,superlevel,h0,0.5,1,1,0,
trajectory_000000:8602,self,self.T,superlevel,h0,0.75,1,4,3,
trajectory_000000:8602,self,self.T,superlevel,h0,0.9,3,7,4,
trajectory_000000:8602,self,self.T,superlevel,h1,0.1,0,0,0,
trajectory_000000:8602,self,self.T,superlevel,h1,0.25,0,0,0,
trajectory_000000:8602,self,self.T,superlevel,h1,0.5,0,0,0,
trajectory_000000:8602,self,self.T,superlevel,h1,0.75,1,0,1,
trajectory_000000:8602,self,self.T,superlevel,h1,0.9,1,0,1,
trajectory_000000:8602,mutual,mutual.CO+T,superlevel,h0,0.1,5,5,0,
trajectory_000000:8602,mutual,mutual.CO+T,superlevel,h0,0.25,1,2,1,
trajectory_000000:8602,mutual,mutual.CO+T,superlevel,h0,0.5,1,1,0,
trajectory_000000:8602,mutual,mutual.CO+T,superlevel,h0,0.75,1,4,3,
trajectory_000000:8602,mutual,mutual.CO+T,superlevel,h0,0.9,3,7,4,
trajectory_000000:8602,mutual,mutual.CO+T,superlevel,h1,0.1,0,0,0,
trajectory_000000:8602,mutual,mutual.CO+T,superlevel,h1,0.25,0,0,0,
trajectory_000000:8602,mutual,mutual.CO+T,superlevel,h1,0.5,0,0,0,
trajectory_000000:8602,mutual,mutual.CO+T,superlevel,h1,0.75,1,0,1,
trajectory_000000:8602,mutual,mutual.CO+T,superlevel,h1,0.9,1,0,1,
trajectory_000000:8602,mutual,mutual.CO+T,superlevel,h0,0.1,8,10,2,
trajectory_000000:8602,mutual,mutual.CO+T,superlevel,h0,0.25,6,4,2,
trajectory_000000:8602,mutual,mutual.CO+T,superlevel,h0,0.5,1,1,0,
trajectory_000000:8602,mutual,mutual.CO+T,superlevel,h0,0.75,1,4,3,
trajectory_000000:8602,mutual,mutual.CO+T,superlevel,h0,0.9,3,7,4,
trajectory_000000:8602,mutual,mutual.CO+T,superlevel,h1,0.1,0,0,0,
trajectory_000000:8602,mutual,mutual.CO+T,superlevel,h1,0.25,3,2,1,
trajectory_000000:8602,mutual,mutual.CO+T,superlevel,h1,0.5,0,0,0,
trajectory_000000:8602,mutual,mutual.CO+T,superlevel,h1,0.75,1,0,1,
trajectory_000000:8602,mutual,mutual.CO+T,superlevel,h1,0.9,1,0,1,
trajectory_000000:8602,mutual,mutual.CO+T,superlevel,h0,0.1,12,8,4,
trajectory_000000:8602,mutual,mutual.CO+T,superlevel,h0,0.25,6,5,1,
trajectory_000000:8602,mutual,mutual.CO+T,superlevel,h0,0.5,1,1,0,
trajectory_000000:8602,mutual,mutual.CO+T,superlevel,h0,0.75,1,6,5,
trajectory_000000:8602,mutual,mutual.CO+T,superlevel,h0,0.9,1,6,5,
trajectory_000000:8602,mutual,mutual.CO+T,superlevel,h1,0.1,0,0,0,
trajectory_000000:8602,mutual,mutual.CO+T,superlevel,h1,0.25,4,3,1,
trajectory_000000:8602,mutual,mutual.CO+T,superlevel,h1,0.5,1,2,1,
trajectory_000000:8602,mutual,mutual.CO+T,superlevel,h1,0.75,79,8,71,
trajectory_000000:8602,mutual,mutual.CO+T,superlevel,h1,0.9,79,8,71,
trajectory_000000:8602,persistence_distance,topology.self.persistence,,,,,,,0.0033704056404531
trajectory_000000:8602,persistence_distance,topology.mutual.persistence,,,,,,,0.0013942440273240209
trajectory_000000:8602,persistence_distance,topology.component_weighted_total_before_outer_family_weight,,,,,,,0.004764649551361799
trajectory_000000:8602,dimension_distance_diagnostic,topology.self.CO.h0,,,,,,,0.010641985572874546
trajectory_000000:8602,dimension_distance_diagnostic,topology.self.CO.h1,,,,,,,0.0010846765944734216
trajectory_000000:8602,dimension_distance_diagnostic,topology.self.T.h0,,,,,,,0.0016579236835241318
trajectory_000000:8602,dimension_distance_diagnostic,topology.self.T.h1,,,,,,,9.7036907391157e-05
trajectory_000000:8602,dimension_distance_diagnostic,topology.mutual.CO+T.h0,,,,,,,0.001908104051835835
trajectory_000000:8602,dimension_distance_diagnostic,topology.mutual.CO+T.h1,,,,,,,0.0008803841192275286
trajectory_000000:8618,self,self.CO,sublevel,h0,0.1,4,6,2,
trajectory_000000:8618,self,self.CO,sublevel,h0,0.25,4,6,2,
trajectory_000000:8618,self,self.CO,sublevel,h0,0.5,9,6,3,
trajectory_000000:8618,self,self.CO,sublevel,h0,0.75,8,1,7,
trajectory_000000:8618,self,self.CO,sublevel,h0,0.9,1,2,1,
trajectory_000000:8618,self,self.CO,sublevel,h1,0.1,80,0,80,
trajectory_000000:8618,self,self.CO,sublevel,h1,0.25,80,0,80,
trajectory_000000:8618,self,self.CO,sublevel,h1,0.5,0,0,0,
trajectory_000000:8618,self,self.CO,sublevel,h1,0.75,2,2,0,
trajectory_000000:8618,self,self.CO,sublevel,h1,0.9,8,3,5,
trajectory_000000:8618,self,self.T,sublevel,h0,0.1,3,1,2,
trajectory_000000:8618,self,self.T,sublevel,h0,0.25,4,1,3,
trajectory_000000:8618,self,self.T,sublevel,h0,0.5,7,9,2,
trajectory_000000:8618,self,self.T,sublevel,h0,0.75,2,1,1,
trajectory_000000:8618,self,self.T,sublevel,h0,0.9,1,1,0,
trajectory_000000:8618,self,self.T,sublevel,h1,0.1,0,0,0,
trajectory_000000:8618,self,self.T,sublevel,h1,0.25,1,0,1,
trajectory_000000:8618,self,self.T,sublevel,h1,0.5,0,0,0,
trajectory_000000:8618,self,self.T,sublevel,h1,0.75,1,0,1,
trajectory_000000:8618,self,self.T,sublevel,h1,0.9,6,1,5,
trajectory_000000:8618,mutual,mutual.CO+T,sublevel,h0,0.1,3,1,2,
trajectory_000000:8618,mutual,mutual.CO+T,sublevel,h0,0.25,4,1,3,
trajectory_000000:8618,mutual,mutual.CO+T,sublevel,h0,0.5,7,9,2,
trajectory_000000:8618,mutual,mutual.CO+T,sublevel,h0,0.75,16,8,8,
trajectory_000000:8618,mutual,mutual.CO+T,sublevel,h0,0.9,1,1,0,
trajectory_000000:8618,mutual,mutual.CO+T,sublevel,h1,0.1,0,0,0,
trajectory_000000:8618,mutual,mutual.CO+T,sublevel,h1,0.25,1,0,1,
trajectory_000000:8618,mutual,mutual.CO+T,sublevel,h1,0.5,0,0,0,
trajectory_000000:8618,mutual,mutual.CO+T,sublevel,h1,0.75,7,3,4,
trajectory_000000:8618,mutual,mutual.CO+T,sublevel,h1,0.9,10,3,7,
trajectory_000000:8618,mutual,mutual.CO+T,sublevel,h0,0.1,4,6,2,
trajectory_000000:8618,mutual,mutual.CO+T,sublevel,h0,0.25,4,6,2,
trajectory_000000:8618,mutual,mutual.CO+T,sublevel,h0,0.5,10,14,4,
trajectory_000000:8618,mutual,mutual.CO+T,sublevel,h0,0.75,13,6,7,
trajectory_000000:8618,mutual,mutual.CO+T,sublevel,h0,0.9,1,1,0,
trajectory_000000:8618,mutual,mutual.CO+T,sublevel,h1,0.1,80,0,80,
trajectory_000000:8618,mutual,mutual.CO+T,sublevel,h1,0.25,80,0,80,
trajectory_000000:8618,mutual,mutual.CO+T,sublevel,h1,0.5,0,0,0,
trajectory_000000:8618,mutual,mutual.CO+T,sublevel,h1,0.75,8,2,6,
trajectory_000000:8618,mutual,mutual.CO+T,sublevel,h1,0.9,10,3,7,
trajectory_000000:8618,mutual,mutual.CO+T,sublevel,h0,0.1,3,1,2,
trajectory_000000:8618,mutual,mutual.CO+T,sublevel,h0,0.25,4,1,3,
trajectory_000000:8618,mutual,mutual.CO+T,sublevel,h0,0.5,11,19,8,
trajectory_000000:8618,mutual,mutual.CO+T,sublevel,h0,0.75,8,1,7,
trajectory_000000:8618,mutual,mutual.CO+T,sublevel,h0,0.9,1,2,1,
trajectory_000000:8618,mutual,mutual.CO+T,sublevel,h1,0.1,0,0,0,
trajectory_000000:8618,mutual,mutual.CO+T,sublevel,h1,0.25,1,0,1,
trajectory_000000:8618,mutual,mutual.CO+T,sublevel,h1,0.5,0,0,0,
trajectory_000000:8618,mutual,mutual.CO+T,sublevel,h1,0.75,2,2,0,
trajectory_000000:8618,mutual,mutual.CO+T,sublevel,h1,0.9,8,3,5,
trajectory_000000:8618,self,self.CO,superlevel,h0,0.1,10,4,6,
trajectory_000000:8618,self,self.CO,superlevel,h0,0.25,5,3,2,
trajectory_000000:8618,self,self.CO,superlevel,h0,0.5,1,1,0,
trajectory_000000:8618,self,self.CO,superlevel,h0,0.75,1,1,0,
trajectory_000000:8618,self,self.CO,superlevel,h0,0.9,1,1,0,
trajectory_000000:8618,self,self.CO,superlevel,h1,0.1,0,0,0,
trajectory_000000:8618,self,self.CO,superlevel,h1,0.25,5,0,5,
trajectory_000000:8618,self,self.CO,superlevel,h1,0.5,3,0,3,
trajectory_000000:8618,self,self.CO,superlevel,h1,0.75,1,6,5,
trajectory_000000:8618,self,self.CO,superlevel,h1,0.9,1,6,5,
trajectory_000000:8618,self,self.T,superlevel,h0,0.1,7,1,6,
trajectory_000000:8618,self,self.T,superlevel,h0,0.25,3,1,2,
trajectory_000000:8618,self,self.T,superlevel,h0,0.5,1,1,0,
trajectory_000000:8618,self,self.T,superlevel,h0,0.75,5,2,3,
trajectory_000000:8618,self,self.T,superlevel,h0,0.9,1,2,1,
trajectory_000000:8618,self,self.T,superlevel,h1,0.1,0,0,0,
trajectory_000000:8618,self,self.T,superlevel,h1,0.25,1,0,1,
trajectory_000000:8618,self,self.T,superlevel,h1,0.5,0,0,0,
trajectory_000000:8618,self,self.T,superlevel,h1,0.75,1,0,1,
trajectory_000000:8618,self,self.T,superlevel,h1,0.9,0,0,0,
trajectory_000000:8618,mutual,mutual.CO+T,superlevel,h0,0.1,6,2,4,
trajectory_000000:8618,mutual,mutual.CO+T,superlevel,h0,0.25,4,3,1,
trajectory_000000:8618,mutual,mutual.CO+T,superlevel,h0,0.5,1,1,0,
trajectory_000000:8618,mutual,mutual.CO+T,superlevel,h0,0.75,5,2,3,
trajectory_000000:8618,mutual,mutual.CO+T,superlevel,h0,0.9,1,2,1,
trajectory_000000:8618,mutual,mutual.CO+T,superlevel,h1,0.1,0,1,1,
trajectory_000000:8618,mutual,mutual.CO+T,superlevel,h1,0.25,0,0,0,
trajectory_000000:8618,mutual,mutual.CO+T,superlevel,h1,0.5,0,0,0,
trajectory_000000:8618,mutual,mutual.CO+T,superlevel,h1,0.75,1,0,1,
trajectory_000000:8618,mutual,mutual.CO+T,superlevel,h1,0.9,0,0,0,
trajectory_000000:8618,mutual,mutual.CO+T,superlevel,h0,0.1,15,3,12,
trajectory_000000:8618,mutual,mutual.CO+T,superlevel,h0,0.25,5,3,2,
trajectory_000000:8618,mutual,mutual.CO+T,superlevel,h0,0.5,1,1,0,
trajectory_000000:8618,mutual,mutual.CO+T,superlevel,h0,0.75,5,2,3,
trajectory_000000:8618,mutual,mutual.CO+T,superlevel,h0,0.9,1,2,1,
trajectory_000000:8618,mutual,mutual.CO+T,superlevel,h1,0.1,0,0,0,
trajectory_000000:8618,mutual,mutual.CO+T,superlevel,h1,0.25,3,0,3,
trajectory_000000:8618,mutual,mutual.CO+T,superlevel,h1,0.5,0,0,0,
trajectory_000000:8618,mutual,mutual.CO+T,superlevel,h1,0.75,1,0,1,
trajectory_000000:8618,mutual,mutual.CO+T,superlevel,h1,0.9,0,0,0,
trajectory_000000:8618,mutual,mutual.CO+T,superlevel,h0,0.1,7,2,5,
trajectory_000000:8618,mutual,mutual.CO+T,superlevel,h0,0.25,6,3,3,
trajectory_000000:8618,mutual,mutual.CO+T,superlevel,h0,0.5,1,1,0,
trajectory_000000:8618,mutual,mutual.CO+T,superlevel,h0,0.75,1,1,0,
trajectory_000000:8618,mutual,mutual.CO+T,superlevel,h0,0.9,1,1,0,
trajectory_000000:8618,mutual,mutual.CO+T,superlevel,h1,0.1,0,0,0,
trajectory_000000:8618,mutual,mutual.CO+T,superlevel,h1,0.25,4,0,4,
trajectory_000000:8618,mutual,mutual.CO+T,superlevel,h1,0.5,3,0,3,
trajectory_000000:8618,mutual,mutual.CO+T,superlevel,h1,0.75,1,6,5,
trajectory_000000:8618,mutual,mutual.CO+T,superlevel,h1,0.9,1,6,5,
trajectory_000000:8618,persistence_distance,topology.self.persistence,,,,,,,0.002185611752793193
trajectory_000000:8618,persistence_distance,topology.mutual.persistence,,,,,,,0.001061712042428553
trajectory_000000:8618,persistence_distance,topology.component_weighted_total_before_outer_family_weight,,,,,,,0.003247323911637068
trajectory_000000:8618,dimension_distance_diagnostic,topology.self.CO.h0,,,,,,,0.004970352165400982
trajectory_000000:8618,dimension_distance_diagnostic,topology.self.CO.h1,,,,,,,0.0007111363229341805
trajectory_000000:8618,dimension_distance_diagnostic,topology.self.T.h0,,,,,,,0.0028952069114893675
trajectory_000000:8618,dimension_distance_diagnostic,topology.self.T.h1,,,,,,,0.00016575120389461517
trajectory_000000:8618,dimension_distance_diagnostic,topology.mutual.CO+T.h0,,,,,,,0.00154489662963897
trajectory_000000:8618,dimension_distance_diagnostic,topology.mutual.CO+T.h1,,,,,,,0.0005785275134257972
trajectory_000000:8634,self,self.CO,sublevel,h0,0.1,1,6,5,
trajectory_000000:8634,self,self.CO,sublevel,h0,0.25,1,6,5,
trajectory_000000:8634,self,self.CO,sublevel,h0,0.5,4,3,1,
trajectory_000000:8634,self,self.CO,sublevel,h0,0.75,5,3,2,
trajectory_000000:8634,self,self.CO,sublevel,h0,0.9,1,2,1,
trajectory_000000:8634,self,self.CO,sublevel,h1,0.1,0,10,10,
trajectory_000000:8634,self,self.CO,sublevel,h1,0.25,0,10,10,
trajectory_000000:8634,self,self.CO,sublevel,h1,0.5,0,0,0,
trajectory_000000:8634,self,self.CO,sublevel,h1,0.75,1,1,0,
trajectory_000000:8634,self,self.CO,sublevel,h1,0.9,8,4,4,
trajectory_000000:8634,self,self.T,sublevel,h0,0.1,8,1,7,
trajectory_000000:8634,self,self.T,sublevel,h0,0.25,2,2,0,
trajectory_000000:8634,self,self.T,sublevel,h0,0.5,2,1,1,
trajectory_000000:8634,self,self.T,sublevel,h0,0.75,1,3,2,
trajectory_000000:8634,self,self.T,sublevel,h0,0.9,1,2,1,
trajectory_000000:8634,self,self.T,sublevel,h1,0.1,0,6,6,
trajectory_000000:8634,self,self.T,sublevel,h1,0.25,0,2,2,
trajectory_000000:8634,self,self.T,sublevel,h1,0.5,0,0,0,
trajectory_000000:8634,self,self.T,sublevel,h1,0.75,1,1,0,
trajectory_000000:8634,self,self.T,sublevel,h1,0.9,1,6,5,
trajectory_000000:8634,mutual,mutual.CO+T,sublevel,h0,0.1,8,1,7,
trajectory_000000:8634,mutual,mutual.CO+T,sublevel,h0,0.25,2,2,0,
trajectory_000000:8634,mutual,mutual.CO+T,sublevel,h0,0.5,2,1,1,
trajectory_000000:8634,mutual,mutual.CO+T,sublevel,h0,0.75,9,10,1,
trajectory_000000:8634,mutual,mutual.CO+T,sublevel,h0,0.9,1,2,1,
trajectory_000000:8634,mutual,mutual.CO+T,sublevel,h1,0.1,0,6,6,
trajectory_000000:8634,mutual,mutual.CO+T,sublevel,h1,0.25,0,2,2,
trajectory_000000:8634,mutual,mutual.CO+T,sublevel,h1,0.5,0,0,0,
trajectory_000000:8634,mutual,mutual.CO+T,sublevel,h1,0.75,5,4,1,
trajectory_000000:8634,mutual,mutual.CO+T,sublevel,h1,0.9,12,4,8,
trajectory_000000:8634,mutual,mutual.CO+T,sublevel,h0,0.1,1,6,5,
trajectory_000000:8634,mutual,mutual.CO+T,sublevel,h0,0.25,1,6,5,
trajectory_000000:8634,mutual,mutual.CO+T,sublevel,h0,0.5,3,3,0,
trajectory_000000:8634,mutual,mutual.CO+T,sublevel,h0,0.75,9,9,0,
trajectory_000000:8634,mutual,mutual.CO+T,sublevel,h0,0.9,1,2,1,
trajectory_000000:8634,mutual,mutual.CO+T,sublevel,h1,0.1,0,10,10,
trajectory_000000:8634,mutual,mutual.CO+T,sublevel,h1,0.25,0,10,10,
trajectory_000000:8634,mutual,mutual.CO+T,sublevel,h1,0.5,0,0,0,
trajectory_000000:8634,mutual,mutual.CO+T,sublevel,h1,0.75,5,5,0,
trajectory_000000:8634,mutual,mutual.CO+T,sublevel,h1,0.9,12,4,8,
trajectory_000000:8634,mutual,mutual.CO+T,sublevel,h0,0.1,8,1,7,
trajectory_000000:8634,mutual,mutual.CO+T,sublevel,h0,0.25,2,2,0,
trajectory_000000:8634,mutual,mutual.CO+T,sublevel,h0,0.5,3,3,0,
trajectory_000000:8634,mutual,mutual.CO+T,sublevel,h0,0.75,5,3,2,
trajectory_000000:8634,mutual,mutual.CO+T,sublevel,h0,0.9,1,2,1,
trajectory_000000:8634,mutual,mutual.CO+T,sublevel,h1,0.1,0,6,6,
trajectory_000000:8634,mutual,mutual.CO+T,sublevel,h1,0.25,0,2,2,
trajectory_000000:8634,mutual,mutual.CO+T,sublevel,h1,0.5,0,0,0,
trajectory_000000:8634,mutual,mutual.CO+T,sublevel,h1,0.75,1,1,0,
trajectory_000000:8634,mutual,mutual.CO+T,sublevel,h1,0.9,8,4,4,
trajectory_000000:8634,self,self.CO,superlevel,h0,0.1,9,6,3,
trajectory_000000:8634,self,self.CO,superlevel,h0,0.25,4,2,2,
trajectory_000000:8634,self,self.CO,superlevel,h0,0.5,1,1,0,
trajectory_000000:8634,self,self.CO,superlevel,h0,0.75,1,15,14,
trajectory_000000:8634,self,self.CO,superlevel,h0,0.9,1,15,14,
trajectory_000000:8634,self,self.CO,superlevel,h1,0.1,0,1,1,
trajectory_000000:8634,self,self.CO,superlevel,h1,0.25,3,2,1,
trajectory_000000:8634,self,self.CO,superlevel,h1,0.5,0,0,0,
trajectory_000000:8634,self,self.CO,superlevel,h1,0.75,94,2,92,
trajectory_000000:8634,self,self.CO,superlevel,h1,0.9,94,2,92,
trajectory_000000:8634,self,self.T,superlevel,h0,0.1,3,6,3,
trajectory_000000:8634,self,self.T,superlevel,h0,0.25,3,2,1,
trajectory_000000:8634,self,self.T,superlevel,h0,0.5,1,1,0,
trajectory_000000:8634,self,self.T,superlevel,h0,0.75,2,4,2,
trajectory_000000:8634,self,self.T,superlevel,h0,0.9,1,12,11,
trajectory_000000:8634,self,self.T,superlevel,h1,0.1,0,0,0,
trajectory_000000:8634,self,self.T,superlevel,h1,0.25,0,0,0,
trajectory_000000:8634,self,self.T,superlevel,h1,0.5,1,0,1,
trajectory_000000:8634,self,self.T,superlevel,h1,0.75,0,0,0,
trajectory_000000:8634,self,self.T,superlevel,h1,0.9,2,0,2,
trajectory_000000:8634,mutual,mutual.CO+T,superlevel,h0,0.1,6,5,1,
trajectory_000000:8634,mutual,mutual.CO+T,superlevel,h0,0.25,2,3,1,
trajectory_000000:8634,mutual,mutual.CO+T,superlevel,h0,0.5,1,1,0,
trajectory_000000:8634,mutual,mutual.CO+T,superlevel,h0,0.75,2,4,2,
trajectory_000000:8634,mutual,mutual.CO+T,superlevel,h0,0.9,1,12,11,
trajectory_000000:8634,mutual,mutual.CO+T,superlevel,h1,0.1,0,0,0,
trajectory_000000:8634,mutual,mutual.CO+T,superlevel,h1,0.25,0,0,0,
trajectory_000000:8634,mutual,mutual.CO+T,superlevel,h1,0.5,1,0,1,
trajectory_000000:8634,mutual,mutual.CO+T,superlevel,h1,0.75,0,0,0,
trajectory_000000:8634,mutual,mutual.CO+T,superlevel,h1,0.9,2,0,2,
trajectory_000000:8634,mutual,mutual.CO+T,superlevel,h0,0.1,17,5,12,
trajectory_000000:8634,mutual,mutual.CO+T,superlevel,h0,0.25,9,6,3,
trajectory_000000:8634,mutual,mutual.CO+T,superlevel,h0,0.5,1,1,0,
trajectory_000000:8634,mutual,mutual.CO+T,superlevel,h0,0.75,2,4,2,
trajectory_000000:8634,mutual,mutual.CO+T,superlevel,h0,0.9,1,12,11,
trajectory_000000:8634,mutual,mutual.CO+T,superlevel,h1,0.1,1,0,1,
trajectory_000000:8634,mutual,mutual.CO+T,superlevel,h1,0.25,1,2,1,
trajectory_000000:8634,mutual,mutual.CO+T,superlevel,h1,0.5,1,0,1,
trajectory_000000:8634,mutual,mutual.CO+T,superlevel,h1,0.75,0,0,0,
trajectory_000000:8634,mutual,mutual.CO+T,superlevel,h1,0.9,2,0,2,
trajectory_000000:8634,mutual,mutual.CO+T,superlevel,h0,0.1,6,6,0,
trajectory_000000:8634,mutual,mutual.CO+T,superlevel,h0,0.25,13,8,5,
trajectory_000000:8634,mutual,mutual.CO+T,superlevel,h0,0.5,1,1,0,
trajectory_000000:8634,mutual,mutual.CO+T,superlevel,h0,0.75,1,15,14,
trajectory_000000:8634,mutual,mutual.CO+T,superlevel,h0,0.9,1,15,14,
trajectory_000000:8634,mutual,mutual.CO+T,superlevel,h1,0.1,2,2,0,
trajectory_000000:8634,mutual,mutual.CO+T,superlevel,h1,0.25,1,2,1,
trajectory_000000:8634,mutual,mutual.CO+T,superlevel,h1,0.5,0,0,0,
trajectory_000000:8634,mutual,mutual.CO+T,superlevel,h1,0.75,94,2,92,
trajectory_000000:8634,mutual,mutual.CO+T,superlevel,h1,0.9,94,2,92,
trajectory_000000:8634,persistence_distance,topology.self.persistence,,,,,,,0.0020194496028125286
trajectory_000000:8634,persistence_distance,topology.mutual.persistence,,,,,,,0.0016719019040465355
trajectory_000000:8634,persistence_distance,topology.component_weighted_total_before_outer_family_weight,,,,,,,0.003691351506859064
trajectory_000000:8634,dimension_distance_diagnostic,topology.self.CO.h0,,,,,,,0.004832266364246607
trajectory_000000:8634,dimension_distance_diagnostic,topology.self.CO.h1,,,,,,,0.0013368743238970637
trajectory_000000:8634,dimension_distance_diagnostic,topology.self.T.h0,,,,,,,0.0017632630188018084
trajectory_000000:8634,dimension_distance_diagnostic,topology.self.T.h1,,,,,,,0.00014539415133185685
trajectory_000000:8634,dimension_distance_diagnostic,topology.mutual.CO+T.h0,,,,,,,0.0021972956601530313
trajectory_000000:8634,dimension_distance_diagnostic,topology.mutual.CO+T.h1,,,,,,,0.0011465081479400396
trajectory_000000:8650,self,self.CO,sublevel,h0,0.1,1,5,4,
trajectory_000000:8650,self,self.CO,sublevel,h0,0.25,1,5,4,
trajectory_000000:8650,self,self.CO,sublevel,h0,0.5,4,3,1,
trajectory_000000:8650,self,self.CO,sublevel,h0,0.75,6,3,3,
trajectory_000000:8650,self,self.CO,sublevel,h0,0.9,1,1,0,
trajectory_000000:8650,self,self.CO,sublevel,h1,0.1,1,0,1,
trajectory_000000:8650,self,self.CO,sublevel,h1,0.25,1,0,1,
trajectory_000000:8650,self,self.CO,sublevel,h1,0.5,0,0,0,
trajectory_000000:8650,self,self.CO,sublevel,h1,0.75,4,2,2,
trajectory_000000:8650,self,self.CO,sublevel,h1,0.9,6,4,2,
trajectory_000000:8650,self,self.T,sublevel,h0,0.1,5,5,0,
trajectory_000000:8650,self,self.T,sublevel,h0,0.25,2,2,0,
trajectory_000000:8650,self,self.T,sublevel,h0,0.5,2,1,1,
trajectory_000000:8650,self,self.T,sublevel,h0,0.75,4,1,3,
trajectory_000000:8650,self,self.T,sublevel,h0,0.9,1,2,1,
trajectory_000000:8650,self,self.T,sublevel,h1,0.1,0,6,6,
trajectory_000000:8650,self,self.T,sublevel,h1,0.25,0,7,7,
trajectory_000000:8650,self,self.T,sublevel,h1,0.5,0,0,0,
trajectory_000000:8650,self,self.T,sublevel,h1,0.75,4,0,4,
trajectory_000000:8650,self,self.T,sublevel,h1,0.9,4,3,1,
trajectory_000000:8650,mutual,mutual.CO+T,sublevel,h0,0.1,5,5,0,
trajectory_000000:8650,mutual,mutual.CO+T,sublevel,h0,0.25,2,2,0,
trajectory_000000:8650,mutual,mutual.CO+T,sublevel,h0,0.5,2,1,1,
trajectory_000000:8650,mutual,mutual.CO+T,sublevel,h0,0.75,12,10,2,
trajectory_000000:8650,mutual,mutual.CO+T,sublevel,h0,0.9,1,1,0,
trajectory_000000:8650,mutual,mutual.CO+T,sublevel,h1,0.1,0,6,6,
trajectory_000000:8650,mutual,mutual.CO+T,sublevel,h1,0.25,0,7,7,
trajectory_000000:8650,mutual,mutual.CO+T,sublevel,h1,0.5,0,0,0,
trajectory_000000:8650,mutual,mutual.CO+T,sublevel,h1,0.75,5,5,0,
trajectory_000000:8650,mutual,mutual.CO+T,sublevel,h1,0.9,6,4,2,
trajectory_000000:8650,mutual,mutual.CO+T,sublevel,h0,0.1,1,5,4,
trajectory_000000:8650,mutual,mutual.CO+T,sublevel,h0,0.25,1,5,4,
trajectory_000000:8650,mutual,mutual.CO+T,sublevel,h0,0.5,1,2,1,
trajectory_000000:8650,mutual,mutual.CO+T,sublevel,h0,0.75,12,9,3,
trajectory_000000:8650,mutual,mutual.CO+T,sublevel,h0,0.9,1,1,0,
trajectory_000000:8650,mutual,mutual.CO+T,sublevel,h1,0.1,1,0,1,
trajectory_000000:8650,mutual,mutual.CO+T,sublevel,h1,0.25,1,0,1,
trajectory_000000:8650,mutual,mutual.CO+T,sublevel,h1,0.5,0,0,0,
trajectory_000000:8650,mutual,mutual.CO+T,sublevel,h1,0.75,5,5,0,
trajectory_000000:8650,mutual,mutual.CO+T,sublevel,h1,0.9,6,4,2,
trajectory_000000:8650,mutual,mutual.CO+T,sublevel,h0,0.1,5,5,0,
trajectory_000000:8650,mutual,mutual.CO+T,sublevel,h0,0.25,2,2,0,
trajectory_000000:8650,mutual,mutual.CO+T,sublevel,h0,0.5,2,3,1,
trajectory_000000:8650,mutual,mutual.CO+T,sublevel,h0,0.75,6,3,3,
trajectory_000000:8650,mutual,mutual.CO+T,sublevel,h0,0.9,1,1,0,
trajectory_000000:8650,mutual,mutual.CO+T,sublevel,h1,0.1,0,6,6,
trajectory_000000:8650,mutual,mutual.CO+T,sublevel,h1,0.25,0,7,7,
trajectory_000000:8650,mutual,mutual.CO+T,sublevel,h1,0.5,0,0,0,
trajectory_000000:8650,mutual,mutual.CO+T,sublevel,h1,0.75,4,2,2,
trajectory_000000:8650,mutual,mutual.CO+T,sublevel,h1,0.9,6,4,2,
trajectory_000000:8650,self,self.CO,superlevel,h0,0.1,10,6,4,
trajectory_000000:8650,self,self.CO,superlevel,h0,0.25,6,5,1,
trajectory_000000:8650,self,self.CO,superlevel,h0,0.5,1,1,0,
trajectory_000000:8650,self,self.CO,superlevel,h0,0.75,1,3,2,
trajectory_000000:8650,self,self.CO,superlevel,h0,0.9,1,3,2,
trajectory_000000:8650,self,self.CO,superlevel,h1,0.1,0,0,0,
trajectory_000000:8650,self,self.CO,superlevel,h1,0.25,5,1,4,
trajectory_000000:8650,self,self.CO,superlevel,h1,0.5,0,0,0,
trajectory_000000:8650,self,self.CO,superlevel,h1,0.75,93,0,93,
trajectory_000000:8650,self,self.CO,superlevel,h1,0.9,93,0,93,
trajectory_000000:8650,self,self.T,superlevel,h0,0.1,6,4,2,
trajectory_000000:8650,self,self.T,superlevel,h0,0.25,7,3,4,
trajectory_000000:8650,self,self.T,superlevel,h0,0.5,1,1,0,
trajectory_000000:8650,self,self.T,superlevel,h0,0.75,1,9,8,
trajectory_000000:8650,self,self.T,superlevel,h0,0.9,1,10,9,
trajectory_000000:8650,self,self.T,superlevel,h1,0.1,0,0,0,
trajectory_000000:8650,self,self.T,superlevel,h1,0.25,2,0,2,
trajectory_000000:8650,self,self.T,superlevel,h1,0.5,0,0,0,
trajectory_000000:8650,self,self.T,superlevel,h1,0.75,0,1,1,
trajectory_000000:8650,self,self.T,superlevel,h1,0.9,3,3,0,
trajectory_000000:8650,mutual,mutual.CO+T,superlevel,h0,0.1,5,3,2,
trajectory_000000:8650,mutual,mutual.CO+T,superlevel,h0,0.25,4,1,3,
trajectory_000000:8650,mutual,mutual.CO+T,superlevel,h0,0.5,1,1,0,
trajectory_000000:8650,mutual,mutual.CO+T,superlevel,h0,0.75,1,9,8,
trajectory_000000:8650,mutual,mutual.CO+T,superlevel,h0,0.9,1,10,9,
trajectory_000000:8650,mutual,mutual.CO+T,superlevel,h1,0.1,0,3,3,
trajectory_000000:8650,mutual,mutual.CO+T,superlevel,h1,0.25,3,0,3,
trajectory_000000:8650,mutual,mutual.CO+T,superlevel,h1,0.5,0,0,0,
trajectory_000000:8650,mutual,mutual.CO+T,superlevel,h1,0.75,0,1,1,
trajectory_000000:8650,mutual,mutual.CO+T,superlevel,h1,0.9,3,3,0,
trajectory_000000:8650,mutual,mutual.CO+T,superlevel,h0,0.1,11,5,6,
trajectory_000000:8650,mutual,mutual.CO+T,superlevel,h0,0.25,7,4,3,
trajectory_000000:8650,mutual,mutual.CO+T,superlevel,h0,0.5,1,1,0,
trajectory_000000:8650,mutual,mutual.CO+T,superlevel,h0,0.75,1,9,8,
trajectory_000000:8650,mutual,mutual.CO+T,superlevel,h0,0.9,1,10,9,
trajectory_000000:8650,mutual,mutual.CO+T,superlevel,h1,0.1,0,1,1,
trajectory_000000:8650,mutual,mutual.CO+T,superlevel,h1,0.25,1,2,1,
trajectory_000000:8650,mutual,mutual.CO+T,superlevel,h1,0.5,0,0,0,
trajectory_000000:8650,mutual,mutual.CO+T,superlevel,h1,0.75,0,1,1,
trajectory_000000:8650,mutual,mutual.CO+T,superlevel,h1,0.9,3,3,0,
trajectory_000000:8650,mutual,mutual.CO+T,superlevel,h0,0.1,12,5,7,
trajectory_000000:8650,mutual,mutual.CO+T,superlevel,h0,0.25,10,4,6,
trajectory_000000:8650,mutual,mutual.CO+T,superlevel,h0,0.5,1,1,0,
trajectory_000000:8650,mutual,mutual.CO+T,superlevel,h0,0.75,1,3,2,
trajectory_000000:8650,mutual,mutual.CO+T,superlevel,h0,0.9,1,3,2,
trajectory_000000:8650,mutual,mutual.CO+T,superlevel,h1,0.1,0,0,0,
trajectory_000000:8650,mutual,mutual.CO+T,superlevel,h1,0.25,1,3,2,
trajectory_000000:8650,mutual,mutual.CO+T,superlevel,h1,0.5,0,0,0,
trajectory_000000:8650,mutual,mutual.CO+T,superlevel,h1,0.75,93,0,93,
trajectory_000000:8650,mutual,mutual.CO+T,superlevel,h1,0.9,93,0,93,
trajectory_000000:8650,persistence_distance,topology.self.persistence,,,,,,,0.003128127660602331
trajectory_000000:8650,persistence_distance,topology.mutual.persistence,,,,,,,0.0012519514421001077
trajectory_000000:8650,persistence_distance,topology.component_weighted_total_before_outer_family_weight,,,,,,,0.004380078986287117
trajectory_000000:8650,dimension_distance_diagnostic,topology.self.CO.h0,,,,,,,0.00947669055312872
trajectory_000000:8650,dimension_distance_diagnostic,topology.self.CO.h1,,,,,,,0.0011168334167450666
trajectory_000000:8650,dimension_distance_diagnostic,topology.self.T.h0,,,,,,,0.0018322248943150043
trajectory_000000:8650,dimension_distance_diagnostic,topology.self.T.h1,,,,,,,8.67618655320257e-05
trajectory_000000:8650,dimension_distance_diagnostic,topology.mutual.CO+T.h0,,,,,,,0.001592116430401802
trajectory_000000:8650,dimension_distance_diagnostic,topology.mutual.CO+T.h1,,,,,,,0.0009117864537984133
trajectory_000000:8666,self,self.CO,sublevel,h0,0.1,2,11,9,
trajectory_000000:8666,self,self.CO,sublevel,h0,0.25,2,11,9,
trajectory_000000:8666,self,self.CO,sublevel,h0,0.5,3,2,1,
trajectory_000000:8666,self,self.CO,sublevel,h0,0.75,4,1,3,
trajectory_000000:8666,self,self.CO,sublevel,h0,0.9,4,1,3,
trajectory_000000:8666,self,self.CO,sublevel,h1,0.1,83,2,81,
trajectory_000000:8666,self,self.CO,sublevel,h1,0.25,83,2,81,
trajectory_000000:8666,self,self.CO,sublevel,h1,0.5,0,0,0,
trajectory_000000:8666,self,self.CO,sublevel,h1,0.75,2,1,1,
trajectory_000000:8666,self,self.CO,sublevel,h1,0.9,12,1,11,
trajectory_000000:8666,self,self.T,sublevel,h0,0.1,2,12,10,
trajectory_000000:8666,self,self.T,sublevel,h0,0.25,3,7,4,
trajectory_000000:8666,self,self.T,sublevel,h0,0.5,1,1,0,
trajectory_000000:8666,self,self.T,sublevel,h0,0.75,2,1,1,
trajectory_000000:8666,self,self.T,sublevel,h0,0.9,1,1,0,
trajectory_000000:8666,self,self.T,sublevel,h1,0.1,1,0,1,
trajectory_000000:8666,self,self.T,sublevel,h1,0.25,0,3,3,
trajectory_000000:8666,self,self.T,sublevel,h1,0.5,0,0,0,
trajectory_000000:8666,self,self.T,sublevel,h1,0.75,2,0,2,
trajectory_000000:8666,self,self.T,sublevel,h1,0.9,4,5,1,
trajectory_000000:8666,mutual,mutual.CO+T,sublevel,h0,0.1,2,12,10,
trajectory_000000:8666,mutual,mutual.CO+T,sublevel,h0,0.25,3,7,4,
trajectory_000000:8666,mutual,mutual.CO+T,sublevel,h0,0.5,1,1,0,
trajectory_000000:8666,mutual,mutual.CO+T,sublevel,h0,0.75,20,10,10,
trajectory_000000:8666,mutual,mutual.CO+T,sublevel,h0,0.9,4,1,3,
trajectory_000000:8666,mutual,mutual.CO+T,sublevel,h1,0.1,1,0,1,
trajectory_000000:8666,mutual,mutual.CO+T,sublevel,h1,0.25,0,3,3,
trajectory_000000:8666,mutual,mutual.CO+T,sublevel,h1,0.5,0,0,0,
trajectory_000000:8666,mutual,mutual.CO+T,sublevel,h1,0.75,8,2,6,
trajectory_000000:8666,mutual,mutual.CO+T,sublevel,h1,0.9,12,1,11,
trajectory_000000:8666,mutual,mutual.CO+T,sublevel,h0,0.1,2,11,9,
trajectory_000000:8666,mutual,mutual.CO+T,sublevel,h0,0.25,2,11,9,
trajectory_000000:8666,mutual,mutual.CO+T,sublevel,h0,0.5,1,1,0,
trajectory_000000:8666,mutual,mutual.CO+T,sublevel,h0,0.75,18,12,6,
trajectory_000000:8666,mutual,mutual.CO+T,sublevel,h0,0.9,3,1,2,
trajectory_000000:8666,mutual,mutual.CO+T,sublevel,h1,0.1,83,2,81,
trajectory_000000:8666,mutual,mutual.CO+T,sublevel,h1,0.25,83,2,81,
trajectory_000000:8666,mutual,mutual.CO+T,sublevel,h1,0.5,0,0,0,
trajectory_000000:8666,mutual,mutual.CO+T,sublevel,h1,0.75,7,2,5,
trajectory_000000:8666,mutual,mutual.CO+T,sublevel,h1,0.9,14,1,13,
trajectory_000000:8666,mutual,mutual.CO+T,sublevel,h0,0.1,2,12,10,
trajectory_000000:8666,mutual,mutual.CO+T,sublevel,h0,0.25,3,7,4,
trajectory_000000:8666,mutual,mutual.CO+T,sublevel,h0,0.5,1,1,0,
trajectory_000000:8666,mutual,mutual.CO+T,sublevel,h0,0.75,4,1,3,
trajectory_000000:8666,mutual,mutual.CO+T,sublevel,h0,0.9,4,1,3,
trajectory_000000:8666,mutual,mutual.CO+T,sublevel,h1,0.1,1,0,1,
trajectory_000000:8666,mutual,mutual.CO+T,sublevel,h1,0.25,0,3,3,
trajectory_000000:8666,mutual,mutual.CO+T,sublevel,h1,0.5,0,0,0,
trajectory_000000:8666,mutual,mutual.CO+T,sublevel,h1,0.75,2,1,1,
trajectory_000000:8666,mutual,mutual.CO+T,sublevel,h1,0.9,12,1,11,
trajectory_000000:8666,self,self.CO,superlevel,h0,0.1,14,5,9,
trajectory_000000:8666,self,self.CO,superlevel,h0,0.25,7,2,5,
trajectory_000000:8666,self,self.CO,superlevel,h0,0.5,1,1,0,
trajectory_000000:8666,self,self.CO,superlevel,h0,0.75,1,6,5,
trajectory_000000:8666,self,self.CO,superlevel,h0,0.9,1,6,5,
trajectory_000000:8666,self,self.CO,superlevel,h1,0.1,1,0,1,
trajectory_000000:8666,self,self.CO,superlevel,h1,0.25,3,0,3,
trajectory_000000:8666,self,self.CO,superlevel,h1,0.5,0,0,0,
trajectory_000000:8666,self,self.CO,superlevel,h1,0.75,1,9,8,
trajectory_000000:8666,self,self.CO,superlevel,h1,0.9,1,9,8,
trajectory_000000:8666,self,self.T,superlevel,h0,0.1,6,6,0,
trajectory_000000:8666,self,self.T,superlevel,h0,0.25,3,1,2,
trajectory_000000:8666,self,self.T,superlevel,h0,0.5,1,1,0,
trajectory_000000:8666,self,self.T,superlevel,h0,0.75,1,5,4,
trajectory_000000:8666,self,self.T,superlevel,h0,0.9,2,2,0,
trajectory_000000:8666,self,self.T,superlevel,h1,0.1,0,0,0,
trajectory_000000:8666,self,self.T,superlevel,h1,0.25,1,0,1,
trajectory_000000:8666,self,self.T,superlevel,h1,0.5,0,0,0,
trajectory_000000:8666,self,self.T,superlevel,h1,0.75,2,2,0,
trajectory_000000:8666,self,self.T,superlevel,h1,0.9,0,8,8,
trajectory_000000:8666,mutual,mutual.CO+T,superlevel,h0,0.1,7,6,1,
trajectory_000000:8666,mutual,mutual.CO+T,superlevel,h0,0.25,3,2,1,
trajectory_000000:8666,mutual,mutual.CO+T,superlevel,h0,0.5,1,1,0,
trajectory_000000:8666,mutual,mutual.CO+T,superlevel,h0,0.75,1,5,4,
trajectory_000000:8666,mutual,mutual.CO+T,superlevel,h0,0.9,2,2,0,
trajectory_000000:8666,mutual,mutual.CO+T,superlevel,h1,0.1,0,0,0,
trajectory_000000:8666,mutual,mutual.CO+T,superlevel,h1,0.25,1,0,1,
trajectory_000000:8666,mutual,mutual.CO+T,superlevel,h1,0.5,0,0,0,
trajectory_000000:8666,mutual,mutual.CO+T,superlevel,h1,0.75,2,2,0,
trajectory_000000:8666,mutual,mutual.CO+T,superlevel,h1,0.9,0,8,8,
trajectory_000000:8666,mutual,mutual.CO+T,superlevel,h0,0.1,13,6,7,
trajectory_000000:8666,mutual,mutual.CO+T,superlevel,h0,0.25,9,3,6,
trajectory_000000:8666,mutual,mutual.CO+T,superlevel,h0,0.5,1,1,0,
trajectory_000000:8666,mutual,mutual.CO+T,superlevel,h0,0.75,1,5,4,
trajectory_000000:8666,mutual,mutual.CO+T,superlevel,h0,0.9,2,2,0,
trajectory_000000:8666,mutual,mutual.CO+T,superlevel,h1,0.1,0,0,0,
trajectory_000000:8666,mutual,mutual.CO+T,superlevel,h1,0.25,1,1,0,
trajectory_000000:8666,mutual,mutual.CO+T,superlevel,h1,0.5,0,0,0,
trajectory_000000:8666,mutual,mutual.CO+T,superlevel,h1,0.75,2,2,0,
trajectory_000000:8666,mutual,mutual.CO+T,superlevel,h1,0.9,0,8,8,
trajectory_000000:8666,mutual,mutual.CO+T,superlevel,h0,0.1,8,5,3,
trajectory_000000:8666,mutual,mutual.CO+T,superlevel,h0,0.25,11,4,7,
trajectory_000000:8666,mutual,mutual.CO+T,superlevel,h0,0.5,1,1,0,
trajectory_000000:8666,mutual,mutual.CO+T,superlevel,h0,0.75,1,6,5,
trajectory_000000:8666,mutual,mutual.CO+T,superlevel,h0,0.9,1,6,5,
trajectory_000000:8666,mutual,mutual.CO+T,superlevel,h1,0.1,0,0,0,
trajectory_000000:8666,mutual,mutual.CO+T,superlevel,h1,0.25,3,2,1,
trajectory_000000:8666,mutual,mutual.CO+T,superlevel,h1,0.5,0,0,0,
trajectory_000000:8666,mutual,mutual.CO+T,superlevel,h1,0.75,1,9,8,
trajectory_000000:8666,mutual,mutual.CO+T,superlevel,h1,0.9,1,9,8,
trajectory_000000:8666,persistence_distance,topology.self.persistence,,,,,,,0.005800345446914434
trajectory_000000:8666,persistence_distance,topology.mutual.persistence,,,,,,,0.0017816905165091157
trajectory_000000:8666,persistence_distance,topology.component_weighted_total_before_outer_family_weight,,,,,,,0.007582035847008228
trajectory_000000:8666,dimension_distance_diagnostic,topology.self.CO.h0,,,,,,,0.019135862588882446
trajectory_000000:8666,dimension_distance_diagnostic,topology.self.CO.h1,,,,,,,0.0013246724847704172
trajectory_000000:8666,dimension_distance_diagnostic,topology.self.T.h0,,,,,,,0.002614125842228532
trajectory_000000:8666,dimension_distance_diagnostic,topology.self.T.h1,,,,,,,0.00012672104639932513
trajectory_000000:8666,dimension_distance_diagnostic,topology.mutual.CO+T.h0,,,,,,,0.0024606583174318075
trajectory_000000:8666,dimension_distance_diagnostic,topology.mutual.CO+T.h1,,,,,,,0.0011027229484170675
trajectory_000000:8681,self,self.CO,sublevel,h0,0.1,6,4,2,
trajectory_000000:8681,self,self.CO,sublevel,h0,0.25,6,4,2,
trajectory_000000:8681,self,self.CO,sublevel,h0,0.5,2,1,1,
trajectory_000000:8681,self,self.CO,sublevel,h0,0.75,5,5,0,
trajectory_000000:8681,self,self.CO,sublevel,h0,0.9,3,2,1,
trajectory_000000:8681,self,self.CO,sublevel,h1,0.1,85,3,82,
trajectory_000000:8681,self,self.CO,sublevel,h1,0.25,85,3,82,
trajectory_000000:8681,self,self.CO,sublevel,h1,0.5,0,0,0,
trajectory_000000:8681,self,self.CO,sublevel,h1,0.75,1,0,1,
trajectory_000000:8681,self,self.CO,sublevel,h1,0.9,10,6,4,
trajectory_000000:8681,self,self.T,sublevel,h0,0.1,1,2,1,
trajectory_000000:8681,self,self.T,sublevel,h0,0.25,2,5,3,
trajectory_000000:8681,self,self.T,sublevel,h0,0.5,1,1,0,
trajectory_000000:8681,self,self.T,sublevel,h0,0.75,1,1,0,
trajectory_000000:8681,self,self.T,sublevel,h0,0.9,2,1,1,
trajectory_000000:8681,self,self.T,sublevel,h1,0.1,0,5,5,
trajectory_000000:8681,self,self.T,sublevel,h1,0.25,1,0,1,
trajectory_000000:8681,self,self.T,sublevel,h1,0.5,0,0,0,
trajectory_000000:8681,self,self.T,sublevel,h1,0.75,1,1,0,
trajectory_000000:8681,self,self.T,sublevel,h1,0.9,2,6,4,
trajectory_000000:8681,mutual,mutual.CO+T,sublevel,h0,0.1,1,2,1,
trajectory_000000:8681,mutual,mutual.CO+T,sublevel,h0,0.25,2,5,3,
trajectory_000000:8681,mutual,mutual.CO+T,sublevel,h0,0.5,1,1,0,
trajectory_000000:8681,mutual,mutual.CO+T,sublevel,h0,0.75,15,5,10,
trajectory_000000:8681,mutual,mutual.CO+T,sublevel,h0,0.9,3,2,1,
trajectory_000000:8681,mutual,mutual.CO+T,sublevel,h1,0.1,0,5,5,
trajectory_000000:8681,mutual,mutual.CO+T,sublevel,h1,0.25,1,0,1,
trajectory_000000:8681,mutual,mutual.CO+T,sublevel,h1,0.5,0,0,0,
trajectory_000000:8681,mutual,mutual.CO+T,sublevel,h1,0.75,9,5,4,
trajectory_000000:8681,mutual,mutual.CO+T,sublevel,h1,0.9,12,6,6,
trajectory_000000:8681,mutual,mutual.CO+T,sublevel,h0,0.1,6,4,2,
trajectory_000000:8681,mutual,mutual.CO+T,sublevel,h0,0.25,6,4,2,
trajectory_000000:8681,mutual,mutual.CO+T,sublevel,h0,0.5,1,1,0,
trajectory_000000:8681,mutual,mutual.CO+T,sublevel,h0,0.75,16,5,11,
trajectory_000000:8681,mutual,mutual.CO+T,sublevel,h0,0.9,4,2,2,
trajectory_000000:8681,mutual,mutual.CO+T,sublevel,h1,0.1,85,3,82,
trajectory_000000:8681,mutual,mutual.CO+T,sublevel,h1,0.25,85,3,82,
trajectory_000000:8681,mutual,mutual.CO+T,sublevel,h1,0.5,0,0,0,
trajectory_000000:8681,mutual,mutual.CO+T,sublevel,h1,0.75,9,6,3,
trajectory_000000:8681,mutual,mutual.CO+T,sublevel,h1,0.9,13,6,7,
trajectory_000000:8681,mutual,mutual.CO+T,sublevel,h0,0.1,1,2,1,
trajectory_000000:8681,mutual,mutual.CO+T,sublevel,h0,0.25,2,5,3,
trajectory_000000:8681,mutual,mutual.CO+T,sublevel,h0,0.5,1,1,0,
trajectory_000000:8681,mutual,mutual.CO+T,sublevel,h0,0.75,5,5,0,
trajectory_000000:8681,mutual,mutual.CO+T,sublevel,h0,0.9,3,2,1,
trajectory_000000:8681,mutual,mutual.CO+T,sublevel,h1,0.1,0,5,5,
trajectory_000000:8681,mutual,mutual.CO+T,sublevel,h1,0.25,1,0,1,
trajectory_000000:8681,mutual,mutual.CO+T,sublevel,h1,0.5,0,0,0,
trajectory_000000:8681,mutual,mutual.CO+T,sublevel,h1,0.75,1,0,1,
trajectory_000000:8681,mutual,mutual.CO+T,sublevel,h1,0.9,10,6,4,
trajectory_000000:8681,self,self.CO,superlevel,h0,0.1,11,9,2,
trajectory_000000:8681,self,self.CO,superlevel,h0,0.25,6,2,4,
trajectory_000000:8681,self,self.CO,superlevel,h0,0.5,1,1,0,
trajectory_000000:8681,self,self.CO,superlevel,h0,0.75,1,10,9,
trajectory_000000:8681,self,self.CO,superlevel,h0,0.9,1,10,9,
trajectory_000000:8681,self,self.CO,superlevel,h1,0.1,1,0,1,
trajectory_000000:8681,self,self.CO,superlevel,h1,0.25,4,3,1,
trajectory_000000:8681,self,self.CO,superlevel,h1,0.5,0,0,0,
trajectory_000000:8681,self,self.CO,superlevel,h1,0.75,1,1,0,
trajectory_000000:8681,self,self.CO,superlevel,h1,0.9,1,1,0,
trajectory_000000:8681,self,self.T,superlevel,h0,0.1,3,7,4,
trajectory_000000:8681,self,self.T,superlevel,h0,0.25,4,2,2,
trajectory_000000:8681,self,self.T,superlevel,h0,0.5,1,1,0,
trajectory_000000:8681,self,self.T,superlevel,h0,0.75,2,1,1,
trajectory_000000:8681,self,self.T,superlevel,h0,0.9,1,7,6,
trajectory_000000:8681,self,self.T,superlevel,h1,0.1,0,0,0,
trajectory_000000:8681,self,self.T,superlevel,h1,0.25,0,0,0,
trajectory_000000:8681,self,self.T,superlevel,h1,0.5,0,0,0,
trajectory_000000:8681,self,self.T,superlevel,h1,0.75,0,4,4,
trajectory_000000:8681,self,self.T,superlevel,h1,0.9,0,1,1,
trajectory_000000:8681,mutual,mutual.CO+T,superlevel,h0,0.1,1,5,4,
trajectory_000000:8681,mutual,mutual.CO+T,superlevel,h0,0.25,7,7,0,
trajectory_000000:8681,mutual,mutual.CO+T,superlevel,h0,0.5,1,1,0,
trajectory_000000:8681,mutual,mutual.CO+T,superlevel,h0,0.75,2,1,1,
trajectory_000000:8681,mutual,mutual.CO+T,superlevel,h0,0.9,1,7,6,
trajectory_000000:8681,mutual,mutual.CO+T,superlevel,h1,0.1,0,0,0,
trajectory_000000:8681,mutual,mutual.CO+T,superlevel,h1,0.25,3,0,3,
trajectory_000000:8681,mutual,mutual.CO+T,superlevel,h1,0.5,0,0,0,
trajectory_000000:8681,mutual,mutual.CO+T,superlevel,h1,0.75,0,4,4,
trajectory_000000:8681,mutual,mutual.CO+T,superlevel,h1,0.9,0,1,1,
trajectory_000000:8681,mutual,mutual.CO+T,superlevel,h0,0.1,14,11,3,
trajectory_000000:8681,mutual,mutual.CO+T,superlevel,h0,0.25,4,3,1,
trajectory_000000:8681,mutual,mutual.CO+T,superlevel,h0,0.5,1,1,0,
trajectory_000000:8681,mutual,mutual.CO+T,superlevel,h0,0.75,2,1,1,
trajectory_000000:8681,mutual,mutual.CO+T,superlevel,h0,0.9,1,7,6,
trajectory_000000:8681,mutual,mutual.CO+T,superlevel,h1,0.1,1,0,1,
trajectory_000000:8681,mutual,mutual.CO+T,superlevel,h1,0.25,0,1,1,
trajectory_000000:8681,mutual,mutual.CO+T,superlevel,h1,0.5,0,0,0,
trajectory_000000:8681,mutual,mutual.CO+T,superlevel,h1,0.75,0,4,4,
trajectory_000000:8681,mutual,mutual.CO+T,superlevel,h1,0.9,0,1,1,
trajectory_000000:8681,mutual,mutual.CO+T,superlevel,h0,0.1,10,4,6,
trajectory_000000:8681,mutual,mutual.CO+T,superlevel,h0,0.25,4,3,1,
trajectory_000000:8681,mutual,mutual.CO+T,superlevel,h0,0.5,1,1,0,
trajectory_000000:8681,mutual,mutual.CO+T,superlevel,h0,0.75,1,10,9,
trajectory_000000:8681,mutual,mutual.CO+T,superlevel,h0,0.9,1,10,9,
trajectory_000000:8681,mutual,mutual.CO+T,superlevel,h1,0.1,1,0,1,
trajectory_000000:8681,mutual,mutual.CO+T,superlevel,h1,0.25,0,1,1,
trajectory_000000:8681,mutual,mutual.CO+T,superlevel,h1,0.5,0,0,0,
trajectory_000000:8681,mutual,mutual.CO+T,superlevel,h1,0.75,1,1,0,
trajectory_000000:8681,mutual,mutual.CO+T,superlevel,h1,0.9,1,1,0,
trajectory_000000:8681,persistence_distance,topology.self.persistence,,,,,,,0.005316751077771187
trajectory_000000:8681,persistence_distance,topology.mutual.persistence,,,,,,,0.001538995304144919
trajectory_000000:8681,persistence_distance,topology.component_weighted_total_before_outer_family_weight,,,,,,,0.006855746265500784
trajectory_000000:8681,dimension_distance_diagnostic,topology.self.CO.h0,,,,,,,0.018209200352430344
trajectory_000000:8681,dimension_distance_diagnostic,topology.self.CO.h1,,,,,,,0.0011341823264956474
trajectory_000000:8681,dimension_distance_diagnostic,topology.self.T.h0,,,,,,,0.0017306841909885406
trajectory_000000:8681,dimension_distance_diagnostic,topology.self.T.h1,,,,,,,0.00019293813966214657
trajectory_000000:8681,dimension_distance_diagnostic,topology.mutual.CO+T.h0,,,,,,,0.002090302761644125
trajectory_000000:8681,dimension_distance_diagnostic,topology.mutual.CO+T.h1,,,,,,,0.0009876874973997474
trajectory_000000:8697,self,self.CO,sublevel,h0,0.1,4,5,1,
trajectory_000000:8697,self,self.CO,sublevel,h0,0.25,4,5,1,
trajectory_000000:8697,self,self.CO,sublevel,h0,0.5,1,1,0,
trajectory_000000:8697,self,self.CO,sublevel,h0,0.75,3,2,1,
trajectory_000000:8697,self,self.CO,sublevel,h0,0.9,4,1,3,
trajectory_000000:8697,self,self.CO,sublevel,h1,0.1,93,0,93,
trajectory_000000:8697,self,self.CO,sublevel,h1,0.25,93,0,93,
trajectory_000000:8697,self,self.CO,sublevel,h1,0.5,0,0,0,
trajectory_000000:8697,self,self.CO,sublevel,h1,0.75,4,3,1,
trajectory_000000:8697,self,self.CO,sublevel,h1,0.9,6,2,4,
trajectory_000000:8697,self,self.T,sublevel,h0,0.1,4,9,5,
trajectory_000000:8697,self,self.T,sublevel,h0,0.25,3,15,12,
trajectory_000000:8697,self,self.T,sublevel,h0,0.5,1,2,1,
trajectory_000000:8697,self,self.T,sublevel,h0,0.75,1,1,0,
trajectory_000000:8697,self,self.T,sublevel,h0,0.9,2,1,1,
trajectory_000000:8697,self,self.T,sublevel,h1,0.1,0,3,3,
trajectory_000000:8697,self,self.T,sublevel,h1,0.25,0,3,3,
trajectory_000000:8697,self,self.T,sublevel,h1,0.5,0,0,0,
trajectory_000000:8697,self,self.T,sublevel,h1,0.75,2,0,2,
trajectory_000000:8697,self,self.T,sublevel,h1,0.9,3,6,3,
trajectory_000000:8697,mutual,mutual.CO+T,sublevel,h0,0.1,4,9,5,
trajectory_000000:8697,mutual,mutual.CO+T,sublevel,h0,0.25,3,15,12,
trajectory_000000:8697,mutual,mutual.CO+T,sublevel,h0,0.5,1,2,1,
trajectory_000000:8697,mutual,mutual.CO+T,sublevel,h0,0.75,19,3,16,
trajectory_000000:8697,mutual,mutual.CO+T,sublevel,h0,0.9,3,1,2,
trajectory_000000:8697,mutual,mutual.CO+T,sublevel,h1,0.1,0,3,3,
trajectory_000000:8697,mutual,mutual.CO+T,sublevel,h1,0.25,0,3,3,
trajectory_000000:8697,mutual,mutual.CO+T,sublevel,h1,0.5,0,0,0,
trajectory_000000:8697,mutual,mutual.CO+T,sublevel,h1,0.75,6,4,2,
trajectory_000000:8697,mutual,mutual.CO+T,sublevel,h1,0.9,10,2,8,
trajectory_000000:8697,mutual,mutual.CO+T,sublevel,h0,0.1,1,5,4,
trajectory_000000:8697,mutual,mutual.CO+T,sublevel,h0,0.25,1,5,4,
trajectory_000000:8697,mutual,mutual.CO+T,sublevel,h0,0.5,1,1,0,
trajectory_000000:8697,mutual,mutual.CO+T,sublevel,h0,0.75,19,3,16,
trajectory_000000:8697,mutual,mutual.CO+T,sublevel,h0,0.9,3,1,2,
trajectory_000000:8697,mutual,mutual.CO+T,sublevel,h1,0.1,1,0,1,
trajectory_000000:8697,mutual,mutual.CO+T,sublevel,h1,0.25,1,0,1,
trajectory_000000:8697,mutual,mutual.CO+T,sublevel,h1,0.5,0,0,0,
trajectory_000000:8697,mutual,mutual.CO+T,sublevel,h1,0.75,6,4,2,
trajectory_000000:8697,mutual,mutual.CO+T,sublevel,h1,0.9,9,2,7,
trajectory_000000:8697,mutual,mutual.CO+T,sublevel,h0,0.1,4,9,5,
trajectory_000000:8697,mutual,mutual.CO+T,sublevel,h0,0.25,3,15,12,
trajectory_000000:8697,mutual,mutual.CO+T,sublevel,h0,0.5,1,2,1,
trajectory_000000:8697,mutual,mutual.CO+T,sublevel,h0,0.75,3,2,1,
trajectory_000000:8697,mutual,mutual.CO+T,sublevel,h0,0.9,4,1,3,
trajectory_000000:8697,mutual,mutual.CO+T,sublevel,h1,0.1,0,3,3,
trajectory_000000:8697,mutual,mutual.CO+T,sublevel,h1,0.25,0,3,3,
trajectory_000000:8697,mutual,mutual.CO+T,sublevel,h1,0.5,0,0,0,
trajectory_000000:8697,mutual,mutual.CO+T,sublevel,h1,0.75,4,3,1,
trajectory_000000:8697,mutual,mutual.CO+T,sublevel,h1,0.9,6,2,4,
trajectory_000000:8697,self,self.CO,superlevel,h0,0.1,7,4,3,
trajectory_000000:8697,self,self.CO,superlevel,h0,0.25,6,5,1,
trajectory_000000:8697,self,self.CO,superlevel,h0,0.5,1,2,1,
trajectory_000000:8697,self,self.CO,superlevel,h0,0.75,1,6,5,
trajectory_000000:8697,self,self.CO,superlevel,h0,0.9,1,6,5,
trajectory_000000:8697,self,self.CO,superlevel,h1,0.1,1,0,1,
trajectory_000000:8697,self,self.CO,superlevel,h1,0.25,2,0,2,
trajectory_000000:8697,self,self.CO,superlevel,h1,0.5,0,0,0,
trajectory_000000:8697,self,self.CO,superlevel,h1,0.75,111,0,111,
trajectory_000000:8697,self,self.CO,superlevel,h1,0.9,111,0,111,
trajectory_000000:8697,self,self.T,superlevel,h0,0.1,4,7,3,
trajectory_000000:8697,self,self.T,superlevel,h0,0.25,3,2,1,
trajectory_000000:8697,self,self.T,superlevel,h0,0.5,1,1,0,
trajectory_000000:8697,self,self.T,superlevel,h0,0.75,1,10,9,
trajectory_000000:8697,self,self.T,superlevel,h0,0.9,1,6,5,
trajectory_000000:8697,self,self.T,superlevel,h1,0.1,1,0,1,
trajectory_000000:8697,self,self.T,superlevel,h1,0.25,0,0,0,
trajectory_000000:8697,self,self.T,superlevel,h1,0.5,0,1,1,
trajectory_000000:8697,self,self.T,superlevel,h1,0.75,0,10,10,
trajectory_000000:8697,self,self.T,superlevel,h1,0.9,2,6,4,
trajectory_000000:8697,mutual,mutual.CO+T,superlevel,h0,0.1,4,8,4,
trajectory_000000:8697,mutual,mutual.CO+T,superlevel,h0,0.25,4,1,3,
trajectory_000000:8697,mutual,mutual.CO+T,superlevel,h0,0.5,1,1,0,
trajectory_000000:8697,mutual,mutual.CO+T,superlevel,h0,0.75,1,10,9,
trajectory_000000:8697,mutual,mutual.CO+T,superlevel,h0,0.9,1,6,5,
trajectory_000000:8697,mutual,mutual.CO+T,superlevel,h1,0.1,0,0,0,
trajectory_000000:8697,mutual,mutual.CO+T,superlevel,h1,0.25,1,0,1,
trajectory_000000:8697,mutual,mutual.CO+T,superlevel,h1,0.5,0,1,1,
trajectory_000000:8697,mutual,mutual.CO+T,superlevel,h1,0.75,0,10,10,
trajectory_000000:8697,mutual,mutual.CO+T,superlevel,h1,0.9,2,6,4,
trajectory_000000:8697,mutual,mutual.CO+T,superlevel,h0,0.1,14,3,11,
trajectory_000000:8697,mutual,mutual.CO+T,superlevel,h0,0.25,7,3,4,
trajectory_000000:8697,mutual,mutual.CO+T,superlevel,h0,0.5,1,1,0,
trajectory_000000:8697,mutual,mutual.CO+T,superlevel,h0,0.75,1,10,9,
trajectory_000000:8697,mutual,mutual.CO+T,superlevel,h0,0.9,1,6,5,
trajectory_000000:8697,mutual,mutual.CO+T,superlevel,h1,0.1,0,1,1,
trajectory_000000:8697,mutual,mutual.CO+T,superlevel,h1,0.25,1,3,2,
trajectory_000000:8697,mutual,mutual.CO+T,superlevel,h1,0.5,0,1,1,
trajectory_000000:8697,mutual,mutual.CO+T,superlevel,h1,0.75,0,10,10,
trajectory_000000:8697,mutual,mutual.CO+T,superlevel,h1,0.9,2,6,4,
trajectory_000000:8697,mutual,mutual.CO+T,superlevel,h0,0.1,9,5,4,
trajectory_000000:8697,mutual,mutual.CO+T,superlevel,h0,0.25,12,5,7,
trajectory_000000:8697,mutual,mutual.CO+T,superlevel,h0,0.5,1,2,1,
trajectory_000000:8697,mutual,mutual.CO+T,superlevel,h0,0.75,1,6,5,
trajectory_000000:8697,mutual,mutual.CO+T,superlevel,h0,0.9,1,6,5,
trajectory_000000:8697,mutual,mutual.CO+T,superlevel,h1,0.1,0,0,0,
trajectory_000000:8697,mutual,mutual.CO+T,superlevel,h1,0.25,1,3,2,
trajectory_000000:8697,mutual,mutual.CO+T,superlevel,h1,0.5,0,0,0,
trajectory_000000:8697,mutual,mutual.CO+T,superlevel,h1,0.75,111,0,111,
trajectory_000000:8697,mutual,mutual.CO+T,superlevel,h1,0.9,111,0,111,
trajectory_000000:8697,persistence_distance,topology.self.persistence,,,,,,,0.002615296747535467
trajectory_000000:8697,persistence_distance,topology.mutual.persistence,,,,,,,0.0014830580912530422
trajectory_000000:8697,persistence_distance,topology.component_weighted_total_before_outer_family_weight,,,,,,,0.004098354838788509
trajectory_000000:8697,dimension_distance_diagnostic,topology.self.CO.h0,,,,,,,0.005272188223898411
trajectory_000000:8697,dimension_distance_diagnostic,topology.self.CO.h1,,,,,,,0.001285384758375585
trajectory_000000:8697,dimension_distance_diagnostic,topology.self.T.h0,,,,,,,0.003764508757740259
trajectory_000000:8697,dimension_distance_diagnostic,topology.self.T.h1,,,,,,,0.00013910510460846126
trajectory_000000:8697,dimension_distance_diagnostic,topology.mutual.CO+T.h0,,,,,,,0.0018646088428795338
trajectory_000000:8697,dimension_distance_diagnostic,topology.mutual.CO+T.h1,,,,,,,0.0011015073396265507
trajectory_000000:8713,self,self.CO,sublevel,h0,0.1,4,5,1,
trajectory_000000:8713,self,self.CO,sublevel,h0,0.25,4,5,1,
trajectory_000000:8713,self,self.CO,sublevel,h0,0.5,1,3,2,
trajectory_000000:8713,self,self.CO,sublevel,h0,0.75,1,2,1,
trajectory_000000:8713,self,self.CO,sublevel,h0,0.9,2,3,1,
trajectory_000000:8713,self,self.CO,sublevel,h1,0.1,103,2,101,
trajectory_000000:8713,self,self.CO,sublevel,h1,0.25,103,2,101,
trajectory_000000:8713,self,self.CO,sublevel,h1,0.5,0,1,1,
trajectory_000000:8713,self,self.CO,sublevel,h1,0.75,3,0,3,
trajectory_000000:8713,self,self.CO,sublevel,h1,0.9,1,4,3,
trajectory_000000:8713,self,self.T,sublevel,h0,0.1,2,4,2,
trajectory_000000:8713,self,self.T,sublevel,h0,0.25,3,4,1,
trajectory_000000:8713,self,self.T,sublevel,h0,0.5,1,4,3,
trajectory_000000:8713,self,self.T,sublevel,h0,0.75,1,1,0,
trajectory_000000:8713,self,self.T,sublevel,h0,0.9,1,2,1,
trajectory_000000:8713,self,self.T,sublevel,h1,0.1,0,0,0,
trajectory_000000:8713,self,self.T,sublevel,h1,0.25,1,2,1,
trajectory_000000:8713,self,self.T,sublevel,h1,0.5,2,1,1,
trajectory_000000:8713,self,self.T,sublevel,h1,0.75,1,2,1,
trajectory_000000:8713,self,self.T,sublevel,h1,0.9,2,3,1,
trajectory_000000:8713,mutual,mutual.CO+T,sublevel,h0,0.1,2,4,2,
trajectory_000000:8713,mutual,mutual.CO+T,sublevel,h0,0.25,3,4,1,
trajectory_000000:8713,mutual,mutual.CO+T,sublevel,h0,0.5,1,4,3,
trajectory_000000:8713,mutual,mutual.CO+T,sublevel,h0,0.75,22,7,15,
trajectory_000000:8713,mutual,mutual.CO+T,sublevel,h0,0.9,2,3,1,
trajectory_000000:8713,mutual,mutual.CO+T,sublevel,h1,0.1,0,0,0,
trajectory_000000:8713,mutual,mutual.CO+T,sublevel,h1,0.25,1,2,1,
trajectory_000000:8713,mutual,mutual.CO+T,sublevel,h1,0.5,2,1,1,
trajectory_000000:8713,mutual,mutual.CO+T,sublevel,h1,0.75,1,6,5,
trajectory_000000:8713,mutual,mutual.CO+T,sublevel,h1,0.9,1,4,3,
trajectory_000000:8713,mutual,mutual.CO+T,sublevel,h0,0.1,4,5,1,
trajectory_000000:8713,mutual,mutual.CO+T,sublevel,h0,0.25,4,5,1,
trajectory_000000:8713,mutual,mutual.CO+T,sublevel,h0,0.5,1,3,2,
trajectory_000000:8713,mutual,mutual.CO+T,sublevel,h0,0.75,23,7,16,
trajectory_000000:8713,mutual,mutual.CO+T,sublevel,h0,0.9,2,4,2,
trajectory_000000:8713,mutual,mutual.CO+T,sublevel,h1,0.1,103,2,101,
trajectory_000000:8713,mutual,mutual.CO+T,sublevel,h1,0.25,103,2,101,
trajectory_000000:8713,mutual,mutual.CO+T,sublevel,h1,0.5,0,1,1,
trajectory_000000:8713,mutual,mutual.CO+T,sublevel,h1,0.75,1,6,5,
trajectory_000000:8713,mutual,mutual.CO+T,sublevel,h1,0.9,3,5,2,
trajectory_000000:8713,mutual,mutual.CO+T,sublevel,h0,0.1,2,4,2,
trajectory_000000:8713,mutual,mutual.CO+T,sublevel,h0,0.25,3,4,1,
trajectory_000000:8713,mutual,mutual.CO+T,sublevel,h0,0.5,1,4,3,
trajectory_000000:8713,mutual,mutual.CO+T,sublevel,h0,0.75,1,2,1,
trajectory_000000:8713,mutual,mutual.CO+T,sublevel,h0,0.9,2,3,1,
trajectory_000000:8713,mutual,mutual.CO+T,sublevel,h1,0.1,0,0,0,
trajectory_000000:8713,mutual,mutual.CO+T,sublevel,h1,0.25,1,2,1,
trajectory_000000:8713,mutual,mutual.CO+T,sublevel,h1,0.5,2,1,1,
trajectory_000000:8713,mutual,mutual.CO+T,sublevel,h1,0.75,3,0,3,
trajectory_000000:8713,mutual,mutual.CO+T,sublevel,h1,0.9,1,4,3,
trajectory_000000:8713,self,self.CO,superlevel,h0,0.1,1,6,5,
trajectory_000000:8713,self,self.CO,superlevel,h0,0.25,5,1,4,
trajectory_000000:8713,self,self.CO,superlevel,h0,0.5,1,9,8,
trajectory_000000:8713,self,self.CO,superlevel,h0,0.75,1,8,7,
trajectory_000000:8713,self,self.CO,superlevel,h0,0.9,1,8,7,
trajectory_000000:8713,self,self.CO,superlevel,h1,0.1,1,1,0,
trajectory_000000:8713,self,self.CO,superlevel,h1,0.25,0,1,1,
trajectory_000000:8713,self,self.CO,superlevel,h1,0.5,0,1,1,
trajectory_000000:8713,self,self.CO,superlevel,h1,0.75,119,2,117,
trajectory_000000:8713,self,self.CO,superlevel,h1,0.9,119,2,117,
trajectory_000000:8713,self,self.T,superlevel,h0,0.1,4,4,0,
trajectory_000000:8713,self,self.T,superlevel,h0,0.25,2,3,1,
trajectory_000000:8713,self,self.T,superlevel,h0,0.5,3,8,5,
trajectory_000000:8713,self,self.T,superlevel,h0,0.75,3,6,3,
trajectory_000000:8713,self,self.T,superlevel,h0,0.9,1,1,0,
trajectory_000000:8713,self,self.T,superlevel,h1,0.1,0,1,1,
trajectory_000000:8713,self,self.T,superlevel,h1,0.25,0,0,0,
trajectory_000000:8713,self,self.T,superlevel,h1,0.5,0,2,2,
trajectory_000000:8713,self,self.T,superlevel,h1,0.75,0,2,2,
trajectory_000000:8713,self,self.T,superlevel,h1,0.9,0,3,3,
trajectory_000000:8713,mutual,mutual.CO+T,superlevel,h0,0.1,5,5,0,
trajectory_000000:8713,mutual,mutual.CO+T,superlevel,h0,0.25,2,3,1,
trajectory_000000:8713,mutual,mutual.CO+T,superlevel,h0,0.5,3,8,5,
trajectory_000000:8713,mutual,mutual.CO+T,superlevel,h0,0.75,3,6,3,
trajectory_000000:8713,mutual,mutual.CO+T,superlevel,h0,0.9,1,1,0,
trajectory_000000:8713,mutual,mutual.CO+T,superlevel,h1,0.1,0,0,0,
trajectory_000000:8713,mutual,mutual.CO+T,superlevel,h1,0.25,0,2,2,
trajectory_000000:8713,mutual,mutual.CO+T,superlevel,h1,0.5,0,2,2,
trajectory_000000:8713,mutual,mutual.CO+T,superlevel,h1,0.75,0,2,2,
trajectory_000000:8713,mutual,mutual.CO+T,superlevel,h1,0.9,0,3,3,
trajectory_000000:8713,mutual,mutual.CO+T,superlevel,h0,0.1,5,9,4,
trajectory_000000:8713,mutual,mutual.CO+T,superlevel,h0,0.25,6,2,4,
trajectory_000000:8713,mutual,mutual.CO+T,superlevel,h0,0.5,3,8,5,
trajectory_000000:8713,mutual,mutual.CO+T,superlevel,h0,0.75,3,6,3,
trajectory_000000:8713,mutual,mutual.CO+T,superlevel,h0,0.9,1,1,0,
trajectory_000000:8713,mutual,mutual.CO+T,superlevel,h1,0.1,1,1,0,
trajectory_000000:8713,mutual,mutual.CO+T,superlevel,h1,0.25,2,1,1,
trajectory_000000:8713,mutual,mutual.CO+T,superlevel,h1,0.5,0,2,2,
trajectory_000000:8713,mutual,mutual.CO+T,superlevel,h1,0.75,0,2,2,
trajectory_000000:8713,mutual,mutual.CO+T,superlevel,h1,0.9,0,3,3,
trajectory_000000:8713,mutual,mutual.CO+T,superlevel,h0,0.1,5,6,1,
trajectory_000000:8713,mutual,mutual.CO+T,superlevel,h0,0.25,5,1,4,
trajectory_000000:8713,mutual,mutual.CO+T,superlevel,h0,0.5,1,9,8,
trajectory_000000:8713,mutual,mutual.CO+T,superlevel,h0,0.75,1,8,7,
trajectory_000000:8713,mutual,mutual.CO+T,superlevel,h0,0.9,1,8,7,
trajectory_000000:8713,mutual,mutual.CO+T,superlevel,h1,0.1,0,1,1,
trajectory_000000:8713,mutual,mutual.CO+T,superlevel,h1,0.25,3,1,2,
trajectory_000000:8713,mutual,mutual.CO+T,superlevel,h1,0.5,0,1,1,
trajectory_000000:8713,mutual,mutual.CO+T,superlevel,h1,0.75,119,2,117,
trajectory_000000:8713,mutual,mutual.CO+T,superlevel,h1,0.9,119,2,117,
trajectory_000000:8713,persistence_distance,topology.self.persistence,,,,,,,0.001684156944975257
trajectory_000000:8713,persistence_distance,topology.mutual.persistence,,,,,,,0.0009848891058936715
trajectory_000000:8713,persistence_distance,topology.component_weighted_total_before_outer_family_weight,,,,,,,0.0026690461672842503
trajectory_000000:8713,dimension_distance_diagnostic,topology.self.CO.h0,,,,,,,0.004756157752126455
trajectory_000000:8713,dimension_distance_diagnostic,topology.self.CO.h1,,,,,,,0.0007770409574732184
trajectory_000000:8713,dimension_distance_diagnostic,topology.self.T.h0,,,,,,,0.0010693591320887208
trajectory_000000:8713,dimension_distance_diagnostic,topology.self.T.h1,,,,,,,0.00013406954531092197
trajectory_000000:8713,dimension_distance_diagnostic,topology.mutual.CO+T.h0,,,,,,,0.0013512704754248261
trajectory_000000:8713,dimension_distance_diagnostic,topology.mutual.CO+T.h1,,,,,,,0.000618507619947195
trajectory_000000:8729,self,self.CO,sublevel,h0,0.1,2,5,3,
trajectory_000000:8729,self,self.CO,sublevel,h0,0.25,2,5,3,
trajectory_000000:8729,self,self.CO,sublevel,h0,0.5,1,5,4,
trajectory_000000:8729,self,self.CO,sublevel,h0,0.75,2,1,1,
trajectory_000000:8729,self,self.CO,sublevel,h0,0.9,1,1,0,
trajectory_000000:8729,self,self.CO,sublevel,h1,0.1,109,0,109,
trajectory_000000:8729,self,self.CO,sublevel,h1,0.25,109,0,109,
trajectory_000000:8729,self,self.CO,sublevel,h1,0.5,0,0,0,
trajectory_000000:8729,self,self.CO,sublevel,h1,0.75,1,2,1,
trajectory_000000:8729,self,self.CO,sublevel,h1,0.9,3,2,1,
trajectory_000000:8729,self,self.T,sublevel,h0,0.1,6,5,1,
trajectory_000000:8729,self,self.T,sublevel,h0,0.25,2,6,4,
trajectory_000000:8729,self,self.T,sublevel,h0,0.5,1,4,3,
trajectory_000000:8729,self,self.T,sublevel,h0,0.75,1,1,0,
trajectory_000000:8729,self,self.T,sublevel,h0,0.9,1,2,1,
trajectory_000000:8729,self,self.T,sublevel,h1,0.1,1,2,1,
trajectory_000000:8729,self,self.T,sublevel,h1,0.25,2,0,2,
trajectory_000000:8729,self,self.T,sublevel,h1,0.5,1,4,3,
trajectory_000000:8729,self,self.T,sublevel,h1,0.75,0,2,2,
trajectory_000000:8729,self,self.T,sublevel,h1,0.9,1,5,4,
trajectory_000000:8729,mutual,mutual.CO+T,sublevel,h0,0.1,6,5,1,
trajectory_000000:8729,mutual,mutual.CO+T,sublevel,h0,0.25,2,6,4,
trajectory_000000:8729,mutual,mutual.CO+T,sublevel,h0,0.5,1,4,3,
trajectory_000000:8729,mutual,mutual.CO+T,sublevel,h0,0.75,9,1,8,
trajectory_000000:8729,mutual,mutual.CO+T,sublevel,h0,0.9,1,1,0,
trajectory_000000:8729,mutual,mutual.CO+T,sublevel,h1,0.1,1,2,1,
trajectory_000000:8729,mutual,mutual.CO+T,sublevel,h1,0.25,2,0,2,
trajectory_000000:8729,mutual,mutual.CO+T,sublevel,h1,0.5,1,4,3,
trajectory_000000:8729,mutual,mutual.CO+T,sublevel,h1,0.75,4,1,3,
trajectory_000000:8729,mutual,mutual.CO+T,sublevel,h1,0.9,5,2,3,
trajectory_000000:8729,mutual,mutual.CO+T,sublevel,h0,0.1,1,5,4,
trajectory_000000:8729,mutual,mutual.CO+T,sublevel,h0,0.25,1,5,4,
trajectory_000000:8729,mutual,mutual.CO+T,sublevel,h0,0.5,1,5,4,
trajectory_000000:8729,mutual,mutual.CO+T,sublevel,h0,0.75,9,1,8,
trajectory_000000:8729,mutual,mutual.CO+T,sublevel,h0,0.9,1,1,0,
trajectory_000000:8729,mutual,mutual.CO+T,sublevel,h1,0.1,1,0,1,
trajectory_000000:8729,mutual,mutual.CO+T,sublevel,h1,0.25,1,0,1,
trajectory_000000:8729,mutual,mutual.CO+T,sublevel,h1,0.5,0,0,0,
trajectory_000000:8729,mutual,mutual.CO+T,sublevel,h1,0.75,4,1,3,
trajectory_000000:8729,mutual,mutual.CO+T,sublevel,h1,0.9,6,3,3,
trajectory_000000:8729,mutual,mutual.CO+T,sublevel,h0,0.1,6,7,1,
trajectory_000000:8729,mutual,mutual.CO+T,sublevel,h0,0.25,2,6,4,
trajectory_000000:8729,mutual,mutual.CO+T,sublevel,h0,0.5,1,5,4,
trajectory_000000:8729,mutual,mutual.CO+T,sublevel,h0,0.75,1,1,0,
trajectory_000000:8729,mutual,mutual.CO+T,sublevel,h0,0.9,1,1,0,
trajectory_000000:8729,mutual,mutual.CO+T,sublevel,h1,0.1,1,2,1,
trajectory_000000:8729,mutual,mutual.CO+T,sublevel,h1,0.25,2,0,2,
trajectory_000000:8729,mutual,mutual.CO+T,sublevel,h1,0.5,1,4,3,
trajectory_000000:8729,mutual,mutual.CO+T,sublevel,h1,0.75,1,2,1,
trajectory_000000:8729,mutual,mutual.CO+T,sublevel,h1,0.9,3,2,1,
trajectory_000000:8729,self,self.CO,superlevel,h0,0.1,5,3,2,
trajectory_000000:8729,self,self.CO,superlevel,h0,0.25,2,3,1,
trajectory_000000:8729,self,self.CO,superlevel,h0,0.5,1,8,7,
trajectory_000000:8729,self,self.CO,superlevel,h0,0.75,1,8,7,
trajectory_000000:8729,self,self.CO,superlevel,h0,0.9,1,8,7,
trajectory_000000:8729,self,self.CO,superlevel,h1,0.1,0,0,0,
trajectory_000000:8729,self,self.CO,superlevel,h1,0.25,0,0,0,
trajectory_000000:8729,self,self.CO,superlevel,h1,0.5,0,3,3,
trajectory_000000:8729,self,self.CO,superlevel,h1,0.75,135,3,132,
trajectory_000000:8729,self,self.CO,superlevel,h1,0.9,135,3,132,
trajectory_000000:8729,self,self.T,superlevel,h0,0.1,4,7,3,
trajectory_000000:8729,self,self.T,superlevel,h0,0.25,4,3,1,
trajectory_000000:8729,self,self.T,superlevel,h0,0.5,2,7,5,
trajectory_000000:8729,self,self.T,superlevel,h0,0.75,6,1,5,
trajectory_000000:8729,self,self.T,superlevel,h0,0.9,2,4,2,
trajectory_000000:8729,self,self.T,superlevel,h1,0.1,0,0,0,
trajectory_000000:8729,self,self.T,superlevel,h1,0.25,0,0,0,
trajectory_000000:8729,self,self.T,superlevel,h1,0.5,0,2,2,
trajectory_000000:8729,self,self.T,superlevel,h1,0.75,0,4,4,
trajectory_000000:8729,self,self.T,superlevel,h1,0.9,1,3,2,
trajectory_000000:8729,mutual,mutual.CO+T,superlevel,h0,0.1,2,6,4,
trajectory_000000:8729,mutual,mutual.CO+T,superlevel,h0,0.25,2,4,2,
trajectory_000000:8729,mutual,mutual.CO+T,superlevel,h0,0.5,2,7,5,
trajectory_000000:8729,mutual,mutual.CO+T,superlevel,h0,0.75,6,1,5,
trajectory_000000:8729,mutual,mutual.CO+T,superlevel,h0,0.9,2,4,2,
trajectory_000000:8729,mutual,mutual.CO+T,superlevel,h1,0.1,0,1,1,
trajectory_000000:8729,mutual,mutual.CO+T,superlevel,h1,0.25,2,1,1,
trajectory_000000:8729,mutual,mutual.CO+T,superlevel,h1,0.5,0,2,2,
trajectory_000000:8729,mutual,mutual.CO+T,superlevel,h1,0.75,0,4,4,
trajectory_000000:8729,mutual,mutual.CO+T,superlevel,h1,0.9,1,3,2,
trajectory_000000:8729,mutual,mutual.CO+T,superlevel,h0,0.1,11,1,10,
trajectory_000000:8729,mutual,mutual.CO+T,superlevel,h0,0.25,2,3,1,
trajectory_000000:8729,mutual,mutual.CO+T,superlevel,h0,0.5,2,7,5,
trajectory_000000:8729,mutual,mutual.CO+T,superlevel,h0,0.75,6,1,5,
trajectory_000000:8729,mutual,mutual.CO+T,superlevel,h0,0.9,2,4,2,
trajectory_000000:8729,mutual,mutual.CO+T,superlevel,h1,0.1,0,0,0,
trajectory_000000:8729,mutual,mutual.CO+T,superlevel,h1,0.25,1,0,1,
trajectory_000000:8729,mutual,mutual.CO+T,superlevel,h1,0.5,0,2,2,
trajectory_000000:8729,mutual,mutual.CO+T,superlevel,h1,0.75,0,4,4,
trajectory_000000:8729,mutual,mutual.CO+T,superlevel,h1,0.9,1,3,2,
trajectory_000000:8729,mutual,mutual.CO+T,superlevel,h0,0.1,2,2,0,
trajectory_000000:8729,mutual,mutual.CO+T,superlevel,h0,0.25,2,3,1,
trajectory_000000:8729,mutual,mutual.CO+T,superlevel,h0,0.5,1,8,7,
trajectory_000000:8729,mutual,mutual.CO+T,superlevel,h0,0.75,1,8,7,
trajectory_000000:8729,mutual,mutual.CO+T,superlevel,h0,0.9,1,8,7,
trajectory_000000:8729,mutual,mutual.CO+T,superlevel,h1,0.1,0,0,0,
trajectory_000000:8729,mutual,mutual.CO+T,superlevel,h1,0.25,1,0,1,
trajectory_000000:8729,mutual,mutual.CO+T,superlevel,h1,0.5,0,3,3,
trajectory_000000:8729,mutual,mutual.CO+T,superlevel,h1,0.75,135,3,132,
trajectory_000000:8729,mutual,mutual.CO+T,superlevel,h1,0.9,135,3,132,
trajectory_000000:8729,persistence_distance,topology.self.persistence,,,,,,,0.0018504370236769319
trajectory_000000:8729,persistence_distance,topology.mutual.persistence,,,,,,,0.0011540824780240655
trajectory_000000:8729,persistence_distance,topology.component_weighted_total_before_outer_family_weight,,,,,,,0.0030045195017009974
trajectory_000000:8729,dimension_distance_diagnostic,topology.self.CO.h0,,,,,,,0.004893451929092407
trajectory_000000:8729,dimension_distance_diagnostic,topology.self.CO.h1,,,,,,,0.0009301351383328438
trajectory_000000:8729,dimension_distance_diagnostic,topology.self.T.h0,,,,,,,0.0015135395806282759
trajectory_000000:8729,dimension_distance_diagnostic,topology.self.T.h1,,,,,,,6.462183955591172e-05
trajectory_000000:8729,dimension_distance_diagnostic,topology.mutual.CO+T.h0,,,,,,,0.0014846503036096692
trajectory_000000:8729,dimension_distance_diagnostic,topology.mutual.CO+T.h1,,,,,,,0.0008235145942308009
trajectory_000000:8745,self,self.CO,sublevel,h0,0.1,6,8,2,
trajectory_000000:8745,self,self.CO,sublevel,h0,0.25,6,8,2,
trajectory_000000:8745,self,self.CO,sublevel,h0,0.5,1,9,8,
trajectory_000000:8745,self,self.CO,sublevel,h0,0.75,4,4,0,
trajectory_000000:8745,self,self.CO,sublevel,h0,0.9,2,1,1,
trajectory_000000:8745,self,self.CO,sublevel,h1,0.1,109,0,109,
trajectory_000000:8745,self,self.CO,sublevel,h1,0.25,109,0,109,
trajectory_000000:8745,self,self.CO,sublevel,h1,0.5,0,0,0,
trajectory_000000:8745,self,self.CO,sublevel,h1,0.75,1,0,1,
trajectory_000000:8745,self,self.CO,sublevel,h1,0.9,6,7,1,
trajectory_000000:8745,self,self.T,sublevel,h0,0.1,1,5,4,
trajectory_000000:8745,self,self.T,sublevel,h0,0.25,2,10,8,
trajectory_000000:8745,self,self.T,sublevel,h0,0.5,1,1,0,
trajectory_000000:8745,self,self.T,sublevel,h0,0.75,1,1,0,
trajectory_000000:8745,self,self.T,sublevel,h0,0.9,1,1,0,
trajectory_000000:8745,self,self.T,sublevel,h1,0.1,0,0,0,
trajectory_000000:8745,self,self.T,sublevel,h1,0.25,0,6,6,
trajectory_000000:8745,self,self.T,sublevel,h1,0.5,0,3,3,
trajectory_000000:8745,self,self.T,sublevel,h1,0.75,0,1,1,
trajectory_000000:8745,self,self.T,sublevel,h1,0.9,2,1,1,
trajectory_000000:8745,mutual,mutual.CO+T,sublevel,h0,0.1,1,5,4,
trajectory_000000:8745,mutual,mutual.CO+T,sublevel,h0,0.25,2,10,8,
trajectory_000000:8745,mutual,mutual.CO+T,sublevel,h0,0.5,1,1,0,
trajectory_000000:8745,mutual,mutual.CO+T,sublevel,h0,0.75,7,11,4,
trajectory_000000:8745,mutual,mutual.CO+T,sublevel,h0,0.9,4,1,3,
trajectory_000000:8745,mutual,mutual.CO+T,sublevel,h1,0.1,0,0,0,
trajectory_000000:8745,mutual,mutual.CO+T,sublevel,h1,0.25,0,6,6,
trajectory_000000:8745,mutual,mutual.CO+T,sublevel,h1,0.5,0,3,3,
trajectory_000000:8745,mutual,mutual.CO+T,sublevel,h1,0.75,2,4,2,
trajectory_000000:8745,mutual,mutual.CO+T,sublevel,h1,0.9,9,10,1,
trajectory_000000:8745,mutual,mutual.CO+T,sublevel,h0,0.1,1,8,7,
trajectory_000000:8745,mutual,mutual.CO+T,sublevel,h0,0.25,1,8,7,
trajectory_000000:8745,mutual,mutual.CO+T,sublevel,h0,0.5,1,9,8,
trajectory_000000:8745,mutual,mutual.CO+T,sublevel,h0,0.75,6,10,4,
trajectory_000000:8745,mutual,mutual.CO+T,sublevel,h0,0.9,3,1,2,
trajectory_000000:8745,mutual,mutual.CO+T,sublevel,h1,0.1,1,0,1,
trajectory_000000:8745,mutual,mutual.CO+T,sublevel,h1,0.25,1,0,1,
trajectory_000000:8745,mutual,mutual.CO+T,sublevel,h1,0.5,0,0,0,
trajectory_000000:8745,mutual,mutual.CO+T,sublevel,h1,0.75,2,3,1,
trajectory_000000:8745,mutual,mutual.CO+T,sublevel,h1,0.9,9,12,3,
trajectory_000000:8745,mutual,mutual.CO+T,sublevel,h0,0.1,1,6,5,
trajectory_000000:8745,mutual,mutual.CO+T,sublevel,h0,0.25,2,11,9,
trajectory_000000:8745,mutual,mutual.CO+T,sublevel,h0,0.5,1,1,0,
trajectory_000000:8745,mutual,mutual.CO+T,sublevel,h0,0.75,4,4,0,
trajectory_000000:8745,mutual,mutual.CO+T,sublevel,h0,0.9,2,1,1,
trajectory_000000:8745,mutual,mutual.CO+T,sublevel,h1,0.1,0,0,0,
trajectory_000000:8745,mutual,mutual.CO+T,sublevel,h1,0.25,0,7,7,
trajectory_000000:8745,mutual,mutual.CO+T,sublevel,h1,0.5,0,3,3,
trajectory_000000:8745,mutual,mutual.CO+T,sublevel,h1,0.75,2,0,2,
trajectory_000000:8745,mutual,mutual.CO+T,sublevel,h1,0.9,6,7,1,
trajectory_000000:8745,self,self.CO,superlevel,h0,0.1,10,13,3,
trajectory_000000:8745,self,self.CO,superlevel,h0,0.25,2,1,1,
trajectory_000000:8745,self,self.CO,superlevel,h0,0.5,1,3,2,
trajectory_000000:8745,self,self.CO,superlevel,h0,0.75,1,1,0,
trajectory_000000:8745,self,self.CO,superlevel,h0,0.9,1,1,0,
trajectory_000000:8745,self,self.CO,superlevel,h1,0.1,1,0,1,
trajectory_000000:8745,self,self.CO,superlevel,h1,0.25,2,2,0,
trajectory_000000:8745,self,self.CO,superlevel,h1,0.5,0,5,5,
trajectory_000000:8745,self,self.CO,superlevel,h1,0.75,126,5,121,
trajectory_000000:8745,self,self.CO,superlevel,h1,0.9,126,5,121,
trajectory_000000:8745,self,self.T,superlevel,h0,0.1,3,2,1,
trajectory_000000:8745,self,self.T,superlevel,h0,0.25,1,3,2,
trajectory_000000:8745,self,self.T,superlevel,h0,0.5,2,5,3,
trajectory_000000:8745,self,self.T,superlevel,h0,0.75,1,11,10,
trajectory_000000:8745,self,self.T,superlevel,h0,0.9,2,1,1,
trajectory_000000:8745,self,self.T,superlevel,h1,0.1,0,0,0,
trajectory_000000:8745,self,self.T,superlevel,h1,0.25,0,0,0,
trajectory_000000:8745,self,self.T,superlevel,h1,0.5,0,0,0,
trajectory_000000:8745,self,self.T,superlevel,h1,0.75,0,6,6,
trajectory_000000:8745,self,self.T,superlevel,h1,0.9,0,2,2,
trajectory_000000:8745,mutual,mutual.CO+T,superlevel,h0,0.1,7,6,1,
trajectory_000000:8745,mutual,mutual.CO+T,superlevel,h0,0.25,5,1,4,
trajectory_000000:8745,mutual,mutual.CO+T,superlevel,h0,0.5,2,5,3,
trajectory_000000:8745,mutual,mutual.CO+T,superlevel,h0,0.75,1,11,10,
trajectory_000000:8745,mutual,mutual.CO+T,superlevel,h0,0.9,2,1,1,
trajectory_000000:8745,mutual,mutual.CO+T,superlevel,h1,0.1,0,0,0,
trajectory_000000:8745,mutual,mutual.CO+T,superlevel,h1,0.25,0,0,0,
trajectory_000000:8745,mutual,mutual.CO+T,superlevel,h1,0.5,0,0,0,
trajectory_000000:8745,mutual,mutual.CO+T,superlevel,h1,0.75,0,6,6,
trajectory_000000:8745,mutual,mutual.CO+T,superlevel,h1,0.9,0,2,2,
trajectory_000000:8745,mutual,mutual.CO+T,superlevel,h0,0.1,13,12,1,
trajectory_000000:8745,mutual,mutual.CO+T,superlevel,h0,0.25,2,1,1,
trajectory_000000:8745,mutual,mutual.CO+T,superlevel,h0,0.5,2,5,3,
trajectory_000000:8745,mutual,mutual.CO+T,superlevel,h0,0.75,1,11,10,
trajectory_000000:8745,mutual,mutual.CO+T,superlevel,h0,0.9,2,1,1,
trajectory_000000:8745,mutual,mutual.CO+T,superlevel,h1,0.1,1,0,1,
trajectory_000000:8745,mutual,mutual.CO+T,superlevel,h1,0.25,1,1,0,
trajectory_000000:8745,mutual,mutual.CO+T,superlevel,h1,0.5,0,0,0,
trajectory_000000:8745,mutual,mutual.CO+T,superlevel,h1,0.75,0,6,6,
trajectory_000000:8745,mutual,mutual.CO+T,superlevel,h1,0.9,0,2,2,
trajectory_000000:8745,mutual,mutual.CO+T,superlevel,h0,0.1,10,11,1,
trajectory_000000:8745,mutual,mutual.CO+T,superlevel,h0,0.25,2,1,1,
trajectory_000000:8745,mutual,mutual.CO+T,superlevel,h0,0.5,1,3,2,
trajectory_000000:8745,mutual,mutual.CO+T,superlevel,h0,0.75,1,1,0,
trajectory_000000:8745,mutual,mutual.CO+T,superlevel,h0,0.9,1,1,0,
trajectory_000000:8745,mutual,mutual.CO+T,superlevel,h1,0.1,1,1,0,
trajectory_000000:8745,mutual,mutual.CO+T,superlevel,h1,0.25,1,1,0,
trajectory_000000:8745,mutual,mutual.CO+T,superlevel,h1,0.5,0,5,5,
trajectory_000000:8745,mutual,mutual.CO+T,superlevel,h1,0.75,126,5,121,
trajectory_000000:8745,mutual,mutual.CO+T,superlevel,h1,0.9,126,5,121,
trajectory_000000:8745,persistence_distance,topology.self.persistence,,,,,,,0.00396746164187789
trajectory_000000:8745,persistence_distance,topology.mutual.persistence,,,,,,,0.0018268455751240253
trajectory_000000:8745,persistence_distance,topology.component_weighted_total_before_outer_family_weight,,,,,,,0.005794307217001915
trajectory_000000:8745,dimension_distance_diagnostic,topology.self.CO.h0,,,,,,,0.011057020165026188
trajectory_000000:8745,dimension_distance_diagnostic,topology.self.CO.h1,,,,,,,0.0009054496185854077
trajectory_000000:8745,dimension_distance_diagnostic,topology.self.T.h0,,,,,,,0.003782709129154682
trajectory_000000:8745,dimension_distance_diagnostic,topology.self.T.h1,,,,,,,0.00012466720363590866
trajectory_000000:8745,dimension_distance_diagnostic,topology.mutual.CO+T.h0,,,,,,,0.0029242876917123795
trajectory_000000:8745,dimension_distance_diagnostic,topology.mutual.CO+T.h1,,,,,,,0.0007294036913663149
trajectory_000000:8761,self,self.CO,sublevel,h0,0.1,5,10,5,
trajectory_000000:8761,self,self.CO,sublevel,h0,0.25,5,10,5,
trajectory_000000:8761,self,self.CO,sublevel,h0,0.5,1,2,1,
trajectory_000000:8761,self,self.CO,sublevel,h0,0.75,4,2,2,
trajectory_000000:8761,self,self.CO,sublevel,h0,0.9,6,1,5,
trajectory_000000:8761,self,self.CO,sublevel,h1,0.1,98,2,96,
trajectory_000000:8761,self,self.CO,sublevel,h1,0.25,98,2,96,
trajectory_000000:8761,self,self.CO,sublevel,h1,0.5,0,0,0,
trajectory_000000:8761,self,self.CO,sublevel,h1,0.75,3,0,3,
trajectory_000000:8761,self,self.CO,sublevel,h1,0.9,5,1,4,
trajectory_000000:8761,self,self.T,sublevel,h0,0.1,1,4,3,
trajectory_000000:8761,self,self.T,sublevel,h0,0.25,3,4,1,
trajectory_000000:8761,self,self.T,sublevel,h0,0.5,1,4,3,
trajectory_000000:8761,self,self.T,sublevel,h0,0.75,4,1,3,
trajectory_000000:8761,self,self.T,sublevel,h0,0.9,1,3,2,
trajectory_000000:8761,self,self.T,sublevel,h1,0.1,0,0,0,
trajectory_000000:8761,self,self.T,sublevel,h1,0.25,0,2,2,
trajectory_000000:8761,self,self.T,sublevel,h1,0.5,0,2,2,
trajectory_000000:8761,self,self.T,sublevel,h1,0.75,2,1,1,
trajectory_000000:8761,self,self.T,sublevel,h1,0.9,4,1,3,
trajectory_000000:8761,mutual,mutual.CO+T,sublevel,h0,0.1,1,4,3,
trajectory_000000:8761,mutual,mutual.CO+T,sublevel,h0,0.25,3,4,1,
trajectory_000000:8761,mutual,mutual.CO+T,sublevel,h0,0.5,1,4,3,
trajectory_000000:8761,mutual,mutual.CO+T,sublevel,h0,0.75,19,13,6,
trajectory_000000:8761,mutual,mutual.CO+T,sublevel,h0,0.9,6,1,5,
trajectory_000000:8761,mutual,mutual.CO+T,sublevel,h1,0.1,0,0,0,
trajectory_000000:8761,mutual,mutual.CO+T,sublevel,h1,0.25,0,2,2,
trajectory_000000:8761,mutual,mutual.CO+T,sublevel,h1,0.5,0,2,2,
trajectory_000000:8761,mutual,mutual.CO+T,sublevel,h1,0.75,3,2,1,
trajectory_000000:8761,mutual,mutual.CO+T,sublevel,h1,0.9,5,1,4,
trajectory_000000:8761,mutual,mutual.CO+T,sublevel,h0,0.1,1,10,9,
trajectory_000000:8761,mutual,mutual.CO+T,sublevel,h0,0.25,1,10,9,
trajectory_000000:8761,mutual,mutual.CO+T,sublevel,h0,0.5,1,2,1,
trajectory_000000:8761,mutual,mutual.CO+T,sublevel,h0,0.75,19,13,6,
trajectory_000000:8761,mutual,mutual.CO+T,sublevel,h0,0.9,5,1,4,
trajectory_000000:8761,mutual,mutual.CO+T,sublevel,h1,0.1,1,2,1,
trajectory_000000:8761,mutual,mutual.CO+T,sublevel,h1,0.25,1,2,1,
trajectory_000000:8761,mutual,mutual.CO+T,sublevel,h1,0.5,0,0,0,
trajectory_000000:8761,mutual,mutual.CO+T,sublevel,h1,0.75,4,0,4,
trajectory_000000:8761,mutual,mutual.CO+T,sublevel,h1,0.9,4,5,1,
trajectory_000000:8761,mutual,mutual.CO+T,sublevel,h0,0.1,1,4,3,
trajectory_000000:8761,mutual,mutual.CO+T,sublevel,h0,0.25,3,4,1,
trajectory_000000:8761,mutual,mutual.CO+T,sublevel,h0,0.5,1,4,3,
trajectory_000000:8761,mutual,mutual.CO+T,sublevel,h0,0.75,4,2,2,
trajectory_000000:8761,mutual,mutual.CO+T,sublevel,h0,0.9,6,1,5,
trajectory_000000:8761,mutual,mutual.CO+T,sublevel,h1,0.1,0,0,0,
trajectory_000000:8761,mutual,mutual.CO+T,sublevel,h1,0.25,0,2,2,
trajectory_000000:8761,mutual,mutual.CO+T,sublevel,h1,0.5,0,2,2,
trajectory_000000:8761,mutual,mutual.CO+T,sublevel,h1,0.75,3,0,3,
trajectory_000000:8761,mutual,mutual.CO+T,sublevel,h1,0.9,5,1,4,
trajectory_000000:8761,self,self.CO,superlevel,h0,0.1,9,5,4,
trajectory_000000:8761,self,self.CO,superlevel,h0,0.25,6,2,4,
trajectory_000000:8761,self,self.CO,superlevel,h0,0.5,1,5,4,
trajectory_000000:8761,self,self.CO,superlevel,h0,0.75,1,8,7,
trajectory_000000:8761,self,self.CO,superlevel,h0,0.9,1,8,7,
trajectory_000000:8761,self,self.CO,superlevel,h1,0.1,3,0,3,
trajectory_000000:8761,self,self.CO,superlevel,h1,0.25,2,1,1,
trajectory_000000:8761,self,self.CO,superlevel,h1,0.5,0,0,0,
trajectory_000000:8761,self,self.CO,superlevel,h1,0.75,118,7,111,
trajectory_000000:8761,self,self.CO,superlevel,h1,0.9,118,7,111,
trajectory_000000:8761,self,self.T,superlevel,h0,0.1,5,3,2,
trajectory_000000:8761,self,self.T,superlevel,h0,0.25,3,2,1,
trajectory_000000:8761,self,self.T,superlevel,h0,0.5,1,5,4,
trajectory_000000:8761,self,self.T,superlevel,h0,0.75,1,7,6,
trajectory_000000:8761,self,self.T,superlevel,h0,0.9,1,1,0,
trajectory_000000:8761,self,self.T,superlevel,h1,0.1,0,1,1,
trajectory_000000:8761,self,self.T,superlevel,h1,0.25,0,0,0,
trajectory_000000:8761,self,self.T,superlevel,h1,0.5,0,2,2,
trajectory_000000:8761,self,self.T,superlevel,h1,0.75,0,1,1,
trajectory_000000:8761,self,self.T,superlevel,h1,0.9,0,1,1,
trajectory_000000:8761,mutual,mutual.CO+T,superlevel,h0,0.1,3,6,3,
trajectory_000000:8761,mutual,mutual.CO+T,superlevel,h0,0.25,2,2,0,
trajectory_000000:8761,mutual,mutual.CO+T,superlevel,h0,0.5,1,5,4,
trajectory_000000:8761,mutual,mutual.CO+T,superlevel,h0,0.75,1,7,6,
trajectory_000000:8761,mutual,mutual.CO+T,superlevel,h0,0.9,1,1,0,
trajectory_000000:8761,mutual,mutual.CO+T,superlevel,h1,0.1,0,0,0,
trajectory_000000:8761,mutual,mutual.CO+T,superlevel,h1,0.25,0,0,0,
trajectory_000000:8761,mutual,mutual.CO+T,superlevel,h1,0.5,0,2,2,
trajectory_000000:8761,mutual,mutual.CO+T,superlevel,h1,0.75,0,1,1,
trajectory_000000:8761,mutual,mutual.CO+T,superlevel,h1,0.9,0,1,1,
trajectory_000000:8761,mutual,mutual.CO+T,superlevel,h0,0.1,4,7,3,
trajectory_000000:8761,mutual,mutual.CO+T,superlevel,h0,0.25,5,1,4,
trajectory_000000:8761,mutual,mutual.CO+T,superlevel,h0,0.5,1,5,4,
trajectory_000000:8761,mutual,mutual.CO+T,superlevel,h0,0.75,1,7,6,
trajectory_000000:8761,mutual,mutual.CO+T,superlevel,h0,0.9,1,1,0,
trajectory_000000:8761,mutual,mutual.CO+T,superlevel,h1,0.1,0,1,1,
trajectory_000000:8761,mutual,mutual.CO+T,superlevel,h1,0.25,2,1,1,
trajectory_000000:8761,mutual,mutual.CO+T,superlevel,h1,0.5,0,2,2,
trajectory_000000:8761,mutual,mutual.CO+T,superlevel,h1,0.75,0,1,1,
trajectory_000000:8761,mutual,mutual.CO+T,superlevel,h1,0.9,0,1,1,
trajectory_000000:8761,mutual,mutual.CO+T,superlevel,h0,0.1,5,13,8,
trajectory_000000:8761,mutual,mutual.CO+T,superlevel,h0,0.25,5,1,4,
trajectory_000000:8761,mutual,mutual.CO+T,superlevel,h0,0.5,1,5,4,
trajectory_000000:8761,mutual,mutual.CO+T,superlevel,h0,0.75,1,8,7,
trajectory_000000:8761,mutual,mutual.CO+T,superlevel,h0,0.9,1,8,7,
trajectory_000000:8761,mutual,mutual.CO+T,superlevel,h1,0.1,1,0,1,
trajectory_000000:8761,mutual,mutual.CO+T,superlevel,h1,0.25,1,0,1,
trajectory_000000:8761,mutual,mutual.CO+T,superlevel,h1,0.5,0,0,0,
trajectory_000000:8761,mutual,mutual.CO+T,superlevel,h1,0.75,118,7,111,
trajectory_000000:8761,mutual,mutual.CO+T,superlevel,h1,0.9,118,7,111,
trajectory_000000:8761,persistence_distance,topology.self.persistence,,,,,,,0.0015310351736843586
trajectory_000000:8761,persistence_distance,topology.mutual.persistence,,,,,,,0.00195330916903913
trajectory_000000:8761,persistence_distance,topology.component_weighted_total_before_outer_family_weight,,,,,,,0.003484344342723489
trajectory_000000:8761,dimension_distance_diagnostic,topology.self.CO.h0,,,,,,,0.0034206402488052845
trajectory_000000:8761,dimension_distance_diagnostic,topology.self.CO.h1,,,,,,,0.0009778214152902365
trajectory_000000:8761,dimension_distance_diagnostic,topology.self.T.h0,,,,,,,0.0015047681517899036
trajectory_000000:8761,dimension_distance_diagnostic,topology.self.T.h1,,,,,,,0.00022091149003244936
trajectory_000000:8761,dimension_distance_diagnostic,topology.mutual.CO+T.h0,,,,,,,0.0030979292932897806
trajectory_000000:8761,dimension_distance_diagnostic,topology.mutual.CO+T.h1,,,,,,,0.0008086885209195316
trajectory_000000:8777,self,self.CO,sublevel,h0,0.1,2,2,0,
trajectory_000000:8777,self,self.CO,sublevel,h0,0.25,2,2,0,
trajectory_000000:8777,self,self.CO,sublevel,h0,0.5,1,2,1,
trajectory_000000:8777,self,self.CO,sublevel,h0,0.75,5,3,2,
trajectory_000000:8777,self,self.CO,sublevel,h0,0.9,4,2,2,
trajectory_000000:8777,self,self.CO,sublevel,h1,0.1,98,2,96,
trajectory_000000:8777,self,self.CO,sublevel,h1,0.25,98,2,96,
trajectory_000000:8777,self,self.CO,sublevel,h1,0.5,0,0,0,
trajectory_000000:8777,self,self.CO,sublevel,h1,0.75,3,1,2,
trajectory_000000:8777,self,self.CO,sublevel,h1,0.9,5,5,0,
trajectory_000000:8777,self,self.T,sublevel,h0,0.1,4,5,1,
trajectory_000000:8777,self,self.T,sublevel,h0,0.25,3,8,5,
trajectory_000000:8777,self,self.T,sublevel,h0,0.5,1,3,2,
trajectory_000000:8777,self,self.T,sublevel,h0,0.75,1,2,1,
trajectory_000000:8777,self,self.T,sublevel,h0,0.9,2,3,1,
trajectory_000000:8777,self,self.T,sublevel,h1,0.1,0,0,0,
trajectory_000000:8777,self,self.T,sublevel,h1,0.25,1,0,1,
trajectory_000000:8777,self,self.T,sublevel,h1,0.5,0,0,0,
trajectory_000000:8777,self,self.T,sublevel,h1,0.75,1,0,1,
trajectory_000000:8777,self,self.T,sublevel,h1,0.9,2,3,1,
trajectory_000000:8777,mutual,mutual.CO+T,sublevel,h0,0.1,4,5,1,
trajectory_000000:8777,mutual,mutual.CO+T,sublevel,h0,0.25,3,8,5,
trajectory_000000:8777,mutual,mutual.CO+T,sublevel,h0,0.5,1,3,2,
trajectory_000000:8777,mutual,mutual.CO+T,sublevel,h0,0.75,11,5,6,
trajectory_000000:8777,mutual,mutual.CO+T,sublevel,h0,0.9,4,2,2,
trajectory_000000:8777,mutual,mutual.CO+T,sublevel,h1,0.1,0,0,0,
trajectory_000000:8777,mutual,mutual.CO+T,sublevel,h1,0.25,1,0,1,
trajectory_000000:8777,mutual,mutual.CO+T,sublevel,h1,0.5,0,0,0,
trajectory_000000:8777,mutual,mutual.CO+T,sublevel,h1,0.75,3,5,2,
trajectory_000000:8777,mutual,mutual.CO+T,sublevel,h1,0.9,6,7,1,
trajectory_000000:8777,mutual,mutual.CO+T,sublevel,h0,0.1,1,2,1,
trajectory_000000:8777,mutual,mutual.CO+T,sublevel,h0,0.25,1,2,1,
trajectory_000000:8777,mutual,mutual.CO+T,sublevel,h0,0.5,1,2,1,
trajectory_000000:8777,mutual,mutual.CO+T,sublevel,h0,0.75,12,5,7,
trajectory_000000:8777,mutual,mutual.CO+T,sublevel,h0,0.9,4,2,2,
trajectory_000000:8777,mutual,mutual.CO+T,sublevel,h1,0.1,0,2,2,
trajectory_000000:8777,mutual,mutual.CO+T,sublevel,h1,0.25,0,2,2,
trajectory_000000:8777,mutual,mutual.CO+T,sublevel,h1,0.5,0,0,0,
trajectory_000000:8777,mutual,mutual.CO+T,sublevel,h1,0.75,3,5,2,
trajectory_000000:8777,mutual,mutual.CO+T,sublevel,h1,0.9,5,7,2,
trajectory_000000:8777,mutual,mutual.CO+T,sublevel,h0,0.1,4,5,1,
trajectory_000000:8777,mutual,mutual.CO+T,sublevel,h0,0.25,3,8,5,
trajectory_000000:8777,mutual,mutual.CO+T,sublevel,h0,0.5,1,3,2,
trajectory_000000:8777,mutual,mutual.CO+T,sublevel,h0,0.75,5,3,2,
trajectory_000000:8777,mutual,mutual.CO+T,sublevel,h0,0.9,4,2,2,
trajectory_000000:8777,mutual,mutual.CO+T,sublevel,h1,0.1,0,0,0,
trajectory_000000:8777,mutual,mutual.CO+T,sublevel,h1,0.25,1,0,1,
trajectory_000000:8777,mutual,mutual.CO+T,sublevel,h1,0.5,0,0,0,
trajectory_000000:8777,mutual,mutual.CO+T,sublevel,h1,0.75,3,1,2,
trajectory_000000:8777,mutual,mutual.CO+T,sublevel,h1,0.9,5,5,0,
trajectory_000000:8777,self,self.CO,superlevel,h0,0.1,7,7,0,
trajectory_000000:8777,self,self.CO,superlevel,h0,0.25,7,6,1,
trajectory_000000:8777,self,self.CO,superlevel,h0,0.5,1,2,1,
trajectory_000000:8777,self,self.CO,superlevel,h0,0.75,1,7,6,
trajectory_000000:8777,self,self.CO,superlevel,h0,0.9,1,7,6,
trajectory_000000:8777,self,self.CO,superlevel,h1,0.1,1,0,1,
trajectory_000000:8777,self,self.CO,superlevel,h1,0.25,4,1,3,
trajectory_000000:8777,self,self.CO,superlevel,h1,0.5,0,0,0,
trajectory_000000:8777,self,self.CO,superlevel,h1,0.75,112,0,112,
trajectory_000000:8777,self,self.CO,superlevel,h1,0.9,112,0,112,
trajectory_000000:8777,self,self.T,superlevel,h0,0.1,2,5,3,
trajectory_000000:8777,self,self.T,superlevel,h0,0.25,3,1,2,
trajectory_000000:8777,self,self.T,superlevel,h0,0.5,1,1,0,
trajectory_000000:8777,self,self.T,superlevel,h0,0.75,3,3,0,
trajectory_000000:8777,self,self.T,superlevel,h0,0.9,2,2,0,
trajectory_000000:8777,self,self.T,superlevel,h1,0.1,1,1,0,
trajectory_000000:8777,self,self.T,superlevel,h1,0.25,0,1,1,
trajectory_000000:8777,self,self.T,superlevel,h1,0.5,0,1,1,
trajectory_000000:8777,self,self.T,superlevel,h1,0.75,1,6,5,
trajectory_000000:8777,self,self.T,superlevel,h1,0.9,2,3,1,
trajectory_000000:8777,mutual,mutual.CO+T,superlevel,h0,0.1,2,5,3,
trajectory_000000:8777,mutual,mutual.CO+T,superlevel,h0,0.25,2,2,0,
trajectory_000000:8777,mutual,mutual.CO+T,superlevel,h0,0.5,1,1,0,
trajectory_000000:8777,mutual,mutual.CO+T,superlevel,h0,0.75,3,3,0,
trajectory_000000:8777,mutual,mutual.CO+T,superlevel,h0,0.9,2,2,0,
trajectory_000000:8777,mutual,mutual.CO+T,superlevel,h1,0.1,1,1,0,
trajectory_000000:8777,mutual,mutual.CO+T,superlevel,h1,0.25,0,0,0,
trajectory_000000:8777,mutual,mutual.CO+T,superlevel,h1,0.5,0,1,1,
trajectory_000000:8777,mutual,mutual.CO+T,superlevel,h1,0.75,1,6,5,
trajectory_000000:8777,mutual,mutual.CO+T,superlevel,h1,0.9,2,3,1,
trajectory_000000:8777,mutual,mutual.CO+T,superlevel,h0,0.1,10,7,3,
trajectory_000000:8777,mutual,mutual.CO+T,superlevel,h0,0.25,8,5,3,
trajectory_000000:8777,mutual,mutual.CO+T,superlevel,h0,0.5,1,1,0,
trajectory_000000:8777,mutual,mutual.CO+T,superlevel,h0,0.75,3,3,0,
trajectory_000000:8777,mutual,mutual.CO+T,superlevel,h0,0.9,2,2,0,
trajectory_000000:8777,mutual,mutual.CO+T,superlevel,h1,0.1,0,0,0,
trajectory_000000:8777,mutual,mutual.CO+T,superlevel,h1,0.25,1,1,0,
trajectory_000000:8777,mutual,mutual.CO+T,superlevel,h1,0.5,0,1,1,
trajectory_000000:8777,mutual,mutual.CO+T,superlevel,h1,0.75,1,6,5,
trajectory_000000:8777,mutual,mutual.CO+T,superlevel,h1,0.9,2,3,1,
trajectory_000000:8777,mutual,mutual.CO+T,superlevel,h0,0.1,3,6,3,
trajectory_000000:8777,mutual,mutual.CO+T,superlevel,h0,0.25,7,6,1,
trajectory_000000:8777,mutual,mutual.CO+T,superlevel,h0,0.5,1,2,1,
trajectory_000000:8777,mutual,mutual.CO+T,superlevel,h0,0.75,1,7,6,
trajectory_000000:8777,mutual,mutual.CO+T,superlevel,h0,0.9,1,7,6,
trajectory_000000:8777,mutual,mutual.CO+T,superlevel,h1,0.1,0,0,0,
trajectory_000000:8777,mutual,mutual.CO+T,superlevel,h1,0.25,0,2,2,
trajectory_000000:8777,mutual,mutual.CO+T,superlevel,h1,0.5,0,0,0,
trajectory_000000:8777,mutual,mutual.CO+T,superlevel,h1,0.75,112,0,112,
trajectory_000000:8777,mutual,mutual.CO+T,superlevel,h1,0.9,112,0,112,
trajectory_000000:8777,persistence_distance,topology.self.persistence,,,,,,,0.0012006358010694385
trajectory_000000:8777,persistence_distance,topology.mutual.persistence,,,,,,,0.001652841572649777
trajectory_000000:8777,persistence_distance,topology.component_weighted_total_before_outer_family_weight,,,,,,,0.0028534773737192154
trajectory_000000:8777,dimension_distance_diagnostic,topology.self.CO.h0,,,,,,,0.0023952671326696873
trajectory_000000:8777,dimension_distance_diagnostic,topology.self.CO.h1,,,,,,,0.0008695911383256316
trajectory_000000:8777,dimension_distance_diagnostic,topology.self.T.h0,,,,,,,0.0014399567153304815
trajectory_000000:8777,dimension_distance_diagnostic,topology.self.T.h1,,,,,,,9.772834164323285e-05
trajectory_000000:8777,dimension_distance_diagnostic,topology.mutual.CO+T.h0,,,,,,,0.002632227959111333
trajectory_000000:8777,dimension_distance_diagnostic,topology.mutual.CO+T.h1,,,,,,,0.0006734552443958819
trajectory_000000:8792,self,self.CO,sublevel,h0,0.1,5,1,4,
trajectory_000000:8792,self,self.CO,sublevel,h0,0.25,5,1,4,
trajectory_000000:8792,self,self.CO,sublevel,h0,0.5,1,1,0,
trajectory_000000:8792,self,self.CO,sublevel,h0,0.75,2,1,1,
trajectory_000000:8792,self,self.CO,sublevel,h0,0.9,2,1,1,
trajectory_000000:8792,self,self.CO,sublevel,h1,0.1,100,6,94,
trajectory_000000:8792,self,self.CO,sublevel,h1,0.25,100,6,94,
trajectory_000000:8792,self,self.CO,sublevel,h1,0.5,0,2,2,
trajectory_000000:8792,self,self.CO,sublevel,h1,0.75,3,0,3,
trajectory_000000:8792,self,self.CO,sublevel,h1,0.9,4,3,1,
trajectory_000000:8792,self,self.T,sublevel,h0,0.1,3,8,5,
trajectory_000000:8792,self,self.T,sublevel,h0,0.25,4,11,7,
trajectory_000000:8792,self,self.T,sublevel,h0,0.5,1,2,1,
trajectory_000000:8792,self,self.T,sublevel,h0,0.75,2,2,0,
trajectory_000000:8792,self,self.T,sublevel,h0,0.9,1,1,0,
trajectory_000000:8792,self,self.T,sublevel,h1,0.1,0,2,2,
trajectory_000000:8792,self,self.T,sublevel,h1,0.25,2,2,0,
trajectory_000000:8792,self,self.T,sublevel,h1,0.5,1,5,4,
trajectory_000000:8792,self,self.T,sublevel,h1,0.75,1,1,0,
trajectory_000000:8792,self,self.T,sublevel,h1,0.9,0,4,4,
trajectory_000000:8792,mutual,mutual.CO+T,sublevel,h0,0.1,3,8,5,
trajectory_000000:8792,mutual,mutual.CO+T,sublevel,h0,0.25,4,11,7,
trajectory_000000:8792,mutual,mutual.CO+T,sublevel,h0,0.5,1,2,1,
trajectory_000000:8792,mutual,mutual.CO+T,sublevel,h0,0.75,10,5,5,
trajectory_000000:8792,mutual,mutual.CO+T,sublevel,h0,0.9,1,1,0,
trajectory_000000:8792,mutual,mutual.CO+T,sublevel,h1,0.1,0,2,2,
trajectory_000000:8792,mutual,mutual.CO+T,sublevel,h1,0.25,2,2,0,
trajectory_000000:8792,mutual,mutual.CO+T,sublevel,h1,0.5,1,5,4,
trajectory_000000:8792,mutual,mutual.CO+T,sublevel,h1,0.75,2,2,0,
trajectory_000000:8792,mutual,mutual.CO+T,sublevel,h1,0.9,7,4,3,
trajectory_000000:8792,mutual,mutual.CO+T,sublevel,h0,0.1,5,1,4,
trajectory_000000:8792,mutual,mutual.CO+T,sublevel,h0,0.25,5,1,4,
trajectory_000000:8792,mutual,mutual.CO+T,sublevel,h0,0.5,1,1,0,
trajectory_000000:8792,mutual,mutual.CO+T,sublevel,h0,0.75,8,5,3,
trajectory_000000:8792,mutual,mutual.CO+T,sublevel,h0,0.9,1,1,0,
trajectory_000000:8792,mutual,mutual.CO+T,sublevel,h1,0.1,100,6,94,
trajectory_000000:8792,mutual,mutual.CO+T,sublevel,h1,0.25,100,6,94,
trajectory_000000:8792,mutual,mutual.CO+T,sublevel,h1,0.5,0,2,2,
trajectory_000000:8792,mutual,mutual.CO+T,sublevel,h1,0.75,2,2,0,
trajectory_000000:8792,mutual,mutual.CO+T,sublevel,h1,0.9,7,3,4,
trajectory_000000:8792,mutual,mutual.CO+T,sublevel,h0,0.1,3,8,5,
trajectory_000000:8792,mutual,mutual.CO+T,sublevel,h0,0.25,4,11,7,
trajectory_000000:8792,mutual,mutual.CO+T,sublevel,h0,0.5,1,2,1,
trajectory_000000:8792,mutual,mutual.CO+T,sublevel,h0,0.75,2,1,1,
trajectory_000000:8792,mutual,mutual.CO+T,sublevel,h0,0.9,2,1,1,
trajectory_000000:8792,mutual,mutual.CO+T,sublevel,h1,0.1,0,2,2,
trajectory_000000:8792,mutual,mutual.CO+T,sublevel,h1,0.25,2,2,0,
trajectory_000000:8792,mutual,mutual.CO+T,sublevel,h1,0.5,1,5,4,
trajectory_000000:8792,mutual,mutual.CO+T,sublevel,h1,0.75,3,0,3,
trajectory_000000:8792,mutual,mutual.CO+T,sublevel,h1,0.9,4,3,1,
trajectory_000000:8792,self,self.CO,superlevel,h0,0.1,6,4,2,
trajectory_000000:8792,self,self.CO,superlevel,h0,0.25,4,2,2,
trajectory_000000:8792,self,self.CO,superlevel,h0,0.5,1,9,8,
trajectory_000000:8792,self,self.CO,superlevel,h0,0.75,1,14,13,
trajectory_000000:8792,self,self.CO,superlevel,h0,0.9,1,14,13,
trajectory_000000:8792,self,self.CO,superlevel,h1,0.1,0,0,0,
trajectory_000000:8792,self,self.CO,superlevel,h1,0.25,0,0,0,
trajectory_000000:8792,self,self.CO,superlevel,h1,0.5,0,0,0,
trajectory_000000:8792,self,self.CO,superlevel,h1,0.75,116,0,116,
trajectory_000000:8792,self,self.CO,superlevel,h1,0.9,116,0,116,
trajectory_000000:8792,self,self.T,superlevel,h0,0.1,1,4,3,
trajectory_000000:8792,self,self.T,superlevel,h0,0.25,3,2,1,
trajectory_000000:8792,self,self.T,superlevel,h0,0.5,4,10,6,
trajectory_000000:8792,self,self.T,superlevel,h0,0.75,3,8,5,
trajectory_000000:8792,self,self.T,superlevel,h0,0.9,1,6,5,
trajectory_000000:8792,self,self.T,superlevel,h1,0.1,0,0,0,
trajectory_000000:8792,self,self.T,superlevel,h1,0.25,0,0,0,
trajectory_000000:8792,self,self.T,superlevel,h1,0.5,0,1,1,
trajectory_000000:8792,self,self.T,superlevel,h1,0.75,2,6,4,
trajectory_000000:8792,self,self.T,superlevel,h1,0.9,2,4,2,
trajectory_000000:8792,mutual,mutual.CO+T,superlevel,h0,0.1,1,4,3,
trajectory_000000:8792,mutual,mutual.CO+T,superlevel,h0,0.25,5,2,3,
trajectory_000000:8792,mutual,mutual.CO+T,superlevel,h0,0.5,4,10,6,
trajectory_000000:8792,mutual,mutual.CO+T,superlevel,h0,0.75,3,8,5,
trajectory_000000:8792,mutual,mutual.CO+T,superlevel,h0,0.9,1,6,5,
trajectory_000000:8792,mutual,mutual.CO+T,superlevel,h1,0.1,0,0,0,
trajectory_000000:8792,mutual,mutual.CO+T,superlevel,h1,0.25,0,0,0,
trajectory_000000:8792,mutual,mutual.CO+T,superlevel,h1,0.5,0,1,1,
trajectory_000000:8792,mutual,mutual.CO+T,superlevel,h1,0.75,2,6,4,
trajectory_000000:8792,mutual,mutual.CO+T,superlevel,h1,0.9,2,4,2,
trajectory_000000:8792,mutual,mutual.CO+T,superlevel,h0,0.1,4,4,0,
trajectory_000000:8792,mutual,mutual.CO+T,superlevel,h0,0.25,7,5,2,
trajectory_000000:8792,mutual,mutual.CO+T,superlevel,h0,0.5,4,10,6,
trajectory_000000:8792,mutual,mutual.CO+T,superlevel,h0,0.75,3,8,5,
trajectory_000000:8792,mutual,mutual.CO+T,superlevel,h0,0.9,1,6,5,
trajectory_000000:8792,mutual,mutual.CO+T,superlevel,h1,0.1,1,0,1,
trajectory_000000:8792,mutual,mutual.CO+T,superlevel,h1,0.25,1,0,1,
trajectory_000000:8792,mutual,mutual.CO+T,superlevel,h1,0.5,0,1,1,
trajectory_000000:8792,mutual,mutual.CO+T,superlevel,h1,0.75,2,6,4,
trajectory_000000:8792,mutual,mutual.CO+T,superlevel,h1,0.9,2,4,2,
trajectory_000000:8792,mutual,mutual.CO+T,superlevel,h0,0.1,2,1,1,
trajectory_000000:8792,mutual,mutual.CO+T,superlevel,h0,0.25,8,3,5,
trajectory_000000:8792,mutual,mutual.CO+T,superlevel,h0,0.5,1,9,8,
trajectory_000000:8792,mutual,mutual.CO+T,superlevel,h0,0.75,1,14,13,
trajectory_000000:8792,mutual,mutual.CO+T,superlevel,h0,0.9,1,14,13,
trajectory_000000:8792,mutual,mutual.CO+T,superlevel,h1,0.1,1,1,0,
trajectory_000000:8792,mutual,mutual.CO+T,superlevel,h1,0.25,2,0,2,
trajectory_000000:8792,mutual,mutual.CO+T,superlevel,h1,0.5,0,0,0,
trajectory_000000:8792,mutual,mutual.CO+T,superlevel,h1,0.75,116,0,116,
trajectory_000000:8792,mutual,mutual.CO+T,superlevel,h1,0.9,116,0,116,
trajectory_000000:8792,persistence_distance,topology.self.persistence,,,,,,,0.007981467060744762
trajectory_000000:8792,persistence_distance,topology.mutual.persistence,,,,,,,0.0013669808395206928
trajectory_000000:8792,persistence_distance,topology.component_weighted_total_before_outer_family_weight,,,,,,,0.009348448365926743
trajectory_000000:8792,dimension_distance_diagnostic,topology.self.CO.h0,,,,,,,0.029395608231425285
trajectory_000000:8792,dimension_distance_diagnostic,topology.self.CO.h1,,,,,,,0.0007654927321709692
trajectory_000000:8792,dimension_distance_diagnostic,topology.self.T.h0,,,,,,,0.0016374076949432492
trajectory_000000:8792,dimension_distance_diagnostic,topology.self.T.h1,,,,,,,0.00012735991913359612
trajectory_000000:8792,dimension_distance_diagnostic,topology.mutual.CO+T.h0,,,,,,,0.002086133463308215
trajectory_000000:8792,dimension_distance_diagnostic,topology.mutual.CO+T.h1,,,,,,,0.0006478280993178487
trajectory_000000:8808,self,self.CO,sublevel,h0,0.1,4,3,1,
trajectory_000000:8808,self,self.CO,sublevel,h0,0.25,4,3,1,
trajectory_000000:8808,self,self.CO,sublevel,h0,0.5,1,1,0,
trajectory_000000:8808,self,self.CO,sublevel,h0,0.75,2,1,1,
trajectory_000000:8808,self,self.CO,sublevel,h0,0.9,3,2,1,
trajectory_000000:8808,self,self.CO,sublevel,h1,0.1,99,0,99,
trajectory_000000:8808,self,self.CO,sublevel,h1,0.25,99,0,99,
trajectory_000000:8808,self,self.CO,sublevel,h1,0.5,0,0,0,
trajectory_000000:8808,self,self.CO,sublevel,h1,0.75,4,0,4,
trajectory_000000:8808,self,self.CO,sublevel,h1,0.9,6,1,5,
trajectory_000000:8808,self,self.T,sublevel,h0,0.1,4,2,2,
trajectory_000000:8808,self,self.T,sublevel,h0,0.25,3,2,1,
trajectory_000000:8808,self,self.T,sublevel,h0,0.5,1,5,4,
trajectory_000000:8808,self,self.T,sublevel,h0,0.75,2,1,1,
trajectory_000000:8808,self,self.T,sublevel,h0,0.9,5,2,3,
trajectory_000000:8808,self,self.T,sublevel,h1,0.1,0,0,0,
trajectory_000000:8808,self,self.T,sublevel,h1,0.25,0,0,0,
trajectory_000000:8808,self,self.T,sublevel,h1,0.5,0,0,0,
trajectory_000000:8808,self,self.T,sublevel,h1,0.75,0,3,3,
trajectory_000000:8808,self,self.T,sublevel,h1,0.9,3,3,0,
trajectory_000000:8808,mutual,mutual.CO+T,sublevel,h0,0.1,4,2,2,
trajectory_000000:8808,mutual,mutual.CO+T,sublevel,h0,0.25,3,2,1,
trajectory_000000:8808,mutual,mutual.CO+T,sublevel,h0,0.5,1,5,4,
trajectory_000000:8808,mutual,mutual.CO+T,sublevel,h0,0.75,18,16,2,
trajectory_000000:8808,mutual,mutual.CO+T,sublevel,h0,0.9,2,2,0,
trajectory_000000:8808,mutual,mutual.CO+T,sublevel,h1,0.1,0,0,0,
trajectory_000000:8808,mutual,mutual.CO+T,sublevel,h1,0.25,0,0,0,
trajectory_000000:8808,mutual,mutual.CO+T,sublevel,h1,0.5,0,0,0,
trajectory_000000:8808,mutual,mutual.CO+T,sublevel,h1,0.75,4,1,3,
trajectory_000000:8808,mutual,mutual.CO+T,sublevel,h1,0.9,11,2,9,
trajectory_000000:8808,mutual,mutual.CO+T,sublevel,h0,0.1,1,3,2,
trajectory_000000:8808,mutual,mutual.CO+T,sublevel,h0,0.25,1,3,2,
trajectory_000000:8808,mutual,mutual.CO+T,sublevel,h0,0.5,1,1,0,
trajectory_000000:8808,mutual,mutual.CO+T,sublevel,h0,0.75,18,16,2,
trajectory_000000:8808,mutual,mutual.CO+T,sublevel,h0,0.9,2,2,0,
trajectory_000000:8808,mutual,mutual.CO+T,sublevel,h1,0.1,1,0,1,
trajectory_000000:8808,mutual,mutual.CO+T,sublevel,h1,0.25,1,0,1,
trajectory_000000:8808,mutual,mutual.CO+T,sublevel,h1,0.5,0,0,0,
trajectory_000000:8808,mutual,mutual.CO+T,sublevel,h1,0.75,5,1,4,
trajectory_000000:8808,mutual,mutual.CO+T,sublevel,h1,0.9,10,3,7,
trajectory_000000:8808,mutual,mutual.CO+T,sublevel,h0,0.1,4,2,2,
trajectory_000000:8808,mutual,mutual.CO+T,sublevel,h0,0.25,3,2,1,
trajectory_000000:8808,mutual,mutual.CO+T,sublevel,h0,0.5,1,5,4,
trajectory_000000:8808,mutual,mutual.CO+T,sublevel,h0,0.75,2,1,1,
trajectory_000000:8808,mutual,mutual.CO+T,sublevel,h0,0.9,3,2,1,
trajectory_000000:8808,mutual,mutual.CO+T,sublevel,h1,0.1,0,0,0,
trajectory_000000:8808,mutual,mutual.CO+T,sublevel,h1,0.25,0,0,0,
trajectory_000000:8808,mutual,mutual.CO+T,sublevel,h1,0.5,0,0,0,
trajectory_000000:8808,mutual,mutual.CO+T,sublevel,h1,0.75,4,0,4,
trajectory_000000:8808,mutual,mutual.CO+T,sublevel,h1,0.9,6,1,5,
trajectory_000000:8808,self,self.CO,superlevel,h0,0.1,8,4,4,
trajectory_000000:8808,self,self.CO,superlevel,h0,0.25,5,1,4,
trajectory_000000:8808,self,self.CO,superlevel,h0,0.5,1,7,6,
trajectory_000000:8808,self,self.CO,superlevel,h0,0.75,1,10,9,
trajectory_000000:8808,self,self.CO,superlevel,h0,0.9,1,10,9,
trajectory_000000:8808,self,self.CO,superlevel,h1,0.1,1,1,0,
trajectory_000000:8808,self,self.CO,superlevel,h1,0.25,0,0,0,
trajectory_000000:8808,self,self.CO,superlevel,h1,0.5,0,0,0,
trajectory_000000:8808,self,self.CO,superlevel,h1,0.75,117,1,116,
trajectory_000000:8808,self,self.CO,superlevel,h1,0.9,117,1,116,
trajectory_000000:8808,self,self.T,superlevel,h0,0.1,4,4,0,
trajectory_000000:8808,self,self.T,superlevel,h0,0.25,1,4,3,
trajectory_000000:8808,self,self.T,superlevel,h0,0.5,2,1,1,
trajectory_000000:8808,self,self.T,superlevel,h0,0.75,1,1,0,
trajectory_000000:8808,self,self.T,superlevel,h0,0.9,1,1,0,
trajectory_000000:8808,self,self.T,superlevel,h1,0.1,2,1,1,
trajectory_000000:8808,self,self.T,superlevel,h1,0.25,0,0,0,
trajectory_000000:8808,self,self.T,superlevel,h1,0.5,0,3,3,
trajectory_000000:8808,self,self.T,superlevel,h1,0.75,1,0,1,
trajectory_000000:8808,self,self.T,superlevel,h1,0.9,1,1,0,
trajectory_000000:8808,mutual,mutual.CO+T,superlevel,h0,0.1,5,6,1,
trajectory_000000:8808,mutual,mutual.CO+T,superlevel,h0,0.25,1,2,1,
trajectory_000000:8808,mutual,mutual.CO+T,superlevel,h0,0.5,2,1,1,
trajectory_000000:8808,mutual,mutual.CO+T,superlevel,h0,0.75,1,1,0,
trajectory_000000:8808,mutual,mutual.CO+T,superlevel,h0,0.9,1,1,0,
trajectory_000000:8808,mutual,mutual.CO+T,superlevel,h1,0.1,1,1,0,
trajectory_000000:8808,mutual,mutual.CO+T,superlevel,h1,0.25,0,0,0,
trajectory_000000:8808,mutual,mutual.CO+T,superlevel,h1,0.5,0,3,3,
trajectory_000000:8808,mutual,mutual.CO+T,superlevel,h1,0.75,1,0,1,
trajectory_000000:8808,mutual,mutual.CO+T,superlevel,h1,0.9,1,1,0,
trajectory_000000:8808,mutual,mutual.CO+T,superlevel,h0,0.1,4,4,0,
trajectory_000000:8808,mutual,mutual.CO+T,superlevel,h0,0.25,9,2,7,
trajectory_000000:8808,mutual,mutual.CO+T,superlevel,h0,0.5,2,1,1,
trajectory_000000:8808,mutual,mutual.CO+T,superlevel,h0,0.75,1,1,0,
trajectory_000000:8808,mutual,mutual.CO+T,superlevel,h0,0.9,1,1,0,
trajectory_000000:8808,mutual,mutual.CO+T,superlevel,h1,0.1,0,1,1,
trajectory_000000:8808,mutual,mutual.CO+T,superlevel,h1,0.25,2,1,1,
trajectory_000000:8808,mutual,mutual.CO+T,superlevel,h1,0.5,0,3,3,
trajectory_000000:8808,mutual,mutual.CO+T,superlevel,h1,0.75,1,0,1,
trajectory_000000:8808,mutual,mutual.CO+T,superlevel,h1,0.9,1,1,0,
trajectory_000000:8808,mutual,mutual.CO+T,superlevel,h0,0.1,5,2,3,
trajectory_000000:8808,mutual,mutual.CO+T,superlevel,h0,0.25,10,4,6,
trajectory_000000:8808,mutual,mutual.CO+T,superlevel,h0,0.5,1,7,6,
trajectory_000000:8808,mutual,mutual.CO+T,superlevel,h0,0.75,1,10,9,
trajectory_000000:8808,mutual,mutual.CO+T,superlevel,h0,0.9,1,10,9,
trajectory_000000:8808,mutual,mutual.CO+T,superlevel,h1,0.1,1,1,0,
trajectory_000000:8808,mutual,mutual.CO+T,superlevel,h1,0.25,2,0,2,
trajectory_000000:8808,mutual,mutual.CO+T,superlevel,h1,0.5,0,0,0,
trajectory_000000:8808,mutual,mutual.CO+T,superlevel,h1,0.75,117,1,116,
trajectory_000000:8808,mutual,mutual.CO+T,superlevel,h1,0.9,117,1,116,
trajectory_000000:8808,persistence_distance,topology.self.persistence,,,,,,,0.0057502808049321175
trajectory_000000:8808,persistence_distance,topology.mutual.persistence,,,,,,,0.0012497089337557554
trajectory_000000:8808,persistence_distance,topology.component_weighted_total_before_outer_family_weight,,,,,,,0.0069999899715185165
trajectory_000000:8808,dimension_distance_diagnostic,topology.self.CO.h0,,,,,,,0.02059355564415455
trajectory_000000:8808,dimension_distance_diagnostic,topology.self.CO.h1,,,,,,,0.0008264619391411543
trajectory_000000:8808,dimension_distance_diagnostic,topology.self.T.h0,,,,,,,0.0014846351696178317
trajectory_000000:8808,dimension_distance_diagnostic,topology.self.T.h1,,,,,,,9.64704086072743e-05
trajectory_000000:8808,dimension_distance_diagnostic,topology.mutual.CO+T.h0,,,,,,,0.0018402059795334935
trajectory_000000:8808,dimension_distance_diagnostic,topology.mutual.CO+T.h1,,,,,,,0.0006592119461856782
trajectory_000000:8824,self,self.CO,sublevel,h0,0.1,3,7,4,
trajectory_000000:8824,self,self.CO,sublevel,h0,0.25,3,7,4,
trajectory_000000:8824,self,self.CO,sublevel,h0,0.5,1,1,0,
trajectory_000000:8824,self,self.CO,sublevel,h0,0.75,1,2,1,
trajectory_000000:8824,self,self.CO,sublevel,h0,0.9,3,1,2,
trajectory_000000:8824,self,self.CO,sublevel,h1,0.1,91,1,90,
trajectory_000000:8824,self,self.CO,sublevel,h1,0.25,91,1,90,
trajectory_000000:8824,self,self.CO,sublevel,h1,0.5,0,0,0,
trajectory_000000:8824,self,self.CO,sublevel,h1,0.75,3,0,3,
trajectory_000000:8824,self,self.CO,sublevel,h1,0.9,7,2,5,
trajectory_000000:8824,self,self.T,sublevel,h0,0.1,6,1,5,
trajectory_000000:8824,self,self.T,sublevel,h0,0.25,5,1,4,
trajectory_000000:8824,self,self.T,sublevel,h0,0.5,1,1,0,
trajectory_000000:8824,self,self.T,sublevel,h0,0.75,2,2,0,
trajectory_000000:8824,self,self.T,sublevel,h0,0.9,1,1,0,
trajectory_000000:8824,self,self.T,sublevel,h1,0.1,0,0,0,
trajectory_000000:8824,self,self.T,sublevel,h1,0.25,0,0,0,
trajectory_000000:8824,self,self.T,sublevel,h1,0.5,0,0,0,
trajectory_000000:8824,self,self.T,sublevel,h1,0.75,4,2,2,
trajectory_000000:8824,self,self.T,sublevel,h1,0.9,2,4,2,
trajectory_000000:8824,mutual,mutual.CO+T,sublevel,h0,0.1,6,1,5,
trajectory_000000:8824,mutual,mutual.CO+T,sublevel,h0,0.25,5,1,4,
trajectory_000000:8824,mutual,mutual.CO+T,sublevel,h0,0.5,1,1,0,
trajectory_000000:8824,mutual,mutual.CO+T,sublevel,h0,0.75,11,8,3,
trajectory_000000:8824,mutual,mutual.CO+T,sublevel,h0,0.9,2,1,1,
trajectory_000000:8824,mutual,mutual.CO+T,sublevel,h1,0.1,0,0,0,
trajectory_000000:8824,mutual,mutual.CO+T,sublevel,h1,0.25,0,0,0,
trajectory_000000:8824,mutual,mutual.CO+T,sublevel,h1,0.5,0,0,0,
trajectory_000000:8824,mutual,mutual.CO+T,sublevel,h1,0.75,6,1,5,
trajectory_000000:8824,mutual,mutual.CO+T,sublevel,h1,0.9,12,6,6,
trajectory_000000:8824,mutual,mutual.CO+T,sublevel,h0,0.1,1,7,6,
trajectory_000000:8824,mutual,mutual.CO+T,sublevel,h0,0.25,1,7,6,
trajectory_000000:8824,mutual,mutual.CO+T,sublevel,h0,0.5,1,1,0,
trajectory_000000:8824,mutual,mutual.CO+T,sublevel,h0,0.75,12,8,4,
trajectory_000000:8824,mutual,mutual.CO+T,sublevel,h0,0.9,1,1,0,
trajectory_000000:8824,mutual,mutual.CO+T,sublevel,h1,0.1,1,1,0,
trajectory_000000:8824,mutual,mutual.CO+T,sublevel,h1,0.25,1,1,0,
trajectory_000000:8824,mutual,mutual.CO+T,sublevel,h1,0.5,0,0,0,
trajectory_000000:8824,mutual,mutual.CO+T,sublevel,h1,0.75,6,1,5,
trajectory_000000:8824,mutual,mutual.CO+T,sublevel,h1,0.9,11,5,6,
trajectory_000000:8824,mutual,mutual.CO+T,sublevel,h0,0.1,6,1,5,
trajectory_000000:8824,mutual,mutual.CO+T,sublevel,h0,0.25,5,1,4,
trajectory_000000:8824,mutual,mutual.CO+T,sublevel,h0,0.5,1,1,0,
trajectory_000000:8824,mutual,mutual.CO+T,sublevel,h0,0.75,1,2,1,
trajectory_000000:8824,mutual,mutual.CO+T,sublevel,h0,0.9,3,1,2,
trajectory_000000:8824,mutual,mutual.CO+T,sublevel,h1,0.1,0,0,0,
trajectory_000000:8824,mutual,mutual.CO+T,sublevel,h1,0.25,0,0,0,
trajectory_000000:8824,mutual,mutual.CO+T,sublevel,h1,0.5,0,0,0,
trajectory_000000:8824,mutual,mutual.CO+T,sublevel,h1,0.75,3,0,3,
trajectory_000000:8824,mutual,mutual.CO+T,sublevel,h1,0.9,7,2,5,
trajectory_000000:8824,self,self.CO,superlevel,h0,0.1,10,5,5,
trajectory_000000:8824,self,self.CO,superlevel,h0,0.25,4,1,3,
trajectory_000000:8824,self,self.CO,superlevel,h0,0.5,1,1,0,
trajectory_000000:8824,self,self.CO,superlevel,h0,0.75,1,6,5,
trajectory_000000:8824,self,self.CO,superlevel,h0,0.9,1,6,5,
trajectory_000000:8824,self,self.CO,superlevel,h1,0.1,2,0,2,
trajectory_000000:8824,self,self.CO,superlevel,h1,0.25,0,1,1,
trajectory_000000:8824,self,self.CO,superlevel,h1,0.5,0,0,0,
trajectory_000000:8824,self,self.CO,superlevel,h1,0.75,107,4,103,
trajectory_000000:8824,self,self.CO,superlevel,h1,0.9,107,4,103,
trajectory_000000:8824,self,self.T,superlevel,h0,0.1,4,5,1,
trajectory_000000:8824,self,self.T,superlevel,h0,0.25,6,3,3,
trajectory_000000:8824,self,self.T,superlevel,h0,0.5,1,1,0,
trajectory_000000:8824,self,self.T,superlevel,h0,0.75,1,1,0,
trajectory_000000:8824,self,self.T,superlevel,h0,0.9,2,1,1,
trajectory_000000:8824,self,self.T,superlevel,h1,0.1,0,0,0,
trajectory_000000:8824,self,self.T,superlevel,h1,0.25,0,0,0,
trajectory_000000:8824,self,self.T,superlevel,h1,0.5,0,0,0,
trajectory_000000:8824,self,self.T,superlevel,h1,0.75,1,0,1,
trajectory_000000:8824,self,self.T,superlevel,h1,0.9,2,0,2,
trajectory_000000:8824,mutual,mutual.CO+T,superlevel,h0,0.1,4,2,2,
trajectory_000000:8824,mutual,mutual.CO+T,superlevel,h0,0.25,8,1,7,
trajectory_000000:8824,mutual,mutual.CO+T,superlevel,h0,0.5,1,1,0,
trajectory_000000:8824,mutual,mutual.CO+T,superlevel,h0,0.75,1,1,0,
trajectory_000000:8824,mutual,mutual.CO+T,superlevel,h0,0.9,2,1,1,
trajectory_000000:8824,mutual,mutual.CO+T,superlevel,h1,0.1,1,0,1,
trajectory_000000:8824,mutual,mutual.CO+T,superlevel,h1,0.25,0,1,1,
trajectory_000000:8824,mutual,mutual.CO+T,superlevel,h1,0.5,0,0,0,
trajectory_000000:8824,mutual,mutual.CO+T,superlevel,h1,0.75,1,0,1,
trajectory_000000:8824,mutual,mutual.CO+T,superlevel,h1,0.9,2,0,2,
trajectory_000000:8824,mutual,mutual.CO+T,superlevel,h0,0.1,10,3,7,
trajectory_000000:8824,mutual,mutual.CO+T,superlevel,h0,0.25,10,3,7,
trajectory_000000:8824,mutual,mutual.CO+T,superlevel,h0,0.5,1,1,0,
trajectory_000000:8824,mutual,mutual.CO+T,superlevel,h0,0.75,1,1,0,
trajectory_000000:8824,mutual,mutual.CO+T,superlevel,h0,0.9,2,1,1,
trajectory_000000:8824,mutual,mutual.CO+T,superlevel,h1,0.1,0,1,1,
trajectory_000000:8824,mutual,mutual.CO+T,superlevel,h1,0.25,3,1,2,
trajectory_000000:8824,mutual,mutual.CO+T,superlevel,h1,0.5,0,0,0,
trajectory_000000:8824,mutual,mutual.CO+T,superlevel,h1,0.75,1,0,1,
trajectory_000000:8824,mutual,mutual.CO+T,superlevel,h1,0.9,2,0,2,
trajectory_000000:8824,mutual,mutual.CO+T,superlevel,h0,0.1,10,4,6,
trajectory_000000:8824,mutual,mutual.CO+T,superlevel,h0,0.25,9,3,6,
trajectory_000000:8824,mutual,mutual.CO+T,superlevel,h0,0.5,1,1,0,
trajectory_000000:8824,mutual,mutual.CO+T,superlevel,h0,0.75,1,6,5,
trajectory_000000:8824,mutual,mutual.CO+T,superlevel,h0,0.9,1,6,5,
trajectory_000000:8824,mutual,mutual.CO+T,superlevel,h1,0.1,1,1,0,
trajectory_000000:8824,mutual,mutual.CO+T,superlevel,h1,0.25,4,1,3,
trajectory_000000:8824,mutual,mutual.CO+T,superlevel,h1,0.5,0,0,0,
trajectory_000000:8824,mutual,mutual.CO+T,superlevel,h1,0.75,107,4,103,
trajectory_000000:8824,mutual,mutual.CO+T,superlevel,h1,0.9,107,4,103,
trajectory_000000:8824,persistence_distance,topology.self.persistence,,,,,,,0.002104308921843767
trajectory_000000:8824,persistence_distance,topology.mutual.persistence,,,,,,,0.0011821751249954104
trajectory_000000:8824,persistence_distance,topology.component_weighted_total_before_outer_family_weight,,,,,,,0.0032864841632544994
trajectory_000000:8824,dimension_distance_diagnostic,topology.self.CO.h0,,,,,,,0.005788293667137623
trajectory_000000:8824,dimension_distance_diagnostic,topology.self.CO.h1,,,,,,,0.0008947477326728404
trajectory_000000:8824,dimension_distance_diagnostic,topology.self.T.h0,,,,,,,0.0015793353086337447
trajectory_000000:8824,dimension_distance_diagnostic,topology.self.T.h1,,,,,,,0.00015485822223126888
trajectory_000000:8824,dimension_distance_diagnostic,topology.mutual.CO+T.h0,,,,,,,0.0015892526134848595
trajectory_000000:8824,dimension_distance_diagnostic,topology.mutual.CO+T.h1,,,,,,,0.0007750975782983005
trajectory_000000:8840,self,self.CO,sublevel,h0,0.1,2,17,15,
trajectory_000000:8840,self,self.CO,sublevel,h0,0.25,2,17,15,
trajectory_000000:8840,self,self.CO,sublevel,h0,0.5,2,1,1,
trajectory_000000:8840,self,self.CO,sublevel,h0,0.75,6,2,4,
trajectory_000000:8840,self,self.CO,sublevel,h0,0.9,3,1,2,
trajectory_000000:8840,self,self.CO,sublevel,h1,0.1,90,2,88,
trajectory_000000:8840,self,self.CO,sublevel,h1,0.25,90,2,88,
trajectory_000000:8840,self,self.CO,sublevel,h1,0.5,0,0,0,
trajectory_000000:8840,self,self.CO,sublevel,h1,0.75,3,1,2,
trajectory_000000:8840,self,self.CO,sublevel,h1,0.9,2,3,1,
trajectory_000000:8840,self,self.T,sublevel,h0,0.1,5,11,6,
trajectory_000000:8840,self,self.T,sublevel,h0,0.25,4,10,6,
trajectory_000000:8840,self,self.T,sublevel,h0,0.5,1,1,0,
trajectory_000000:8840,self,self.T,sublevel,h0,0.75,2,2,0,
trajectory_000000:8840,self,self.T,sublevel,h0,0.9,1,1,0,
trajectory_000000:8840,self,self.T,sublevel,h1,0.1,0,1,1,
trajectory_000000:8840,self,self.T,sublevel,h1,0.25,1,1,0,
trajectory_000000:8840,self,self.T,sublevel,h1,0.5,0,0,0,
trajectory_000000:8840,self,self.T,sublevel,h1,0.75,4,2,2,
trajectory_000000:8840,self,self.T,sublevel,h1,0.9,1,3,2,
trajectory_000000:8840,mutual,mutual.CO+T,sublevel,h0,0.1,5,11,6,
trajectory_000000:8840,mutual,mutual.CO+T,sublevel,h0,0.25,4,10,6,
trajectory_000000:8840,mutual,mutual.CO+T,sublevel,h0,0.5,1,1,0,
trajectory_000000:8840,mutual,mutual.CO+T,sublevel,h0,0.75,21,11,10,
trajectory_000000:8840,mutual,mutual.CO+T,sublevel,h0,0.9,4,1,3,
trajectory_000000:8840,mutual,mutual.CO+T,sublevel,h1,0.1,0,1,1,
trajectory_000000:8840,mutual,mutual.CO+T,sublevel,h1,0.25,1,1,0,
trajectory_000000:8840,mutual,mutual.CO+T,sublevel,h1,0.5,0,0,0,
trajectory_000000:8840,mutual,mutual.CO+T,sublevel,h1,0.75,2,4,2,
trajectory_000000:8840,mutual,mutual.CO+T,sublevel,h1,0.9,8,4,4,
trajectory_000000:8840,mutual,mutual.CO+T,sublevel,h0,0.1,1,17,16,
trajectory_000000:8840,mutual,mutual.CO+T,sublevel,h0,0.25,1,17,16,
trajectory_000000:8840,mutual,mutual.CO+T,sublevel,h0,0.5,3,1,2,
trajectory_000000:8840,mutual,mutual.CO+T,sublevel,h0,0.75,22,11,11,
trajectory_000000:8840,mutual,mutual.CO+T,sublevel,h0,0.9,3,1,2,
trajectory_000000:8840,mutual,mutual.CO+T,sublevel,h1,0.1,0,2,2,
trajectory_000000:8840,mutual,mutual.CO+T,sublevel,h1,0.25,0,2,2,
trajectory_000000:8840,mutual,mutual.CO+T,sublevel,h1,0.5,0,0,0,
trajectory_000000:8840,mutual,mutual.CO+T,sublevel,h1,0.75,2,4,2,
trajectory_000000:8840,mutual,mutual.CO+T,sublevel,h1,0.9,11,6,5,
trajectory_000000:8840,mutual,mutual.CO+T,sublevel,h0,0.1,5,11,6,
trajectory_000000:8840,mutual,mutual.CO+T,sublevel,h0,0.25,4,10,6,
trajectory_000000:8840,mutual,mutual.CO+T,sublevel,h0,0.5,1,1,0,
trajectory_000000:8840,mutual,mutual.CO+T,sublevel,h0,0.75,5,2,3,
trajectory_000000:8840,mutual,mutual.CO+T,sublevel,h0,0.9,3,1,2,
trajectory_000000:8840,mutual,mutual.CO+T,sublevel,h1,0.1,0,1,1,
trajectory_000000:8840,mutual,mutual.CO+T,sublevel,h1,0.25,1,1,0,
trajectory_000000:8840,mutual,mutual.CO+T,sublevel,h1,0.5,0,0,0,
trajectory_000000:8840,mutual,mutual.CO+T,sublevel,h1,0.75,6,1,5,
trajectory_000000:8840,mutual,mutual.CO+T,sublevel,h1,0.9,2,3,1,
trajectory_000000:8840,self,self.CO,superlevel,h0,0.1,8,9,1,
trajectory_000000:8840,self,self.CO,superlevel,h0,0.25,7,3,4,
trajectory_000000:8840,self,self.CO,superlevel,h0,0.5,1,1,0,
trajectory_000000:8840,self,self.CO,superlevel,h0,0.75,1,3,2,
trajectory_000000:8840,self,self.CO,superlevel,h0,0.9,1,3,2,
trajectory_000000:8840,self,self.CO,superlevel,h1,0.1,1,0,1,
trajectory_000000:8840,self,self.CO,superlevel,h1,0.25,1,1,0,
trajectory_000000:8840,self,self.CO,superlevel,h1,0.5,1,0,1,
trajectory_000000:8840,self,self.CO,superlevel,h1,0.75,102,11,91,
trajectory_000000:8840,self,self.CO,superlevel,h1,0.9,102,11,91,
trajectory_000000:8840,self,self.T,superlevel,h0,0.1,2,5,3,
trajectory_000000:8840,self,self.T,superlevel,h0,0.25,6,4,2,
trajectory_000000:8840,self,self.T,superlevel,h0,0.5,1,1,0,
trajectory_000000:8840,self,self.T,superlevel,h0,0.75,2,5,3,
trajectory_000000:8840,self,self.T,superlevel,h0,0.9,1,4,3,
trajectory_000000:8840,self,self.T,superlevel,h1,0.1,0,0,0,
trajectory_000000:8840,self,self.T,superlevel,h1,0.25,0,0,0,
trajectory_000000:8840,self,self.T,superlevel,h1,0.5,0,0,0,
trajectory_000000:8840,self,self.T,superlevel,h1,0.75,2,7,5,
trajectory_000000:8840,self,self.T,superlevel,h1,0.9,1,7,6,
trajectory_000000:8840,mutual,mutual.CO+T,superlevel,h0,0.1,5,7,2,
trajectory_000000:8840,mutual,mutual.CO+T,superlevel,h0,0.25,4,6,2,
trajectory_000000:8840,mutual,mutual.CO+T,superlevel,h0,0.5,1,1,0,
trajectory_000000:8840,mutual,mutual.CO+T,superlevel,h0,0.75,2,5,3,
trajectory_000000:8840,mutual,mutual.CO+T,superlevel,h0,0.9,1,4,3,
trajectory_000000:8840,mutual,mutual.CO+T,superlevel,h1,0.1,1,0,1,
trajectory_000000:8840,mutual,mutual.CO+T,superlevel,h1,0.25,0,0,0,
trajectory_000000:8840,mutual,mutual.CO+T,superlevel,h1,0.5,0,0,0,
trajectory_000000:8840,mutual,mutual.CO+T,superlevel,h1,0.75,2,7,5,
trajectory_000000:8840,mutual,mutual.CO+T,superlevel,h1,0.9,1,7,6,
trajectory_000000:8840,mutual,mutual.CO+T,superlevel,h0,0.1,8,9,1,
trajectory_000000:8840,mutual,mutual.CO+T,superlevel,h0,0.25,6,2,4,
trajectory_000000:8840,mutual,mutual.CO+T,superlevel,h0,0.5,1,1,0,
trajectory_000000:8840,mutual,mutual.CO+T,superlevel,h0,0.75,2,5,3,
trajectory_000000:8840,mutual,mutual.CO+T,superlevel,h0,0.9,1,4,3,
trajectory_000000:8840,mutual,mutual.CO+T,superlevel,h1,0.1,0,0,0,
trajectory_000000:8840,mutual,mutual.CO+T,superlevel,h1,0.25,5,0,5,
trajectory_000000:8840,mutual,mutual.CO+T,superlevel,h1,0.5,0,0,0,
trajectory_000000:8840,mutual,mutual.CO+T,superlevel,h1,0.75,2,7,5,
trajectory_000000:8840,mutual,mutual.CO+T,superlevel,h1,0.9,1,7,6,
trajectory_000000:8840,mutual,mutual.CO+T,superlevel,h0,0.1,7,2,5,
trajectory_000000:8840,mutual,mutual.CO+T,superlevel,h0,0.25,7,2,5,
trajectory_000000:8840,mutual,mutual.CO+T,superlevel,h0,0.5,1,1,0,
trajectory_000000:8840,mutual,mutual.CO+T,superlevel,h0,0.75,1,3,2,
trajectory_000000:8840,mutual,mutual.CO+T,superlevel,h0,0.9,1,3,2,
trajectory_000000:8840,mutual,mutual.CO+T,superlevel,h1,0.1,2,0,2,
trajectory_000000:8840,mutual,mutual.CO+T,superlevel,h1,0.25,4,0,4,
trajectory_000000:8840,mutual,mutual.CO+T,superlevel,h1,0.5,1,0,1,
trajectory_000000:8840,mutual,mutual.CO+T,superlevel,h1,0.75,102,11,91,
trajectory_000000:8840,mutual,mutual.CO+T,superlevel,h1,0.9,102,11,91,
trajectory_000000:8840,persistence_distance,topology.self.persistence,,,,,,,0.0036089203786104918
trajectory_000000:8840,persistence_distance,topology.mutual.persistence,,,,,,,0.001069869613274932
trajectory_000000:8840,persistence_distance,topology.component_weighted_total_before_outer_family_weight,,,,,,,0.004678789991885424
trajectory_000000:8840,dimension_distance_diagnostic,topology.self.CO.h0,,,,,,,0.01143448892980814
trajectory_000000:8840,dimension_distance_diagnostic,topology.self.CO.h1,,,,,,,0.0009456369443796575
trajectory_000000:8840,dimension_distance_diagnostic,topology.self.T.h0,,,,,,,0.001873091096058488
trajectory_000000:8840,dimension_distance_diagnostic,topology.self.T.h1,,,,,,,0.0001824649516493082
trajectory_000000:8840,dimension_distance_diagnostic,topology.mutual.CO+T.h0,,,,,,,0.0013889226829633117
trajectory_000000:8840,dimension_distance_diagnostic,topology.mutual.CO+T.h1,,,,,,,0.0007508166017942131
trajectory_000000:8856,self,self.CO,sublevel,h0,0.1,2,8,6,
trajectory_000000:8856,self,self.CO,sublevel,h0,0.25,2,8,6,
trajectory_000000:8856,self,self.CO,sublevel,h0,0.5,3,2,1,
trajectory_000000:8856,self,self.CO,sublevel,h0,0.75,5,2,3,
trajectory_000000:8856,self,self.CO,sublevel,h0,0.9,1,2,1,
trajectory_000000:8856,self,self.CO,sublevel,h1,0.1,85,0,85,
trajectory_000000:8856,self,self.CO,sublevel,h1,0.25,85,0,85,
trajectory_000000:8856,self,self.CO,sublevel,h1,0.5,0,0,0,
trajectory_000000:8856,self,self.CO,sublevel,h1,0.75,2,1,1,
trajectory_000000:8856,self,self.CO,sublevel,h1,0.9,5,8,3,
trajectory_000000:8856,self,self.T,sublevel,h0,0.1,4,11,7,
trajectory_000000:8856,self,self.T,sublevel,h0,0.25,4,5,1,
trajectory_000000:8856,self,self.T,sublevel,h0,0.5,2,1,1,
trajectory_000000:8856,self,self.T,sublevel,h0,0.75,2,2,0,
trajectory_000000:8856,self,self.T,sublevel,h0,0.9,2,1,1,
trajectory_000000:8856,self,self.T,sublevel,h1,0.1,0,3,3,
trajectory_000000:8856,self,self.T,sublevel,h1,0.25,0,2,2,
trajectory_000000:8856,self,self.T,sublevel,h1,0.5,0,0,0,
trajectory_000000:8856,self,self.T,sublevel,h1,0.75,1,0,1,
trajectory_000000:8856,self,self.T,sublevel,h1,0.9,1,5,4,
trajectory_000000:8856,mutual,mutual.CO+T,sublevel,h0,0.1,4,11,7,
trajectory_000000:8856,mutual,mutual.CO+T,sublevel,h0,0.25,4,5,1,
trajectory_000000:8856,mutual,mutual.CO+T,sublevel,h0,0.5,2,1,1,
trajectory_000000:8856,mutual,mutual.CO+T,sublevel,h0,0.75,8,4,4,
trajectory_000000:8856,mutual,mutual.CO+T,sublevel,h0,0.9,1,2,1,
trajectory_000000:8856,mutual,mutual.CO+T,sublevel,h1,0.1,0,3,3,
trajectory_000000:8856,mutual,mutual.CO+T,sublevel,h1,0.25,0,2,2,
trajectory_000000:8856,mutual,mutual.CO+T,sublevel,h1,0.5,0,0,0,
trajectory_000000:8856,mutual,mutual.CO+T,sublevel,h1,0.75,3,5,2,
trajectory_000000:8856,mutual,mutual.CO+T,sublevel,h1,0.9,7,8,1,
trajectory_000000:8856,mutual,mutual.CO+T,sublevel,h0,0.1,1,8,7,
trajectory_000000:8856,mutual,mutual.CO+T,sublevel,h0,0.25,1,8,7,
trajectory_000000:8856,mutual,mutual.CO+T,sublevel,h0,0.5,3,2,1,
trajectory_000000:8856,mutual,mutual.CO+T,sublevel,h0,0.75,8,4,4,
trajectory_000000:8856,mutual,mutual.CO+T,sublevel,h0,0.9,1,2,1,
trajectory_000000:8856,mutual,mutual.CO+T,sublevel,h1,0.1,0,0,0,
trajectory_000000:8856,mutual,mutual.CO+T,sublevel,h1,0.25,0,0,0,
trajectory_000000:8856,mutual,mutual.CO+T,sublevel,h1,0.5,0,0,0,
trajectory_000000:8856,mutual,mutual.CO+T,sublevel,h1,0.75,3,5,2,
trajectory_000000:8856,mutual,mutual.CO+T,sublevel,h1,0.9,8,8,0,
trajectory_000000:8856,mutual,mutual.CO+T,sublevel,h0,0.1,4,11,7,
trajectory_000000:8856,mutual,mutual.CO+T,sublevel,h0,0.25,4,5,1,
trajectory_000000:8856,mutual,mutual.CO+T,sublevel,h0,0.5,2,1,1,
trajectory_000000:8856,mutual,mutual.CO+T,sublevel,h0,0.75,5,2,3,
trajectory_000000:8856,mutual,mutual.CO+T,sublevel,h0,0.9,1,2,1,
trajectory_000000:8856,mutual,mutual.CO+T,sublevel,h1,0.1,0,3,3,
trajectory_000000:8856,mutual,mutual.CO+T,sublevel,h1,0.25,0,2,2,
trajectory_000000:8856,mutual,mutual.CO+T,sublevel,h1,0.5,0,0,0,
trajectory_000000:8856,mutual,mutual.CO+T,sublevel,h1,0.75,4,1,3,
trajectory_000000:8856,mutual,mutual.CO+T,sublevel,h1,0.9,5,8,3,
trajectory_000000:8856,self,self.CO,superlevel,h0,0.1,6,8,2,
trajectory_000000:8856,self,self.CO,superlevel,h0,0.25,4,2,2,
trajectory_000000:8856,self,self.CO,superlevel,h0,0.5,1,1,0,
trajectory_000000:8856,self,self.CO,superlevel,h0,0.75,1,1,0,
trajectory_000000:8856,self,self.CO,superlevel,h0,0.9,1,1,0,
trajectory_000000:8856,self,self.CO,superlevel,h1,0.1,0,1,1,
trajectory_000000:8856,self,self.CO,superlevel,h1,0.25,3,1,2,
trajectory_000000:8856,self,self.CO,superlevel,h1,0.5,2,1,1,
trajectory_000000:8856,self,self.CO,superlevel,h1,0.75,96,5,91,
trajectory_000000:8856,self,self.CO,superlevel,h1,0.9,96,5,91,
trajectory_000000:8856,self,self.T,superlevel,h0,0.1,3,7,4,
trajectory_000000:8856,self,self.T,superlevel,h0,0.25,2,1,1,
trajectory_000000:8856,self,self.T,superlevel,h0,0.5,1,1,0,
trajectory_000000:8856,self,self.T,superlevel,h0,0.75,2,5,3,
trajectory_000000:8856,self,self.T,superlevel,h0,0.9,1,6,5,
trajectory_000000:8856,self,self.T,superlevel,h1,0.1,0,0,0,
trajectory_000000:8856,self,self.T,superlevel,h1,0.25,0,0,0,
trajectory_000000:8856,self,self.T,superlevel,h1,0.5,1,0,1,
trajectory_000000:8856,self,self.T,superlevel,h1,0.75,1,3,2,
trajectory_000000:8856,self,self.T,superlevel,h1,0.9,2,10,8,
trajectory_000000:8856,mutual,mutual.CO+T,superlevel,h0,0.1,6,3,3,
trajectory_000000:8856,mutual,mutual.CO+T,superlevel,h0,0.25,4,2,2,
trajectory_000000:8856,mutual,mutual.CO+T,superlevel,h0,0.5,1,1,0,
trajectory_000000:8856,mutual,mutual.CO+T,superlevel,h0,0.75,2,5,3,
trajectory_000000:8856,mutual,mutual.CO+T,superlevel,h0,0.9,1,6,5,
trajectory_000000:8856,mutual,mutual.CO+T,superlevel,h1,0.1,0,0,0,
trajectory_000000:8856,mutual,mutual.CO+T,superlevel,h1,0.25,0,0,0,
trajectory_000000:8856,mutual,mutual.CO+T,superlevel,h1,0.5,1,0,1,
trajectory_000000:8856,mutual,mutual.CO+T,superlevel,h1,0.75,1,3,2,
trajectory_000000:8856,mutual,mutual.CO+T,superlevel,h1,0.9,2,10,8,
trajectory_000000:8856,mutual,mutual.CO+T,superlevel,h0,0.1,8,5,3,
trajectory_000000:8856,mutual,mutual.CO+T,superlevel,h0,0.25,4,3,1,
trajectory_000000:8856,mutual,mutual.CO+T,superlevel,h0,0.5,1,1,0,
trajectory_000000:8856,mutual,mutual.CO+T,superlevel,h0,0.75,2,5,3,
trajectory_000000:8856,mutual,mutual.CO+T,superlevel,h0,0.9,1,6,5,
trajectory_000000:8856,mutual,mutual.CO+T,superlevel,h1,0.1,0,1,1,
trajectory_000000:8856,mutual,mutual.CO+T,superlevel,h1,0.25,2,1,1,
trajectory_000000:8856,mutual,mutual.CO+T,superlevel,h1,0.5,1,0,1,
trajectory_000000:8856,mutual,mutual.CO+T,superlevel,h1,0.75,1,3,2,
trajectory_000000:8856,mutual,mutual.CO+T,superlevel,h1,0.9,2,10,8,
trajectory_000000:8856,mutual,mutual.CO+T,superlevel,h0,0.1,3,4,1,
trajectory_000000:8856,mutual,mutual.CO+T,superlevel,h0,0.25,4,3,1,
trajectory_000000:8856,mutual,mutual.CO+T,superlevel,h0,0.5,1,1,0,
trajectory_000000:8856,mutual,mutual.CO+T,superlevel,h0,0.75,1,1,0,
trajectory_000000:8856,mutual,mutual.CO+T,superlevel,h0,0.9,1,1,0,
trajectory_000000:8856,mutual,mutual.CO+T,superlevel,h1,0.1,0,1,1,
trajectory_000000:8856,mutual,mutual.CO+T,superlevel,h1,0.25,2,1,1,
trajectory_000000:8856,mutual,mutual.CO+T,superlevel,h1,0.5,2,1,1,
trajectory_000000:8856,mutual,mutual.CO+T,superlevel,h1,0.75,96,5,91,
trajectory_000000:8856,mutual,mutual.CO+T,superlevel,h1,0.9,96,5,91,
trajectory_000000:8856,persistence_distance,topology.self.persistence,,,,,,,0.0017973820213228464
trajectory_000000:8856,persistence_distance,topology.mutual.persistence,,,,,,,0.0009929552907124162
trajectory_000000:8856,persistence_distance,topology.component_weighted_total_before_outer_family_weight,,,,,,,0.0027903374284505844
trajectory_000000:8856,dimension_distance_diagnostic,topology.self.CO.h0,,,,,,,0.004027689807116985
trajectory_000000:8856,dimension_distance_diagnostic,topology.self.CO.h1,,,,,,,0.0008892691694200039
trajectory_000000:8856,dimension_distance_diagnostic,topology.self.T.h0,,,,,,,0.002137059811502695
trajectory_000000:8856,dimension_distance_diagnostic,topology.self.T.h1,,,,,,,0.0001355094282189384
trajectory_000000:8856,dimension_distance_diagnostic,topology.mutual.CO+T.h0,,,,,,,0.0012961807660758495
trajectory_000000:8856,dimension_distance_diagnostic,topology.mutual.CO+T.h1,,,,,,,0.0006897295825183392
trajectory_000000:8872,self,self.CO,sublevel,h0,0.1,2,9,7,
trajectory_000000:8872,self,self.CO,sublevel,h0,0.25,2,9,7,
trajectory_000000:8872,self,self.CO,sublevel,h0,0.5,1,1,0,
trajectory_000000:8872,self,self.CO,sublevel,h0,0.75,3,4,1,
trajectory_000000:8872,self,self.CO,sublevel,h0,0.9,2,2,0,
trajectory_000000:8872,self,self.CO,sublevel,h1,0.1,83,5,78,
trajectory_000000:8872,self,self.CO,sublevel,h1,0.25,83,5,78,
trajectory_000000:8872,self,self.CO,sublevel,h1,0.5,0,0,0,
trajectory_000000:8872,self,self.CO,sublevel,h1,0.75,2,0,2,
trajectory_000000:8872,self,self.CO,sublevel,h1,0.9,8,1,7,
trajectory_000000:8872,self,self.T,sublevel,h0,0.1,10,3,7,
trajectory_000000:8872,self,self.T,sublevel,h0,0.25,3,1,2,
trajectory_000000:8872,self,self.T,sublevel,h0,0.5,1,1,0,
trajectory_000000:8872,self,self.T,sublevel,h0,0.75,2,2,0,
trajectory_000000:8872,self,self.T,sublevel,h0,0.9,1,3,2,
trajectory_000000:8872,self,self.T,sublevel,h1,0.1,0,7,7,
trajectory_000000:8872,self,self.T,sublevel,h1,0.25,2,2,0,
trajectory_000000:8872,self,self.T,sublevel,h1,0.5,0,1,1,
trajectory_000000:8872,self,self.T,sublevel,h1,0.75,0,0,0,
trajectory_000000:8872,self,self.T,sublevel,h1,0.9,4,2,2,
trajectory_000000:8872,mutual,mutual.CO+T,sublevel,h0,0.1,10,3,7,
trajectory_000000:8872,mutual,mutual.CO+T,sublevel,h0,0.25,3,1,2,
trajectory_000000:8872,mutual,mutual.CO+T,sublevel,h0,0.5,1,1,0,
trajectory_000000:8872,mutual,mutual.CO+T,sublevel,h0,0.75,16,12,4,
trajectory_000000:8872,mutual,mutual.CO+T,sublevel,h0,0.9,3,2,1,
trajectory_000000:8872,mutual,mutual.CO+T,sublevel,h1,0.1,0,7,7,
trajectory_000000:8872,mutual,mutual.CO+T,sublevel,h1,0.25,2,2,0,
trajectory_000000:8872,mutual,mutual.CO+T,sublevel,h1,0.5,0,1,1,
trajectory_000000:8872,mutual,mutual.CO+T,sublevel,h1,0.75,6,0,6,
trajectory_000000:8872,mutual,mutual.CO+T,sublevel,h1,0.9,12,5,7,
trajectory_000000:8872,mutual,mutual.CO+T,sublevel,h0,0.1,1,9,8,
trajectory_000000:8872,mutual,mutual.CO+T,sublevel,h0,0.25,1,9,8,
trajectory_000000:8872,mutual,mutual.CO+T,sublevel,h0,0.5,1,1,0,
trajectory_000000:8872,mutual,mutual.CO+T,sublevel,h0,0.75,16,12,4,
trajectory_000000:8872,mutual,mutual.CO+T,sublevel,h0,0.9,3,2,1,
trajectory_000000:8872,mutual,mutual.CO+T,sublevel,h1,0.1,0,5,5,
trajectory_000000:8872,mutual,mutual.CO+T,sublevel,h1,0.25,0,5,5,
trajectory_000000:8872,mutual,mutual.CO+T,sublevel,h1,0.5,0,0,0,
trajectory_000000:8872,mutual,mutual.CO+T,sublevel,h1,0.75,6,0,6,
trajectory_000000:8872,mutual,mutual.CO+T,sublevel,h1,0.9,12,6,6,
trajectory_000000:8872,mutual,mutual.CO+T,sublevel,h0,0.1,10,3,7,
trajectory_000000:8872,mutual,mutual.CO+T,sublevel,h0,0.25,3,1,2,
trajectory_000000:8872,mutual,mutual.CO+T,sublevel,h0,0.5,1,1,0,
trajectory_000000:8872,mutual,mutual.CO+T,sublevel,h0,0.75,3,4,1,
trajectory_000000:8872,mutual,mutual.CO+T,sublevel,h0,0.9,2,2,0,
trajectory_000000:8872,mutual,mutual.CO+T,sublevel,h1,0.1,0,7,7,
trajectory_000000:8872,mutual,mutual.CO+T,sublevel,h1,0.25,2,2,0,
trajectory_000000:8872,mutual,mutual.CO+T,sublevel,h1,0.5,0,0,0,
trajectory_000000:8872,mutual,mutual.CO+T,sublevel,h1,0.75,2,0,2,
trajectory_000000:8872,mutual,mutual.CO+T,sublevel,h1,0.9,8,1,7,
trajectory_000000:8872,self,self.CO,superlevel,h0,0.1,12,5,7,
trajectory_000000:8872,self,self.CO,superlevel,h0,0.25,3,2,1,
trajectory_000000:8872,self,self.CO,superlevel,h0,0.5,1,1,0,
trajectory_000000:8872,self,self.CO,superlevel,h0,0.75,1,10,9,
trajectory_000000:8872,self,self.CO,superlevel,h0,0.9,1,10,9,
trajectory_000000:8872,self,self.CO,superlevel,h1,0.1,0,1,1,
trajectory_000000:8872,self,self.CO,superlevel,h1,0.25,1,3,2,
trajectory_000000:8872,self,self.CO,superlevel,h1,0.5,0,0,0,
trajectory_000000:8872,self,self.CO,superlevel,h1,0.75,89,3,86,
trajectory_000000:8872,self,self.CO,superlevel,h1,0.9,89,3,86,
trajectory_000000:8872,self,self.T,superlevel,h0,0.1,5,3,2,
trajectory_000000:8872,self,self.T,superlevel,h0,0.25,1,1,0,
trajectory_000000:8872,self,self.T,superlevel,h0,0.5,1,2,1,
trajectory_000000:8872,self,self.T,superlevel,h0,0.75,3,4,1,
trajectory_000000:8872,self,self.T,superlevel,h0,0.9,1,10,9,
trajectory_000000:8872,self,self.T,superlevel,h1,0.1,0,2,2,
trajectory_000000:8872,self,self.T,superlevel,h1,0.25,1,0,1,
trajectory_000000:8872,self,self.T,superlevel,h1,0.5,0,0,0,
trajectory_000000:8872,self,self.T,superlevel,h1,0.75,1,0,1,
trajectory_000000:8872,self,self.T,superlevel,h1,0.9,6,2,4,
trajectory_000000:8872,mutual,mutual.CO+T,superlevel,h0,0.1,7,3,4,
trajectory_000000:8872,mutual,mutual.CO+T,superlevel,h0,0.25,1,2,1,
trajectory_000000:8872,mutual,mutual.CO+T,superlevel,h0,0.5,1,2,1,
trajectory_000000:8872,mutual,mutual.CO+T,superlevel,h0,0.75,3,4,1,
trajectory_000000:8872,mutual,mutual.CO+T,superlevel,h0,0.9,1,10,9,
trajectory_000000:8872,mutual,mutual.CO+T,superlevel,h1,0.1,0,0,0,
trajectory_000000:8872,mutual,mutual.CO+T,superlevel,h1,0.25,1,0,1,
trajectory_000000:8872,mutual,mutual.CO+T,superlevel,h1,0.5,0,0,0,
trajectory_000000:8872,mutual,mutual.CO+T,superlevel,h1,0.75,1,0,1,
trajectory_000000:8872,mutual,mutual.CO+T,superlevel,h1,0.9,6,2,4,
trajectory_000000:8872,mutual,mutual.CO+T,superlevel,h0,0.1,11,6,5,
trajectory_000000:8872,mutual,mutual.CO+T,superlevel,h0,0.25,4,5,1,
trajectory_000000:8872,mutual,mutual.CO+T,superlevel,h0,0.5,1,2,1,
trajectory_000000:8872,mutual,mutual.CO+T,superlevel,h0,0.75,3,4,1,
trajectory_000000:8872,mutual,mutual.CO+T,superlevel,h0,0.9,1,10,9,
trajectory_000000:8872,mutual,mutual.CO+T,superlevel,h1,0.1,0,0,0,
trajectory_000000:8872,mutual,mutual.CO+T,superlevel,h1,0.25,2,0,2,
trajectory_000000:8872,mutual,mutual.CO+T,superlevel,h1,0.5,0,0,0,
trajectory_000000:8872,mutual,mutual.CO+T,superlevel,h1,0.75,1,0,1,
trajectory_000000:8872,mutual,mutual.CO+T,superlevel,h1,0.9,6,2,4,
trajectory_000000:8872,mutual,mutual.CO+T,superlevel,h0,0.1,10,8,2,
trajectory_000000:8872,mutual,mutual.CO+T,superlevel,h0,0.25,5,5,0,
trajectory_000000:8872,mutual,mutual.CO+T,superlevel,h0,0.5,1,1,0,
trajectory_000000:8872,mutual,mutual.CO+T,superlevel,h0,0.75,1,10,9,
trajectory_000000:8872,mutual,mutual.CO+T,superlevel,h0,0.9,1,10,9,
trajectory_000000:8872,mutual,mutual.CO+T,superlevel,h1,0.1,0,0,0,
trajectory_000000:8872,mutual,mutual.CO+T,superlevel,h1,0.25,2,0,2,
trajectory_000000:8872,mutual,mutual.CO+T,superlevel,h1,0.5,0,0,0,
trajectory_000000:8872,mutual,mutual.CO+T,superlevel,h1,0.75,89,3,86,
trajectory_000000:8872,mutual,mutual.CO+T,superlevel,h1,0.9,89,3,86,
trajectory_000000:8872,persistence_distance,topology.self.persistence,,,,,,,0.003973486367613077
trajectory_000000:8872,persistence_distance,topology.mutual.persistence,,,,,,,0.001043457887135446
trajectory_000000:8872,persistence_distance,topology.component_weighted_total_before_outer_family_weight,,,,,,,0.005016944371163845
trajectory_000000:8872,dimension_distance_diagnostic,topology.self.CO.h0,,,,,,,0.013123350217938423
trajectory_000000:8872,dimension_distance_diagnostic,topology.self.CO.h1,,,,,,,0.001041358569636941
trajectory_000000:8872,dimension_distance_diagnostic,topology.self.T.h0,,,,,,,0.0015256577171385288
trajectory_000000:8872,dimension_distance_diagnostic,topology.self.T.h1,,,,,,,0.00020358010078780353
trajectory_000000:8872,dimension_distance_diagnostic,topology.mutual.CO+T.h0,,,,,,,0.0012210207059979439
trajectory_000000:8872,dimension_distance_diagnostic,topology.mutual.CO+T.h1,,,,,,,0.0008658951264806092
trajectory_000000:8888,self,self.CO,sublevel,h0,0.1,3,2,1,
trajectory_000000:8888,self,self.CO,sublevel,h0,0.25,3,2,1,
trajectory_000000:8888,self,self.CO,sublevel,h0,0.5,4,2,2,
trajectory_000000:8888,self,self.CO,sublevel,h0,0.75,2,1,1,
trajectory_000000:8888,self,self.CO,sublevel,h0,0.9,2,1,1,
trajectory_000000:8888,self,self.CO,sublevel,h1,0.1,77,1,76,
trajectory_000000:8888,self,self.CO,sublevel,h1,0.25,77,1,76,
trajectory_000000:8888,self,self.CO,sublevel,h1,0.5,0,0,0,
trajectory_000000:8888,self,self.CO,sublevel,h1,0.75,1,1,0,
trajectory_000000:8888,self,self.CO,sublevel,h1,0.9,2,0,2,
trajectory_000000:8888,self,self.T,sublevel,h0,0.1,2,3,1,
trajectory_000000:8888,self,self.T,sublevel,h0,0.25,5,2,3,
trajectory_000000:8888,self,self.T,sublevel,h0,0.5,4,1,3,
trajectory_000000:8888,self,self.T,sublevel,h0,0.75,2,3,1,
trajectory_000000:8888,self,self.T,sublevel,h0,0.9,1,1,0,
trajectory_000000:8888,self,self.T,sublevel,h1,0.1,0,6,6,
trajectory_000000:8888,self,self.T,sublevel,h1,0.25,0,0,0,
trajectory_000000:8888,self,self.T,sublevel,h1,0.5,0,0,0,
trajectory_000000:8888,self,self.T,sublevel,h1,0.75,1,0,1,
trajectory_000000:8888,self,self.T,sublevel,h1,0.9,5,4,1,
trajectory_000000:8888,mutual,mutual.CO+T,sublevel,h0,0.1,2,3,1,
trajectory_000000:8888,mutual,mutual.CO+T,sublevel,h0,0.25,5,2,3,
trajectory_000000:8888,mutual,mutual.CO+T,sublevel,h0,0.5,4,1,3,
trajectory_000000:8888,mutual,mutual.CO+T,sublevel,h0,0.75,27,11,16,
trajectory_000000:8888,mutual,mutual.CO+T,sublevel,h0,0.9,2,1,1,
trajectory_000000:8888,mutual,mutual.CO+T,sublevel,h1,0.1,0,6,6,
trajectory_000000:8888,mutual,mutual.CO+T,sublevel,h1,0.25,0,0,0,
trajectory_000000:8888,mutual,mutual.CO+T,sublevel,h1,0.5,0,0,0,
trajectory_000000:8888,mutual,mutual.CO+T,sublevel,h1,0.75,4,0,4,
trajectory_000000:8888,mutual,mutual.CO+T,sublevel,h1,0.9,2,0,2,
trajectory_000000:8888,mutual,mutual.CO+T,sublevel,h0,0.1,1,2,1,
trajectory_000000:8888,mutual,mutual.CO+T,sublevel,h0,0.25,1,2,1,
trajectory_000000:8888,mutual,mutual.CO+T,sublevel,h0,0.5,2,1,1,
trajectory_000000:8888,mutual,mutual.CO+T,sublevel,h0,0.75,27,11,16,
trajectory_000000:8888,mutual,mutual.CO+T,sublevel,h0,0.9,2,1,1,
trajectory_000000:8888,mutual,mutual.CO+T,sublevel,h1,0.1,0,1,1,
trajectory_000000:8888,mutual,mutual.CO+T,sublevel,h1,0.25,0,1,1,
trajectory_000000:8888,mutual,mutual.CO+T,sublevel,h1,0.5,0,0,0,
trajectory_000000:8888,mutual,mutual.CO+T,sublevel,h1,0.75,4,0,4,
trajectory_000000:8888,mutual,mutual.CO+T,sublevel,h1,0.9,3,0,3,
trajectory_000000:8888,mutual,mutual.CO+T,sublevel,h0,0.1,2,3,1,
trajectory_000000:8888,mutual,mutual.CO+T,sublevel,h0,0.25,5,2,3,
trajectory_000000:8888,mutual,mutual.CO+T,sublevel,h0,0.5,2,1,1,
trajectory_000000:8888,mutual,mutual.CO+T,sublevel,h0,0.75,2,1,1,
trajectory_000000:8888,mutual,mutual.CO+T,sublevel,h0,0.9,2,1,1,
trajectory_000000:8888,mutual,mutual.CO+T,sublevel,h1,0.1,0,6,6,
trajectory_000000:8888,mutual,mutual.CO+T,sublevel,h1,0.25,0,0,0,
trajectory_000000:8888,mutual,mutual.CO+T,sublevel,h1,0.5,0,0,0,
trajectory_000000:8888,mutual,mutual.CO+T,sublevel,h1,0.75,1,1,0,
trajectory_000000:8888,mutual,mutual.CO+T,sublevel,h1,0.9,2,0,2,
trajectory_000000:8888,self,self.CO,superlevel,h0,0.1,3,1,2,
trajectory_000000:8888,self,self.CO,superlevel,h0,0.25,3,3,0,
trajectory_000000:8888,self,self.CO,superlevel,h0,0.5,1,1,0,
trajectory_000000:8888,self,self.CO,superlevel,h0,0.75,1,5,4,
trajectory_000000:8888,self,self.CO,superlevel,h0,0.9,1,5,4,
trajectory_000000:8888,self,self.CO,superlevel,h1,0.1,0,0,0,
trajectory_000000:8888,self,self.CO,superlevel,h1,0.25,1,0,1,
trajectory_000000:8888,self,self.CO,superlevel,h1,0.5,0,0,0,
trajectory_000000:8888,self,self.CO,superlevel,h1,0.75,88,0,88,
trajectory_000000:8888,self,self.CO,superlevel,h1,0.9,88,0,88,
trajectory_000000:8888,self,self.T,superlevel,h0,0.1,7,6,1,
trajectory_000000:8888,self,self.T,superlevel,h0,0.25,2,1,1,
trajectory_000000:8888,self,self.T,superlevel,h0,0.5,1,1,0,
trajectory_000000:8888,self,self.T,superlevel,h0,0.75,1,4,3,
trajectory_000000:8888,self,self.T,superlevel,h0,0.9,1,9,8,
trajectory_000000:8888,self,self.T,superlevel,h1,0.1,0,0,0,
trajectory_000000:8888,self,self.T,superlevel,h1,0.25,0,0,0,
trajectory_000000:8888,self,self.T,superlevel,h1,0.5,0,0,0,
trajectory_000000:8888,self,self.T,superlevel,h1,0.75,2,1,1,
trajectory_000000:8888,self,self.T,superlevel,h1,0.9,0,1,1,
trajectory_000000:8888,mutual,mutual.CO+T,superlevel,h0,0.1,8,5,3,
trajectory_000000:8888,mutual,mutual.CO+T,superlevel,h0,0.25,6,2,4,
trajectory_000000:8888,mutual,mutual.CO+T,superlevel,h0,0.5,1,1,0,
trajectory_000000:8888,mutual,mutual.CO+T,superlevel,h0,0.75,1,4,3,
trajectory_000000:8888,mutual,mutual.CO+T,superlevel,h0,0.9,1,9,8,
trajectory_000000:8888,mutual,mutual.CO+T,superlevel,h1,0.1,0,0,0,
trajectory_000000:8888,mutual,mutual.CO+T,superlevel,h1,0.25,1,0,1,
trajectory_000000:8888,mutual,mutual.CO+T,superlevel,h1,0.5,0,0,0,
trajectory_000000:8888,mutual,mutual.CO+T,superlevel,h1,0.75,2,1,1,
trajectory_000000:8888,mutual,mutual.CO+T,superlevel,h1,0.9,0,1,1,
trajectory_000000:8888,mutual,mutual.CO+T,superlevel,h0,0.1,14,13,1,
trajectory_000000:8888,mutual,mutual.CO+T,superlevel,h0,0.25,5,3,2,
trajectory_000000:8888,mutual,mutual.CO+T,superlevel,h0,0.5,1,1,0,
trajectory_000000:8888,mutual,mutual.CO+T,superlevel,h0,0.75,1,4,3,
trajectory_000000:8888,mutual,mutual.CO+T,superlevel,h0,0.9,1,9,8,
trajectory_000000:8888,mutual,mutual.CO+T,superlevel,h1,0.1,3,0,3,
trajectory_000000:8888,mutual,mutual.CO+T,superlevel,h1,0.25,2,1,1,
trajectory_000000:8888,mutual,mutual.CO+T,superlevel,h1,0.5,0,0,0,
trajectory_000000:8888,mutual,mutual.CO+T,superlevel,h1,0.75,2,1,1,
trajectory_000000:8888,mutual,mutual.CO+T,superlevel,h1,0.9,0,1,1,
trajectory_000000:8888,mutual,mutual.CO+T,superlevel,h0,0.1,10,4,6,
trajectory_000000:8888,mutual,mutual.CO+T,superlevel,h0,0.25,4,3,1,
trajectory_000000:8888,mutual,mutual.CO+T,superlevel,h0,0.5,1,1,0,
trajectory_000000:8888,mutual,mutual.CO+T,superlevel,h0,0.75,1,5,4,
trajectory_000000:8888,mutual,mutual.CO+T,superlevel,h0,0.9,1,5,4,
trajectory_000000:8888,mutual,mutual.CO+T,superlevel,h1,0.1,1,1,0,
trajectory_000000:8888,mutual,mutual.CO+T,superlevel,h1,0.25,2,1,1,
trajectory_000000:8888,mutual,mutual.CO+T,superlevel,h1,0.5,0,0,0,
trajectory_000000:8888,mutual,mutual.CO+T,superlevel,h1,0.75,88,0,88,
trajectory_000000:8888,mutual,mutual.CO+T,superlevel,h1,0.9,88,0,88,
trajectory_000000:8888,persistence_distance,topology.self.persistence,,,,,,,0.004682732746005058
trajectory_000000:8888,persistence_distance,topology.mutual.persistence,,,,,,,0.0013583538820967078
trajectory_000000:8888,persistence_distance,topology.component_weighted_total_before_outer_family_weight,,,,,,,0.006041086744517088
trajectory_000000:8888,dimension_distance_diagnostic,topology.self.CO.h0,,,,,,,0.015539547428488731
trajectory_000000:8888,dimension_distance_diagnostic,topology.self.CO.h1,,,,,,,0.0007235670345835388
trajectory_000000:8888,dimension_distance_diagnostic,topology.self.T.h0,,,,,,,0.0022794827818870544
trajectory_000000:8888,dimension_distance_diagnostic,topology.self.T.h1,,,,,,,0.00018833235662896186
trajectory_000000:8888,dimension_distance_diagnostic,topology.mutual.CO+T.h0,,,,,,,0.0020837958436459303
trajectory_000000:8888,dimension_distance_diagnostic,topology.mutual.CO+T.h1,,,,,,,0.0006329120951704681
trajectory_000000:8903,self,self.CO,sublevel,h0,0.1,10,6,4,
trajectory_000000:8903,self,self.CO,sublevel,h0,0.25,10,6,4,
trajectory_000000:8903,self,self.CO,sublevel,h0,0.5,7,10,3,
trajectory_000000:8903,self,self.CO,sublevel,h0,0.75,4,4,0,
trajectory_000000:8903,self,self.CO,sublevel,h0,0.9,2,2,0,
trajectory_000000:8903,self,self.CO,sublevel,h1,0.1,79,2,77,
trajectory_000000:8903,self,self.CO,sublevel,h1,0.25,79,2,77,
trajectory_000000:8903,self,self.CO,sublevel,h1,0.5,0,0,0,
trajectory_000000:8903,self,self.CO,sublevel,h1,0.75,4,1,3,
trajectory_000000:8903,self,self.CO,sublevel,h1,0.9,5,0,5,
trajectory_000000:8903,self,self.T,sublevel,h0,0.1,2,1,1,
trajectory_000000:8903,self,self.T,sublevel,h0,0.25,4,1,3,
trajectory_000000:8903,self,self.T,sublevel,h0,0.5,10,10,0,
trajectory_000000:8903,self,self.T,sublevel,h0,0.75,1,1,0,
trajectory_000000:8903,self,self.T,sublevel,h0,0.9,1,1,0,
trajectory_000000:8903,self,self.T,sublevel,h1,0.1,0,1,1,
trajectory_000000:8903,self,self.T,sublevel,h1,0.25,0,1,1,
trajectory_000000:8903,self,self.T,sublevel,h1,0.5,0,0,0,
trajectory_000000:8903,self,self.T,sublevel,h1,0.75,2,1,1,
trajectory_000000:8903,self,self.T,sublevel,h1,0.9,4,8,4,
trajectory_000000:8903,mutual,mutual.CO+T,sublevel,h0,0.1,2,1,1,
trajectory_000000:8903,mutual,mutual.CO+T,sublevel,h0,0.25,4,1,3,
trajectory_000000:8903,mutual,mutual.CO+T,sublevel,h0,0.5,9,11,2,
trajectory_000000:8903,mutual,mutual.CO+T,sublevel,h0,0.75,9,7,2,
trajectory_000000:8903,mutual,mutual.CO+T,sublevel,h0,0.9,2,1,1,
trajectory_000000:8903,mutual,mutual.CO+T,sublevel,h1,0.1,0,1,1,
trajectory_000000:8903,mutual,mutual.CO+T,sublevel,h1,0.25,0,1,1,
trajectory_000000:8903,mutual,mutual.CO+T,sublevel,h1,0.5,0,0,0,
trajectory_000000:8903,mutual,mutual.CO+T,sublevel,h1,0.75,2,4,2,
trajectory_000000:8903,mutual,mutual.CO+T,sublevel,h1,0.9,10,0,10,
trajectory_000000:8903,mutual,mutual.CO+T,sublevel,h0,0.1,10,6,4,
trajectory_000000:8903,mutual,mutual.CO+T,sublevel,h0,0.25,10,6,4,
trajectory_000000:8903,mutual,mutual.CO+T,sublevel,h0,0.5,10,8,2,
trajectory_000000:8903,mutual,mutual.CO+T,sublevel,h0,0.75,7,7,0,
trajectory_000000:8903,mutual,mutual.CO+T,sublevel,h0,0.9,2,2,0,
trajectory_000000:8903,mutual,mutual.CO+T,sublevel,h1,0.1,79,2,77,
trajectory_000000:8903,mutual,mutual.CO+T,sublevel,h1,0.25,79,2,77,
trajectory_000000:8903,mutual,mutual.CO+T,sublevel,h1,0.5,1,0,1,
trajectory_000000:8903,mutual,mutual.CO+T,sublevel,h1,0.75,2,3,1,
trajectory_000000:8903,mutual,mutual.CO+T,sublevel,h1,0.9,9,0,9,
trajectory_000000:8903,mutual,mutual.CO+T,sublevel,h0,0.1,2,1,1,
trajectory_000000:8903,mutual,mutual.CO+T,sublevel,h0,0.25,4,1,3,
trajectory_000000:8903,mutual,mutual.CO+T,sublevel,h0,0.5,13,9,4,
trajectory_000000:8903,mutual,mutual.CO+T,sublevel,h0,0.75,4,4,0,
trajectory_000000:8903,mutual,mutual.CO+T,sublevel,h0,0.9,2,2,0,
trajectory_000000:8903,mutual,mutual.CO+T,sublevel,h1,0.1,0,1,1,
trajectory_000000:8903,mutual,mutual.CO+T,sublevel,h1,0.25,0,1,1,
trajectory_000000:8903,mutual,mutual.CO+T,sublevel,h1,0.5,1,0,1,
trajectory_000000:8903,mutual,mutual.CO+T,sublevel,h1,0.75,4,1,3,
trajectory_000000:8903,mutual,mutual.CO+T,sublevel,h1,0.9,5,0,5,
trajectory_000000:8903,self,self.CO,superlevel,h0,0.1,7,4,3,
trajectory_000000:8903,self,self.CO,superlevel,h0,0.25,7,2,5,
trajectory_000000:8903,self,self.CO,superlevel,h0,0.5,2,1,1,
trajectory_000000:8903,self,self.CO,superlevel,h0,0.75,1,6,5,
trajectory_000000:8903,self,self.CO,superlevel,h0,0.9,1,6,5,
trajectory_000000:8903,self,self.CO,superlevel,h1,0.1,0,0,0,
trajectory_000000:8903,self,self.CO,superlevel,h1,0.25,2,2,0,
trajectory_000000:8903,self,self.CO,superlevel,h1,0.5,1,0,1,
trajectory_000000:8903,self,self.CO,superlevel,h1,0.75,88,0,88,
trajectory_000000:8903,self,self.CO,superlevel,h1,0.9,88,0,88,
trajectory_000000:8903,self,self.T,superlevel,h0,0.1,5,8,3,
trajectory_000000:8903,self,self.T,superlevel,h0,0.25,3,3,0,
trajectory_000000:8903,self,self.T,superlevel,h0,0.5,2,1,1,
trajectory_000000:8903,self,self.T,superlevel,h0,0.75,1,3,2,
trajectory_000000:8903,self,self.T,superlevel,h0,0.9,1,6,5,
trajectory_000000:8903,self,self.T,superlevel,h1,0.1,0,0,0,
trajectory_000000:8903,self,self.T,superlevel,h1,0.25,0,0,0,
trajectory_000000:8903,self,self.T,superlevel,h1,0.5,0,0,0,
trajectory_000000:8903,self,self.T,superlevel,h1,0.75,3,0,3,
trajectory_000000:8903,self,self.T,superlevel,h1,0.9,1,0,1,
trajectory_000000:8903,mutual,mutual.CO+T,superlevel,h0,0.1,6,6,0,
trajectory_000000:8903,mutual,mutual.CO+T,superlevel,h0,0.25,2,4,2,
trajectory_000000:8903,mutual,mutual.CO+T,superlevel,h0,0.5,2,1,1,
trajectory_000000:8903,mutual,mutual.CO+T,superlevel,h0,0.75,1,3,2,
trajectory_000000:8903,mutual,mutual.CO+T,superlevel,h0,0.9,1,6,5,
trajectory_000000:8903,mutual,mutual.CO+T,superlevel,h1,0.1,0,0,0,
trajectory_000000:8903,mutual,mutual.CO+T,superlevel,h1,0.25,0,0,0,
trajectory_000000:8903,mutual,mutual.CO+T,superlevel,h1,0.5,0,0,0,
trajectory_000000:8903,mutual,mutual.CO+T,superlevel,h1,0.75,3,0,3,
trajectory_000000:8903,mutual,mutual.CO+T,superlevel,h1,0.9,1,0,1,
trajectory_000000:8903,mutual,mutual.CO+T,superlevel,h0,0.1,6,9,3,
trajectory_000000:8903,mutual,mutual.CO+T,superlevel,h0,0.25,10,3,7,
trajectory_000000:8903,mutual,mutual.CO+T,superlevel,h0,0.5,3,1,2,
trajectory_000000:8903,mutual,mutual.CO+T,superlevel,h0,0.75,1,3,2,
trajectory_000000:8903,mutual,mutual.CO+T,superlevel,h0,0.9,1,6,5,
trajectory_000000:8903,mutual,mutual.CO+T,superlevel,h1,0.1,0,0,0,
trajectory_000000:8903,mutual,mutual.CO+T,superlevel,h1,0.25,0,0,0,
trajectory_000000:8903,mutual,mutual.CO+T,superlevel,h1,0.5,0,0,0,
trajectory_000000:8903,mutual,mutual.CO+T,superlevel,h1,0.75,3,0,3,
trajectory_000000:8903,mutual,mutual.CO+T,superlevel,h1,0.9,1,0,1,
trajectory_000000:8903,mutual,mutual.CO+T,superlevel,h0,0.1,8,5,3,
trajectory_000000:8903,mutual,mutual.CO+T,superlevel,h0,0.25,11,2,9,
trajectory_000000:8903,mutual,mutual.CO+T,superlevel,h0,0.5,2,1,1,
trajectory_000000:8903,mutual,mutual.CO+T,superlevel,h0,0.75,1,6,5,
trajectory_000000:8903,mutual,mutual.CO+T,superlevel,h0,0.9,1,6,5,
trajectory_000000:8903,mutual,mutual.CO+T,superlevel,h1,0.1,0,0,0,
trajectory_000000:8903,mutual,mutual.CO+T,superlevel,h1,0.25,0,0,0,
trajectory_000000:8903,mutual,mutual.CO+T,superlevel,h1,0.5,1,0,1,
trajectory_000000:8903,mutual,mutual.CO+T,superlevel,h1,0.75,88,0,88,
trajectory_000000:8903,mutual,mutual.CO+T,superlevel,h1,0.9,88,0,88,
trajectory_000000:8903,persistence_distance,topology.self.persistence,,,,,,,0.0021856159437447786
trajectory_000000:8903,persistence_distance,topology.mutual.persistence,,,,,,,0.0014709822135046124
trajectory_000000:8903,persistence_distance,topology.component_weighted_total_before_outer_family_weight,,,,,,,0.003656598273664713
trajectory_000000:8903,dimension_distance_diagnostic,topology.self.CO.h0,,,,,,,0.00523990485817194
trajectory_000000:8903,dimension_distance_diagnostic,topology.self.CO.h1,,,,,,,0.0008556257234886289
trajectory_000000:8903,dimension_distance_diagnostic,topology.self.T.h0,,,,,,,0.0025548390112817287
trajectory_000000:8903,dimension_distance_diagnostic,topology.self.T.h1,,,,,,,9.209449490299448e-05
trajectory_000000:8903,dimension_distance_diagnostic,topology.mutual.CO+T.h0,,,,,,,0.002314708661288023
trajectory_000000:8903,dimension_distance_diagnostic,topology.mutual.CO+T.h1,,,,,,,0.0006272557657212019
trajectory_000000:8919,self,self.CO,sublevel,h0,0.1,5,0,5,
trajectory_000000:8919,self,self.CO,sublevel,h0,0.25,5,0,5,
trajectory_000000:8919,self,self.CO,sublevel,h0,0.5,8,4,4,
trajectory_000000:8919,self,self.CO,sublevel,h0,0.75,10,1,9,
trajectory_000000:8919,self,self.CO,sublevel,h0,0.9,4,1,3,
trajectory_000000:8919,self,self.CO,sublevel,h1,0.1,78,0,78,
trajectory_000000:8919,self,self.CO,sublevel,h1,0.25,78,0,78,
trajectory_000000:8919,self,self.CO,sublevel,h1,0.5,0,0,0,
trajectory_000000:8919,self,self.CO,sublevel,h1,0.75,3,2,1,
trajectory_000000:8919,self,self.CO,sublevel,h1,0.9,3,3,0,
trajectory_000000:8919,self,self.T,sublevel,h0,0.1,4,3,1,
trajectory_000000:8919,self,self.T,sublevel,h0,0.25,3,3,0,
trajectory_000000:8919,self,self.T,sublevel,h0,0.5,9,12,3,
trajectory_000000:8919,self,self.T,sublevel,h0,0.75,3,2,1,
trajectory_000000:8919,self,self.T,sublevel,h0,0.9,1,3,2,
trajectory_000000:8919,self,self.T,sublevel,h1,0.1,0,4,4,
trajectory_000000:8919,self,self.T,sublevel,h1,0.25,0,4,4,
trajectory_000000:8919,self,self.T,sublevel,h1,0.5,0,0,0,
trajectory_000000:8919,self,self.T,sublevel,h1,0.75,2,1,1,
trajectory_000000:8919,self,self.T,sublevel,h1,0.9,3,1,2,
trajectory_000000:8919,mutual,mutual.CO+T,sublevel,h0,0.1,4,3,1,
trajectory_000000:8919,mutual,mutual.CO+T,sublevel,h0,0.25,3,3,0,
trajectory_000000:8919,mutual,mutual.CO+T,sublevel,h0,0.5,10,11,1,
trajectory_000000:8919,mutual,mutual.CO+T,sublevel,h0,0.75,10,7,3,
trajectory_000000:8919,mutual,mutual.CO+T,sublevel,h0,0.9,4,1,3,
trajectory_000000:8919,mutual,mutual.CO+T,sublevel,h1,0.1,0,4,4,
trajectory_000000:8919,mutual,mutual.CO+T,sublevel,h1,0.25,0,4,4,
trajectory_000000:8919,mutual,mutual.CO+T,sublevel,h1,0.5,0,0,0,
trajectory_000000:8919,mutual,mutual.CO+T,sublevel,h1,0.75,1,1,0,
trajectory_000000:8919,mutual,mutual.CO+T,sublevel,h1,0.9,3,3,0,
trajectory_000000:8919,mutual,mutual.CO+T,sublevel,h0,0.1,1,0,1,
trajectory_000000:8919,mutual,mutual.CO+T,sublevel,h0,0.25,1,0,1,
trajectory_000000:8919,mutual,mutual.CO+T,sublevel,h0,0.5,14,14,0,
trajectory_000000:8919,mutual,mutual.CO+T,sublevel,h0,0.75,10,8,2,
trajectory_000000:8919,mutual,mutual.CO+T,sublevel,h0,0.9,4,1,3,
trajectory_000000:8919,mutual,mutual.CO+T,sublevel,h1,0.1,0,0,0,
trajectory_000000:8919,mutual,mutual.CO+T,sublevel,h1,0.25,0,0,0,
trajectory_000000:8919,mutual,mutual.CO+T,sublevel,h1,0.5,0,0,0,
trajectory_000000:8919,mutual,mutual.CO+T,sublevel,h1,0.75,2,1,1,
trajectory_000000:8919,mutual,mutual.CO+T,sublevel,h1,0.9,3,3,0,
trajectory_000000:8919,mutual,mutual.CO+T,sublevel,h0,0.1,4,3,1,
trajectory_000000:8919,mutual,mutual.CO+T,sublevel,h0,0.25,3,3,0,
trajectory_000000:8919,mutual,mutual.CO+T,sublevel,h0,0.5,14,15,1,
trajectory_000000:8919,mutual,mutual.CO+T,sublevel,h0,0.75,10,1,9,
trajectory_000000:8919,mutual,mutual.CO+T,sublevel,h0,0.9,4,1,3,
trajectory_000000:8919,mutual,mutual.CO+T,sublevel,h1,0.1,0,4,4,
trajectory_000000:8919,mutual,mutual.CO+T,sublevel,h1,0.25,0,4,4,
trajectory_000000:8919,mutual,mutual.CO+T,sublevel,h1,0.5,0,0,0,
trajectory_000000:8919,mutual,mutual.CO+T,sublevel,h1,0.75,3,2,1,
trajectory_000000:8919,mutual,mutual.CO+T,sublevel,h1,0.9,3,3,0,
trajectory_000000:8919,self,self.CO,superlevel,h0,0.1,7,6,1,
trajectory_000000:8919,self,self.CO,superlevel,h0,0.25,4,4,0,
trajectory_000000:8919,self,self.CO,superlevel,h0,0.5,2,1,1,
trajectory_000000:8919,self,self.CO,superlevel,h0,0.75,1,1,0,
trajectory_000000:8919,self,self.CO,superlevel,h0,0.9,1,1,0,
trajectory_000000:8919,self,self.CO,superlevel,h1,0.1,1,0,1,
trajectory_000000:8919,self,self.CO,superlevel,h1,0.25,8,0,8,
trajectory_000000:8919,self,self.CO,superlevel,h1,0.5,1,0,1,
trajectory_000000:8919,self,self.CO,superlevel,h1,0.75,88,0,88,
trajectory_000000:8919,self,self.CO,superlevel,h1,0.9,88,0,88,
trajectory_000000:8919,self,self.T,superlevel,h0,0.1,4,2,2,
trajectory_000000:8919,self,self.T,superlevel,h0,0.25,4,2,2,
trajectory_000000:8919,self,self.T,superlevel,h0,0.5,1,1,0,
trajectory_000000:8919,self,self.T,superlevel,h0,0.75,1,10,9,
trajectory_000000:8919,self,self.T,superlevel,h0,0.9,1,8,7,
trajectory_000000:8919,self,self.T,superlevel,h1,0.1,0,0,0,
trajectory_000000:8919,self,self.T,superlevel,h1,0.25,0,0,0,
trajectory_000000:8919,self,self.T,superlevel,h1,0.5,0,0,0,
trajectory_000000:8919,self,self.T,superlevel,h1,0.75,0,1,1,
trajectory_000000:8919,self,self.T,superlevel,h1,0.9,1,1,0,
trajectory_000000:8919,mutual,mutual.CO+T,superlevel,h0,0.1,5,4,1,
trajectory_000000:8919,mutual,mutual.CO+T,superlevel,h0,0.25,7,5,2,
trajectory_000000:8919,mutual,mutual.CO+T,superlevel,h0,0.5,1,1,0,
trajectory_000000:8919,mutual,mutual.CO+T,superlevel,h0,0.75,1,10,9,
trajectory_000000:8919,mutual,mutual.CO+T,superlevel,h0,0.9,1,8,7,
trajectory_000000:8919,mutual,mutual.CO+T,superlevel,h1,0.1,0,1,1,
trajectory_000000:8919,mutual,mutual.CO+T,superlevel,h1,0.25,1,0,1,
trajectory_000000:8919,mutual,mutual.CO+T,superlevel,h1,0.5,0,0,0,
trajectory_000000:8919,mutual,mutual.CO+T,superlevel,h1,0.75,0,1,1,
trajectory_000000:8919,mutual,mutual.CO+T,superlevel,h1,0.9,1,1,0,
trajectory_000000:8919,mutual,mutual.CO+T,superlevel,h0,0.1,14,14,0,
trajectory_000000:8919,mutual,mutual.CO+T,superlevel,h0,0.25,6,5,1,
trajectory_000000:8919,mutual,mutual.CO+T,superlevel,h0,0.5,1,1,0,
trajectory_000000:8919,mutual,mutual.CO+T,superlevel,h0,0.75,1,10,9,
trajectory_000000:8919,mutual,mutual.CO+T,superlevel,h0,0.9,1,8,7,
trajectory_000000:8919,mutual,mutual.CO+T,superlevel,h1,0.1,0,1,1,
trajectory_000000:8919,mutual,mutual.CO+T,superlevel,h1,0.25,1,0,1,
trajectory_000000:8919,mutual,mutual.CO+T,superlevel,h1,0.5,0,0,0,
trajectory_000000:8919,mutual,mutual.CO+T,superlevel,h1,0.75,0,1,1,
trajectory_000000:8919,mutual,mutual.CO+T,superlevel,h1,0.9,1,1,0,
trajectory_000000:8919,mutual,mutual.CO+T,superlevel,h0,0.1,11,13,2,
trajectory_000000:8919,mutual,mutual.CO+T,superlevel,h0,0.25,8,5,3,
trajectory_000000:8919,mutual,mutual.CO+T,superlevel,h0,0.5,2,1,1,
trajectory_000000:8919,mutual,mutual.CO+T,superlevel,h0,0.75,1,1,0,
trajectory_000000:8919,mutual,mutual.CO+T,superlevel,h0,0.9,1,1,0,
trajectory_000000:8919,mutual,mutual.CO+T,superlevel,h1,0.1,0,1,1,
trajectory_000000:8919,mutual,mutual.CO+T,superlevel,h1,0.25,1,0,1,
trajectory_000000:8919,mutual,mutual.CO+T,superlevel,h1,0.5,1,0,1,
trajectory_000000:8919,mutual,mutual.CO+T,superlevel,h1,0.75,88,0,88,
trajectory_000000:8919,mutual,mutual.CO+T,superlevel,h1,0.9,88,0,88,
trajectory_000000:8919,persistence_distance,topology.self.persistence,,,,,,,0.0007221962441690266
trajectory_000000:8919,persistence_distance,topology.mutual.persistence,,,,,,,0.0011057910742238164
trajectory_000000:8919,persistence_distance,topology.component_weighted_total_before_outer_family_weight,,,,,,,0.001827987376600504
trajectory_000000:8919,dimension_distance_diagnostic,topology.self.CO.h0,,,,,,,0.0010188729502260685
trajectory_000000:8919,dimension_distance_diagnostic,topology.self.CO.h1,,,,,,,0.0007219355320557952
trajectory_000000:8919,dimension_distance_diagnostic,topology.self.T.h0,,,,,,,0.000987001694738865
trajectory_000000:8919,dimension_distance_diagnostic,topology.self.T.h1,,,,,,,0.0001609745668247342
trajectory_000000:8919,dimension_distance_diagnostic,topology.mutual.CO+T.h0,,,,,,,0.0016294528031721711
trajectory_000000:8919,dimension_distance_diagnostic,topology.mutual.CO+T.h1,,,,,,,0.0005821293452754617
trajectory_000000:8935,self,self.CO,sublevel,h0,0.1,4,6,2,
trajectory_000000:8935,self,self.CO,sublevel,h0,0.25,4,6,2,
trajectory_000000:8935,self,self.CO,sublevel,h0,0.5,12,10,2,
trajectory_000000:8935,self,self.CO,sublevel,h0,0.75,2,2,0,
trajectory_000000:8935,self,self.CO,sublevel,h0,0.9,1,1,0,
trajectory_000000:8935,self,self.CO,sublevel,h1,0.1,75,0,75,
trajectory_000000:8935,self,self.CO,sublevel,h1,0.25,75,0,75,
trajectory_000000:8935,self,self.CO,sublevel,h1,0.5,0,0,0,
trajectory_000000:8935,self,self.CO,sublevel,h1,0.75,5,3,2,
trajectory_000000:8935,self,self.CO,sublevel,h1,0.9,8,7,1,
trajectory_000000:8935,self,self.T,sublevel,h0,0.1,4,2,2,
trajectory_000000:8935,self,self.T,sublevel,h0,0.25,2,2,0,
trajectory_000000:8935,self,self.T,sublevel,h0,0.5,12,9,3,
trajectory_000000:8935,self,self.T,sublevel,h0,0.75,3,1,2,
trajectory_000000:8935,self,self.T,sublevel,h0,0.9,1,1,0,
trajectory_000000:8935,self,self.T,sublevel,h1,0.1,0,1,1,
trajectory_000000:8935,self,self.T,sublevel,h1,0.25,0,1,1,
trajectory_000000:8935,self,self.T,sublevel,h1,0.5,0,1,1,
trajectory_000000:8935,self,self.T,sublevel,h1,0.75,3,0,3,
trajectory_000000:8935,self,self.T,sublevel,h1,0.9,0,4,4,
trajectory_000000:8935,mutual,mutual.CO+T,sublevel,h0,0.1,4,2,2,
trajectory_000000:8935,mutual,mutual.CO+T,sublevel,h0,0.25,2,2,0,
trajectory_000000:8935,mutual,mutual.CO+T,sublevel,h0,0.5,11,12,1,
trajectory_000000:8935,mutual,mutual.CO+T,sublevel,h0,0.75,8,11,3,
trajectory_000000:8935,mutual,mutual.CO+T,sublevel,h0,0.9,1,1,0,
trajectory_000000:8935,mutual,mutual.CO+T,sublevel,h1,0.1,0,1,1,
trajectory_000000:8935,mutual,mutual.CO+T,sublevel,h1,0.25,0,1,1,
trajectory_000000:8935,mutual,mutual.CO+T,sublevel,h1,0.5,0,1,1,
trajectory_000000:8935,mutual,mutual.CO+T,sublevel,h1,0.75,5,3,2,
trajectory_000000:8935,mutual,mutual.CO+T,sublevel,h1,0.9,7,8,1,
trajectory_000000:8935,mutual,mutual.CO+T,sublevel,h0,0.1,4,6,2,
trajectory_000000:8935,mutual,mutual.CO+T,sublevel,h0,0.25,4,6,2,
trajectory_000000:8935,mutual,mutual.CO+T,sublevel,h0,0.5,16,16,0,
trajectory_000000:8935,mutual,mutual.CO+T,sublevel,h0,0.75,12,11,1,
trajectory_000000:8935,mutual,mutual.CO+T,sublevel,h0,0.9,2,1,1,
trajectory_000000:8935,mutual,mutual.CO+T,sublevel,h1,0.1,75,0,75,
trajectory_000000:8935,mutual,mutual.CO+T,sublevel,h1,0.25,75,0,75,
trajectory_000000:8935,mutual,mutual.CO+T,sublevel,h1,0.5,0,1,1,
trajectory_000000:8935,mutual,mutual.CO+T,sublevel,h1,0.75,6,4,2,
trajectory_000000:8935,mutual,mutual.CO+T,sublevel,h1,0.9,7,8,1,
trajectory_000000:8935,mutual,mutual.CO+T,sublevel,h0,0.1,4,2,2,
trajectory_000000:8935,mutual,mutual.CO+T,sublevel,h0,0.25,2,2,0,
trajectory_000000:8935,mutual,mutual.CO+T,sublevel,h0,0.5,18,19,1,
trajectory_000000:8935,mutual,mutual.CO+T,sublevel,h0,0.75,2,2,0,
trajectory_000000:8935,mutual,mutual.CO+T,sublevel,h0,0.9,1,1,0,
trajectory_000000:8935,mutual,mutual.CO+T,sublevel,h1,0.1,0,1,1,
trajectory_000000:8935,mutual,mutual.CO+T,sublevel,h1,0.25,0,1,1,
trajectory_000000:8935,mutual,mutual.CO+T,sublevel,h1,0.5,0,1,1,
trajectory_000000:8935,mutual,mutual.CO+T,sublevel,h1,0.75,5,3,2,
trajectory_000000:8935,mutual,mutual.CO+T,sublevel,h1,0.9,8,7,1,
trajectory_000000:8935,self,self.CO,superlevel,h0,0.1,12,11,1,
trajectory_000000:8935,self,self.CO,superlevel,h0,0.25,8,4,4,
trajectory_000000:8935,self,self.CO,superlevel,h0,0.5,1,2,1,
trajectory_000000:8935,self,self.CO,superlevel,h0,0.75,1,1,0,
trajectory_000000:8935,self,self.CO,superlevel,h0,0.9,1,1,0,
trajectory_000000:8935,self,self.CO,superlevel,h1,0.1,0,0,0,
trajectory_000000:8935,self,self.CO,superlevel,h1,0.25,0,1,1,
trajectory_000000:8935,self,self.CO,superlevel,h1,0.5,2,1,1,
trajectory_000000:8935,self,self.CO,superlevel,h1,0.75,1,1,0,
trajectory_000000:8935,self,self.CO,superlevel,h1,0.9,1,1,0,
trajectory_000000:8935,self,self.T,superlevel,h0,0.1,1,4,3,
trajectory_000000:8935,self,self.T,superlevel,h0,0.25,4,1,3,
trajectory_000000:8935,self,self.T,superlevel,h0,0.5,1,2,1,
trajectory_000000:8935,self,self.T,superlevel,h0,0.75,1,9,8,
trajectory_000000:8935,self,self.T,superlevel,h0,0.9,1,6,5,
trajectory_000000:8935,self,self.T,superlevel,h1,0.1,0,0,0,
trajectory_000000:8935,self,self.T,superlevel,h1,0.25,1,0,1,
trajectory_000000:8935,self,self.T,superlevel,h1,0.5,0,0,0,
trajectory_000000:8935,self,self.T,superlevel,h1,0.75,0,1,1,
trajectory_000000:8935,self,self.T,superlevel,h1,0.9,1,1,0,
trajectory_000000:8935,mutual,mutual.CO+T,superlevel,h0,0.1,5,9,4,
trajectory_000000:8935,mutual,mutual.CO+T,superlevel,h0,0.25,4,6,2,
trajectory_000000:8935,mutual,mutual.CO+T,superlevel,h0,0.5,1,2,1,
trajectory_000000:8935,mutual,mutual.CO+T,superlevel,h0,0.75,1,9,8,
trajectory_000000:8935,mutual,mutual.CO+T,superlevel,h0,0.9,1,6,5,
trajectory_000000:8935,mutual,mutual.CO+T,superlevel,h1,0.1,0,0,0,
trajectory_000000:8935,mutual,mutual.CO+T,superlevel,h1,0.25,2,2,0,
trajectory_000000:8935,mutual,mutual.CO+T,superlevel,h1,0.5,0,0,0,
trajectory_000000:8935,mutual,mutual.CO+T,superlevel,h1,0.75,0,1,1,
trajectory_000000:8935,mutual,mutual.CO+T,superlevel,h1,0.9,1,1,0,
trajectory_000000:8935,mutual,mutual.CO+T,superlevel,h0,0.1,12,12,0,
trajectory_000000:8935,mutual,mutual.CO+T,superlevel,h0,0.25,6,3,3,
trajectory_000000:8935,mutual,mutual.CO+T,superlevel,h0,0.5,1,1,0,
trajectory_000000:8935,mutual,mutual.CO+T,superlevel,h0,0.75,1,9,8,
trajectory_000000:8935,mutual,mutual.CO+T,superlevel,h0,0.9,1,6,5,
trajectory_000000:8935,mutual,mutual.CO+T,superlevel,h1,0.1,0,0,0,
trajectory_000000:8935,mutual,mutual.CO+T,superlevel,h1,0.25,0,2,2,
trajectory_000000:8935,mutual,mutual.CO+T,superlevel,h1,0.5,0,0,0,
trajectory_000000:8935,mutual,mutual.CO+T,superlevel,h1,0.75,0,1,1,
trajectory_000000:8935,mutual,mutual.CO+T,superlevel,h1,0.9,1,1,0,
trajectory_000000:8935,mutual,mutual.CO+T,superlevel,h0,0.1,12,5,7,
trajectory_000000:8935,mutual,mutual.CO+T,superlevel,h0,0.25,6,4,2,
trajectory_000000:8935,mutual,mutual.CO+T,superlevel,h0,0.5,1,2,1,
trajectory_000000:8935,mutual,mutual.CO+T,superlevel,h0,0.75,1,1,0,
trajectory_000000:8935,mutual,mutual.CO+T,superlevel,h0,0.9,1,1,0,
trajectory_000000:8935,mutual,mutual.CO+T,superlevel,h1,0.1,0,1,1,
trajectory_000000:8935,mutual,mutual.CO+T,superlevel,h1,0.25,0,2,2,
trajectory_000000:8935,mutual,mutual.CO+T,superlevel,h1,0.5,2,1,1,
trajectory_000000:8935,mutual,mutual.CO+T,superlevel,h1,0.75,1,1,0,
trajectory_000000:8935,mutual,mutual.CO+T,superlevel,h1,0.9,1,1,0,
trajectory_000000:8935,persistence_distance,topology.self.persistence,,,,,,,0.0012792727211490273
trajectory_000000:8935,persistence_distance,topology.mutual.persistence,,,,,,,0.0012729987502098083
trajectory_000000:8935,persistence_distance,topology.component_weighted_total_before_outer_family_weight,,,,,,,0.002552271354943514
trajectory_000000:8935,dimension_distance_diagnostic,topology.self.CO.h0,,,,,,,0.0027877604588866234
trajectory_000000:8935,dimension_distance_diagnostic,topology.self.CO.h1,,,,,,,0.0008135138195939362
trajectory_000000:8935,dimension_distance_diagnostic,topology.self.T.h0,,,,,,,0.0013687371974810958
trajectory_000000:8935,dimension_distance_diagnostic,topology.self.T.h1,,,,,,,0.00014707942318636924
trajectory_000000:8935,dimension_distance_diagnostic,topology.mutual.CO+T.h0,,,,,,,0.0018549246015027165
trajectory_000000:8935,dimension_distance_diagnostic,topology.mutual.CO+T.h1,,,,,,,0.0006910728407092392
trajectory_000000:8951,self,self.CO,sublevel,h0,0.1,5,13,8,
trajectory_000000:8951,self,self.CO,sublevel,h0,0.25,1,13,12,
trajectory_000000:8951,self,self.CO,sublevel,h0,0.5,9,4,5,
trajectory_000000:8951,self,self.CO,sublevel,h0,0.75,2,3,1,
trajectory_000000:8951,self,self.CO,sublevel,h0,0.9,3,3,0,
trajectory_000000:8951,self,self.CO,sublevel,h1,0.1,62,1,61,
trajectory_000000:8951,self,self.CO,sublevel,h1,0.25,0,1,1,
trajectory_000000:8951,self,self.CO,sublevel,h1,0.5,1,0,1,
trajectory_000000:8951,self,self.CO,sublevel,h1,0.75,5,1,4,
trajectory_000000:8951,self,self.CO,sublevel,h1,0.9,4,6,2,
trajectory_000000:8951,self,self.T,sublevel,h0,0.1,7,9,2,
trajectory_000000:8951,self,self.T,sublevel,h0,0.25,3,4,1,
trajectory_000000:8951,self,self.T,sublevel,h0,0.5,18,18,0,
trajectory_000000:8951,self,self.T,sublevel,h0,0.75,1,1,0,
trajectory_000000:8951,self,self.T,sublevel,h0,0.9,1,2,1,
trajectory_000000:8951,self,self.T,sublevel,h1,0.1,0,1,1,
trajectory_000000:8951,self,self.T,sublevel,h1,0.25,0,4,4,
trajectory_000000:8951,self,self.T,sublevel,h1,0.5,0,0,0,
trajectory_000000:8951,self,self.T,sublevel,h1,0.75,7,0,7,
trajectory_000000:8951,self,self.T,sublevel,h1,0.9,2,2,0,
trajectory_000000:8951,mutual,mutual.CO+T,sublevel,h0,0.1,7,9,2,
trajectory_000000:8951,mutual,mutual.CO+T,sublevel,h0,0.25,3,4,1,
trajectory_000000:8951,mutual,mutual.CO+T,sublevel,h0,0.5,16,19,3,
trajectory_000000:8951,mutual,mutual.CO+T,sublevel,h0,0.75,12,13,1,
trajectory_000000:8951,mutual,mutual.CO+T,sublevel,h0,0.9,3,3,0,
trajectory_000000:8951,mutual,mutual.CO+T,sublevel,h1,0.1,0,1,1,
trajectory_000000:8951,mutual,mutual.CO+T,sublevel,h1,0.25,0,4,4,
trajectory_000000:8951,mutual,mutual.CO+T,sublevel,h1,0.5,0,0,0,
trajectory_000000:8951,mutual,mutual.CO+T,sublevel,h1,0.75,5,8,3,
trajectory_000000:8951,mutual,mutual.CO+T,sublevel,h1,0.9,4,6,2,
trajectory_000000:8951,mutual,mutual.CO+T,sublevel,h0,0.1,5,13,8,
trajectory_000000:8951,mutual,mutual.CO+T,sublevel,h0,0.25,1,13,12,
trajectory_000000:8951,mutual,mutual.CO+T,sublevel,h0,0.5,20,17,3,
trajectory_000000:8951,mutual,mutual.CO+T,sublevel,h0,0.75,9,16,7,
trajectory_000000:8951,mutual,mutual.CO+T,sublevel,h0,0.9,3,3,0,
trajectory_000000:8951,mutual,mutual.CO+T,sublevel,h1,0.1,62,1,61,
trajectory_000000:8951,mutual,mutual.CO+T,sublevel,h1,0.25,0,1,1,
trajectory_000000:8951,mutual,mutual.CO+T,sublevel,h1,0.5,0,0,0,
trajectory_000000:8951,mutual,mutual.CO+T,sublevel,h1,0.75,5,6,1,
trajectory_000000:8951,mutual,mutual.CO+T,sublevel,h1,0.9,4,6,2,
trajectory_000000:8951,mutual,mutual.CO+T,sublevel,h0,0.1,7,9,2,
trajectory_000000:8951,mutual,mutual.CO+T,sublevel,h0,0.25,3,4,1,
trajectory_000000:8951,mutual,mutual.CO+T,sublevel,h0,0.5,19,20,1,
trajectory_000000:8951,mutual,mutual.CO+T,sublevel,h0,0.75,2,3,1,
trajectory_000000:8951,mutual,mutual.CO+T,sublevel,h0,0.9,3,3,0,
trajectory_000000:8951,mutual,mutual.CO+T,sublevel,h1,0.1,0,1,1,
trajectory_000000:8951,mutual,mutual.CO+T,sublevel,h1,0.25,0,4,4,
trajectory_000000:8951,mutual,mutual.CO+T,sublevel,h1,0.5,0,0,0,
trajectory_000000:8951,mutual,mutual.CO+T,sublevel,h1,0.75,5,1,4,
trajectory_000000:8951,mutual,mutual.CO+T,sublevel,h1,0.9,4,6,2,
trajectory_000000:8951,self,self.CO,superlevel,h0,0.1,7,10,3,
trajectory_000000:8951,self,self.CO,superlevel,h0,0.25,11,2,9,
trajectory_000000:8951,self,self.CO,superlevel,h0,0.5,2,2,0,
trajectory_000000:8951,self,self.CO,superlevel,h0,0.75,110,7,103,
trajectory_000000:8951,self,self.CO,superlevel,h0,0.9,1,7,6,
trajectory_000000:8951,self,self.CO,superlevel,h1,0.1,1,1,0,
trajectory_000000:8951,self,self.CO,superlevel,h1,0.25,1,1,0,
trajectory_000000:8951,self,self.CO,superlevel,h1,0.5,1,1,0,
trajectory_000000:8951,self,self.CO,superlevel,h1,0.75,0,6,6,
trajectory_000000:8951,self,self.CO,superlevel,h1,0.9,74,6,68,
trajectory_000000:8951,self,self.T,superlevel,h0,0.1,4,3,1,
trajectory_000000:8951,self,self.T,superlevel,h0,0.25,8,2,6,
trajectory_000000:8951,self,self.T,superlevel,h0,0.5,1,1,0,
trajectory_000000:8951,self,self.T,superlevel,h0,0.75,1,9,8,
trajectory_000000:8951,self,self.T,superlevel,h0,0.9,1,7,6,
trajectory_000000:8951,self,self.T,superlevel,h1,0.1,0,1,1,
trajectory_000000:8951,self,self.T,superlevel,h1,0.25,0,0,0,
trajectory_000000:8951,self,self.T,superlevel,h1,0.5,1,1,0,
trajectory_000000:8951,self,self.T,superlevel,h1,0.75,1,1,0,
trajectory_000000:8951,self,self.T,superlevel,h1,0.9,3,6,3,
trajectory_000000:8951,mutual,mutual.CO+T,superlevel,h0,0.1,4,7,3,
trajectory_000000:8951,mutual,mutual.CO+T,superlevel,h0,0.25,6,3,3,
trajectory_000000:8951,mutual,mutual.CO+T,superlevel,h0,0.5,1,1,0,
trajectory_000000:8951,mutual,mutual.CO+T,superlevel,h0,0.75,1,9,8,
trajectory_000000:8951,mutual,mutual.CO+T,superlevel,h0,0.9,1,7,6,
trajectory_000000:8951,mutual,mutual.CO+T,superlevel,h1,0.1,0,0,0,
trajectory_000000:8951,mutual,mutual.CO+T,superlevel,h1,0.25,2,3,1,
trajectory_000000:8951,mutual,mutual.CO+T,superlevel,h1,0.5,1,1,0,
trajectory_000000:8951,mutual,mutual.CO+T,superlevel,h1,0.75,1,1,0,
trajectory_000000:8951,mutual,mutual.CO+T,superlevel,h1,0.9,3,6,3,
trajectory_000000:8951,mutual,mutual.CO+T,superlevel,h0,0.1,8,13,5,
trajectory_000000:8951,mutual,mutual.CO+T,superlevel,h0,0.25,15,3,12,
trajectory_000000:8951,mutual,mutual.CO+T,superlevel,h0,0.5,1,1,0,
trajectory_000000:8951,mutual,mutual.CO+T,superlevel,h0,0.75,1,9,8,
trajectory_000000:8951,mutual,mutual.CO+T,superlevel,h0,0.9,1,7,6,
trajectory_000000:8951,mutual,mutual.CO+T,superlevel,h1,0.1,1,0,1,
trajectory_000000:8951,mutual,mutual.CO+T,superlevel,h1,0.25,3,2,1,
trajectory_000000:8951,mutual,mutual.CO+T,superlevel,h1,0.5,0,0,0,
trajectory_000000:8951,mutual,mutual.CO+T,superlevel,h1,0.75,1,1,0,
trajectory_000000:8951,mutual,mutual.CO+T,superlevel,h1,0.9,3,6,3,
trajectory_000000:8951,mutual,mutual.CO+T,superlevel,h0,0.1,6,7,1,
trajectory_000000:8951,mutual,mutual.CO+T,superlevel,h0,0.25,14,3,11,
trajectory_000000:8951,mutual,mutual.CO+T,superlevel,h0,0.5,2,2,0,
trajectory_000000:8951,mutual,mutual.CO+T,superlevel,h0,0.75,110,7,103,
trajectory_000000:8951,mutual,mutual.CO+T,superlevel,h0,0.9,1,7,6,
trajectory_000000:8951,mutual,mutual.CO+T,superlevel,h1,0.1,0,0,0,
trajectory_000000:8951,mutual,mutual.CO+T,superlevel,h1,0.25,3,2,1,
trajectory_000000:8951,mutual,mutual.CO+T,superlevel,h1,0.5,1,1,0,
trajectory_000000:8951,mutual,mutual.CO+T,superlevel,h1,0.75,0,6,6,
trajectory_000000:8951,mutual,mutual.CO+T,superlevel,h1,0.9,0,6,6,
trajectory_000000:8951,persistence_distance,topology.self.persistence,,,,,,,0.004019223153591156
trajectory_000000:8951,persistence_distance,topology.mutual.persistence,,,,,,,0.001174554112367332
trajectory_000000:8951,persistence_distance,topology.component_weighted_total_before_outer_family_weight,,,,,,,0.00519377738237381
trajectory_000000:8951,dimension_distance_diagnostic,topology.self.CO.h0,,,,,,,0.012793930247426033
trajectory_000000:8951,dimension_distance_diagnostic,topology.self.CO.h1,,,,,,,0.0010969148715958
trajectory_000000:8951,dimension_distance_diagnostic,topology.self.T.h0,,,,,,,0.0019845026545226574
trajectory_000000:8951,dimension_distance_diagnostic,topology.self.T.h1,,,,,,,0.00020154491357970983
trajectory_000000:8951,dimension_distance_diagnostic,topology.mutual.CO+T.h0,,,,,,,0.0015313151525333524
trajectory_000000:8951,dimension_distance_diagnostic,topology.mutual.CO+T.h1,,,,,,,0.0008177930139936507
trajectory_000000:8967,self,self.CO,sublevel,h0,0.1,4,2,2,
trajectory_000000:8967,self,self.CO,sublevel,h0,0.25,1,2,1,
trajectory_000000:8967,self,self.CO,sublevel,h0,0.5,7,8,1,
trajectory_000000:8967,self,self.CO,sublevel,h0,0.75,5,1,4,
trajectory_000000:8967,self,self.CO,sublevel,h0,0.9,1,1,0,
trajectory_000000:8967,self,self.CO,sublevel,h1,0.1,63,1,62,
trajectory_000000:8967,self,self.CO,sublevel,h1,0.25,0,1,1,
trajectory_000000:8967,self,self.CO,sublevel,h1,0.5,0,0,0,
trajectory_000000:8967,self,self.CO,sublevel,h1,0.75,2,2,0,
trajectory_000000:8967,self,self.CO,sublevel,h1,0.9,7,8,1,
trajectory_000000:8967,self,self.T,sublevel,h0,0.1,3,3,0,
trajectory_000000:8967,self,self.T,sublevel,h0,0.25,4,3,1,
trajectory_000000:8967,self,self.T,sublevel,h0,0.5,14,13,1,
trajectory_000000:8967,self,self.T,sublevel,h0,0.75,1,1,0,
trajectory_000000:8967,self,self.T,sublevel,h0,0.9,1,1,0,
trajectory_000000:8967,self,self.T,sublevel,h1,0.1,0,1,1,
trajectory_000000:8967,self,self.T,sublevel,h1,0.25,0,2,2,
trajectory_000000:8967,self,self.T,sublevel,h1,0.5,0,0,0,
trajectory_000000:8967,self,self.T,sublevel,h1,0.75,2,1,1,
trajectory_000000:8967,self,self.T,sublevel,h1,0.9,0,3,3,
trajectory_000000:8967,mutual,mutual.CO+T,sublevel,h0,0.1,3,3,0,
trajectory_000000:8967,mutual,mutual.CO+T,sublevel,h0,0.25,4,3,1,
trajectory_000000:8967,mutual,mutual.CO+T,sublevel,h0,0.5,16,17,1,
trajectory_000000:8967,mutual,mutual.CO+T,sublevel,h0,0.75,6,3,3,
trajectory_000000:8967,mutual,mutual.CO+T,sublevel,h0,0.9,1,1,0,
trajectory_000000:8967,mutual,mutual.CO+T,sublevel,h1,0.1,0,1,1,
trajectory_000000:8967,mutual,mutual.CO+T,sublevel,h1,0.25,0,2,2,
trajectory_000000:8967,mutual,mutual.CO+T,sublevel,h1,0.5,0,0,0,
trajectory_000000:8967,mutual,mutual.CO+T,sublevel,h1,0.75,6,5,1,
trajectory_000000:8967,mutual,mutual.CO+T,sublevel,h1,0.9,7,8,1,
trajectory_000000:8967,mutual,mutual.CO+T,sublevel,h0,0.1,4,2,2,
trajectory_000000:8967,mutual,mutual.CO+T,sublevel,h0,0.25,1,2,1,
trajectory_000000:8967,mutual,mutual.CO+T,sublevel,h0,0.5,22,20,2,
trajectory_000000:8967,mutual,mutual.CO+T,sublevel,h0,0.75,6,3,3,
trajectory_000000:8967,mutual,mutual.CO+T,sublevel,h0,0.9,1,1,0,
trajectory_000000:8967,mutual,mutual.CO+T,sublevel,h1,0.1,63,1,62,
trajectory_000000:8967,mutual,mutual.CO+T,sublevel,h1,0.25,0,1,1,
trajectory_000000:8967,mutual,mutual.CO+T,sublevel,h1,0.5,0,0,0,
trajectory_000000:8967,mutual,mutual.CO+T,sublevel,h1,0.75,7,4,3,
trajectory_000000:8967,mutual,mutual.CO+T,sublevel,h1,0.9,7,8,1,
trajectory_000000:8967,mutual,mutual.CO+T,sublevel,h0,0.1,3,3,0,
trajectory_000000:8967,mutual,mutual.CO+T,sublevel,h0,0.25,4,3,1,
trajectory_000000:8967,mutual,mutual.CO+T,sublevel,h0,0.5,20,21,1,
trajectory_000000:8967,mutual,mutual.CO+T,sublevel,h0,0.75,5,1,4,
trajectory_000000:8967,mutual,mutual.CO+T,sublevel,h0,0.9,1,1,0,
trajectory_000000:8967,mutual,mutual.CO+T,sublevel,h1,0.1,0,1,1,
trajectory_000000:8967,mutual,mutual.CO+T,sublevel,h1,0.25,0,2,2,
trajectory_000000:8967,mutual,mutual.CO+T,sublevel,h1,0.5,0,0,0,
trajectory_000000:8967,mutual,mutual.CO+T,sublevel,h1,0.75,2,2,0,
trajectory_000000:8967,mutual,mutual.CO+T,sublevel,h1,0.9,7,8,1,
trajectory_000000:8967,self,self.CO,superlevel,h0,0.1,10,10,0,
trajectory_000000:8967,self,self.CO,superlevel,h0,0.25,4,3,1,
trajectory_000000:8967,self,self.CO,superlevel,h0,0.5,1,1,0,
trajectory_000000:8967,self,self.CO,superlevel,h0,0.75,106,4,102,
trajectory_000000:8967,self,self.CO,superlevel,h0,0.9,1,4,3,
trajectory_000000:8967,self,self.CO,superlevel,h1,0.1,0,0,0,
trajectory_000000:8967,self,self.CO,superlevel,h1,0.25,3,0,3,
trajectory_000000:8967,self,self.CO,superlevel,h1,0.5,0,1,1,
trajectory_000000:8967,self,self.CO,superlevel,h1,0.75,0,0,0,
trajectory_000000:8967,self,self.CO,superlevel,h1,0.9,73,0,73,
trajectory_000000:8967,self,self.T,superlevel,h0,0.1,1,3,2,
trajectory_000000:8967,self,self.T,superlevel,h0,0.25,4,2,2,
trajectory_000000:8967,self,self.T,superlevel,h0,0.5,1,1,0,
trajectory_000000:8967,self,self.T,superlevel,h0,0.75,1,6,5,
trajectory_000000:8967,self,self.T,superlevel,h0,0.9,3,7,4,
trajectory_000000:8967,self,self.T,superlevel,h1,0.1,0,0,0,
trajectory_000000:8967,self,self.T,superlevel,h1,0.25,0,0,0,
trajectory_000000:8967,self,self.T,superlevel,h1,0.5,0,0,0,
trajectory_000000:8967,self,self.T,superlevel,h1,0.75,2,0,2,
trajectory_000000:8967,self,self.T,superlevel,h1,0.9,0,0,0,
trajectory_000000:8967,mutual,mutual.CO+T,superlevel,h0,0.1,2,5,3,
trajectory_000000:8967,mutual,mutual.CO+T,superlevel,h0,0.25,6,2,4,
trajectory_000000:8967,mutual,mutual.CO+T,superlevel,h0,0.5,1,1,0,
trajectory_000000:8967,mutual,mutual.CO+T,superlevel,h0,0.75,1,6,5,
trajectory_000000:8967,mutual,mutual.CO+T,superlevel,h0,0.9,3,7,4,
trajectory_000000:8967,mutual,mutual.CO+T,superlevel,h1,0.1,0,0,0,
trajectory_000000:8967,mutual,mutual.CO+T,superlevel,h1,0.25,1,2,1,
trajectory_000000:8967,mutual,mutual.CO+T,superlevel,h1,0.5,0,0,0,
trajectory_000000:8967,mutual,mutual.CO+T,superlevel,h1,0.75,2,0,2,
trajectory_000000:8967,mutual,mutual.CO+T,superlevel,h1,0.9,0,0,0,
trajectory_000000:8967,mutual,mutual.CO+T,superlevel,h0,0.1,23,14,9,
trajectory_000000:8967,mutual,mutual.CO+T,superlevel,h0,0.25,4,7,3,
trajectory_000000:8967,mutual,mutual.CO+T,superlevel,h0,0.5,1,1,0,
trajectory_000000:8967,mutual,mutual.CO+T,superlevel,h0,0.75,1,6,5,
trajectory_000000:8967,mutual,mutual.CO+T,superlevel,h0,0.9,3,7,4,
trajectory_000000:8967,mutual,mutual.CO+T,superlevel,h1,0.1,0,0,0,
trajectory_000000:8967,mutual,mutual.CO+T,superlevel,h1,0.25,2,0,2,
trajectory_000000:8967,mutual,mutual.CO+T,superlevel,h1,0.5,0,0,0,
trajectory_000000:8967,mutual,mutual.CO+T,superlevel,h1,0.75,2,0,2,
trajectory_000000:8967,mutual,mutual.CO+T,superlevel,h1,0.9,0,0,0,
trajectory_000000:8967,mutual,mutual.CO+T,superlevel,h0,0.1,2,7,5,
trajectory_000000:8967,mutual,mutual.CO+T,superlevel,h0,0.25,4,9,5,
trajectory_000000:8967,mutual,mutual.CO+T,superlevel,h0,0.5,1,1,0,
trajectory_000000:8967,mutual,mutual.CO+T,superlevel,h0,0.75,106,4,102,
trajectory_000000:8967,mutual,mutual.CO+T,superlevel,h0,0.9,1,4,3,
trajectory_000000:8967,mutual,mutual.CO+T,superlevel,h1,0.1,1,0,1,
trajectory_000000:8967,mutual,mutual.CO+T,superlevel,h1,0.25,2,0,2,
trajectory_000000:8967,mutual,mutual.CO+T,superlevel,h1,0.5,0,1,1,
trajectory_000000:8967,mutual,mutual.CO+T,superlevel,h1,0.75,0,0,0,
trajectory_000000:8967,mutual,mutual.CO+T,superlevel,h1,0.9,0,0,0,
trajectory_000000:8967,persistence_distance,topology.self.persistence,,,,,,,0.005245770327746868
trajectory_000000:8967,persistence_distance,topology.mutual.persistence,,,,,,,0.0009984354255720973
trajectory_000000:8967,persistence_distance,topology.component_weighted_total_before_outer_family_weight,,,,,,,0.006244205869734287
trajectory_000000:8967,dimension_distance_diagnostic,topology.self.CO.h0,,,,,,,0.01850489340722561
trajectory_000000:8967,dimension_distance_diagnostic,topology.self.CO.h1,,,,,,,0.000664008897729218
trajectory_000000:8967,dimension_distance_diagnostic,topology.self.T.h0,,,,,,,0.0017412523739039898
trajectory_000000:8967,dimension_distance_diagnostic,topology.self.T.h1,,,,,,,7.292663212865591e-05
trajectory_000000:8967,dimension_distance_diagnostic,topology.mutual.CO+T.h0,,,,,,,0.0014388846466317773
trajectory_000000:8967,dimension_distance_diagnostic,topology.mutual.CO+T.h1,,,,,,,0.0005579861463047564
trajectory_000000:8983,self,self.CO,sublevel,h0,0.1,1,0,1,
trajectory_000000:8983,self,self.CO,sublevel,h0,0.25,1,0,1,
trajectory_000000:8983,self,self.CO,sublevel,h0,0.5,3,7,4,
trajectory_000000:8983,self,self.CO,sublevel,h0,0.75,1,2,1,
trajectory_000000:8983,self,self.CO,sublevel,h0,0.9,2,1,1,
trajectory_000000:8983,self,self.CO,sublevel,h1,0.1,0,0,0,
trajectory_000000:8983,self,self.CO,sublevel,h1,0.25,0,0,0,
trajectory_000000:8983,self,self.CO,sublevel,h1,0.5,0,0,0,
trajectory_000000:8983,self,self.CO,sublevel,h1,0.75,1,1,0,
trajectory_000000:8983,self,self.CO,sublevel,h1,0.9,6,1,5,
trajectory_000000:8983,self,self.T,sublevel,h0,0.1,2,10,8,
trajectory_000000:8983,self,self.T,sublevel,h0,0.25,2,2,0,
trajectory_000000:8983,self,self.T,sublevel,h0,0.5,15,13,2,
trajectory_000000:8983,self,self.T,sublevel,h0,0.75,2,1,1,
trajectory_000000:8983,self,self.T,sublevel,h0,0.9,1,2,1,
trajectory_000000:8983,self,self.T,sublevel,h1,0.1,0,4,4,
trajectory_000000:8983,self,self.T,sublevel,h1,0.25,0,3,3,
trajectory_000000:8983,self,self.T,sublevel,h1,0.5,0,0,0,
trajectory_000000:8983,self,self.T,sublevel,h1,0.75,1,0,1,
trajectory_000000:8983,self,self.T,sublevel,h1,0.9,1,1,0,
trajectory_000000:8983,mutual,mutual.CO+T,sublevel,h0,0.1,2,10,8,
trajectory_000000:8983,mutual,mutual.CO+T,sublevel,h0,0.25,2,2,0,
trajectory_000000:8983,mutual,mutual.CO+T,sublevel,h0,0.5,14,15,1,
trajectory_000000:8983,mutual,mutual.CO+T,sublevel,h0,0.75,10,8,2,
trajectory_000000:8983,mutual,mutual.CO+T,sublevel,h0,0.9,2,1,1,
trajectory_000000:8983,mutual,mutual.CO+T,sublevel,h1,0.1,0,4,4,
trajectory_000000:8983,mutual,mutual.CO+T,sublevel,h1,0.25,0,3,3,
trajectory_000000:8983,mutual,mutual.CO+T,sublevel,h1,0.5,0,0,0,
trajectory_000000:8983,mutual,mutual.CO+T,sublevel,h1,0.75,7,2,5,
trajectory_000000:8983,mutual,mutual.CO+T,sublevel,h1,0.9,9,5,4,
trajectory_000000:8983,mutual,mutual.CO+T,sublevel,h0,0.1,1,0,1,
trajectory_000000:8983,mutual,mutual.CO+T,sublevel,h0,0.25,1,0,1,
trajectory_000000:8983,mutual,mutual.CO+T,sublevel,h0,0.5,20,20,0,
trajectory_000000:8983,mutual,mutual.CO+T,sublevel,h0,0.75,10,9,1,
trajectory_000000:8983,mutual,mutual.CO+T,sublevel,h0,0.9,2,1,1,
trajectory_000000:8983,mutual,mutual.CO+T,sublevel,h1,0.1,0,0,0,
trajectory_000000:8983,mutual,mutual.CO+T,sublevel,h1,0.25,0,0,0,
trajectory_000000:8983,mutual,mutual.CO+T,sublevel,h1,0.5,0,0,0,
trajectory_000000:8983,mutual,mutual.CO+T,sublevel,h1,0.75,6,2,4,
trajectory_000000:8983,mutual,mutual.CO+T,sublevel,h1,0.9,9,2,7,
trajectory_000000:8983,mutual,mutual.CO+T,sublevel,h0,0.1,2,10,8,
trajectory_000000:8983,mutual,mutual.CO+T,sublevel,h0,0.25,2,2,0,
trajectory_000000:8983,mutual,mutual.CO+T,sublevel,h0,0.5,20,20,0,
trajectory_000000:8983,mutual,mutual.CO+T,sublevel,h0,0.75,1,2,1,
trajectory_000000:8983,mutual,mutual.CO+T,sublevel,h0,0.9,2,1,1,
trajectory_000000:8983,mutual,mutual.CO+T,sublevel,h1,0.1,0,4,4,
trajectory_000000:8983,mutual,mutual.CO+T,sublevel,h1,0.25,0,3,3,
trajectory_000000:8983,mutual,mutual.CO+T,sublevel,h1,0.5,0,0,0,
trajectory_000000:8983,mutual,mutual.CO+T,sublevel,h1,0.75,1,1,0,
trajectory_000000:8983,mutual,mutual.CO+T,sublevel,h1,0.9,6,1,5,
trajectory_000000:8983,self,self.CO,superlevel,h0,0.1,7,4,3,
trajectory_000000:8983,self,self.CO,superlevel,h0,0.25,3,3,0,
trajectory_000000:8983,self,self.CO,superlevel,h0,0.5,1,1,0,
trajectory_000000:8983,self,self.CO,superlevel,h0,0.75,1,1,0,
trajectory_000000:8983,self,self.CO,superlevel,h0,0.9,1,1,0,
trajectory_000000:8983,self,self.CO,superlevel,h1,0.1,1,0,1,
trajectory_000000:8983,self,self.CO,superlevel,h1,0.25,0,0,0,
trajectory_000000:8983,self,self.CO,superlevel,h1,0.5,0,0,0,
trajectory_000000:8983,self,self.CO,superlevel,h1,0.75,75,0,75,
trajectory_000000:8983,self,self.CO,superlevel,h1,0.9,75,0,75,
trajectory_000000:8983,self,self.T,superlevel,h0,0.1,2,2,0,
trajectory_000000:8983,self,self.T,superlevel,h0,0.25,3,1,2,
trajectory_000000:8983,self,self.T,superlevel,h0,0.5,1,1,0,
trajectory_000000:8983,self,self.T,superlevel,h0,0.75,2,6,4,
trajectory_000000:8983,self,self.T,superlevel,h0,0.9,1,12,11,
trajectory_000000:8983,self,self.T,superlevel,h1,0.1,0,0,0,
trajectory_000000:8983,self,self.T,superlevel,h1,0.25,1,0,1,
trajectory_000000:8983,self,self.T,superlevel,h1,0.5,0,0,0,
trajectory_000000:8983,self,self.T,superlevel,h1,0.75,0,0,0,
trajectory_000000:8983,self,self.T,superlevel,h1,0.9,1,5,4,
trajectory_000000:8983,mutual,mutual.CO+T,superlevel,h0,0.1,4,4,0,
trajectory_000000:8983,mutual,mutual.CO+T,superlevel,h0,0.25,4,1,3,
trajectory_000000:8983,mutual,mutual.CO+T,superlevel,h0,0.5,1,1,0,
trajectory_000000:8983,mutual,mutual.CO+T,superlevel,h0,0.75,2,6,4,
trajectory_000000:8983,mutual,mutual.CO+T,superlevel,h0,0.9,1,12,11,
trajectory_000000:8983,mutual,mutual.CO+T,superlevel,h1,0.1,0,0,0,
trajectory_000000:8983,mutual,mutual.CO+T,superlevel,h1,0.25,2,2,0,
trajectory_000000:8983,mutual,mutual.CO+T,superlevel,h1,0.5,0,0,0,
trajectory_000000:8983,mutual,mutual.CO+T,superlevel,h1,0.75,0,0,0,
trajectory_000000:8983,mutual,mutual.CO+T,superlevel,h1,0.9,1,5,4,
trajectory_000000:8983,mutual,mutual.CO+T,superlevel,h0,0.1,7,8,1,
trajectory_000000:8983,mutual,mutual.CO+T,superlevel,h0,0.25,5,4,1,
trajectory_000000:8983,mutual,mutual.CO+T,superlevel,h0,0.5,1,1,0,
trajectory_000000:8983,mutual,mutual.CO+T,superlevel,h0,0.75,2,6,4,
trajectory_000000:8983,mutual,mutual.CO+T,superlevel,h0,0.9,1,12,11,
trajectory_000000:8983,mutual,mutual.CO+T,superlevel,h1,0.1,0,0,0,
trajectory_000000:8983,mutual,mutual.CO+T,superlevel,h1,0.25,2,1,1,
trajectory_000000:8983,mutual,mutual.CO+T,superlevel,h1,0.5,0,0,0,
trajectory_000000:8983,mutual,mutual.CO+T,superlevel,h1,0.75,0,0,0,
trajectory_000000:8983,mutual,mutual.CO+T,superlevel,h1,0.9,1,5,4,
trajectory_000000:8983,mutual,mutual.CO+T,superlevel,h0,0.1,9,11,2,
trajectory_000000:8983,mutual,mutual.CO+T,superlevel,h0,0.25,5,4,1,
trajectory_000000:8983,mutual,mutual.CO+T,superlevel,h0,0.5,1,1,0,
trajectory_000000:8983,mutual,mutual.CO+T,superlevel,h0,0.75,1,1,0,
trajectory_000000:8983,mutual,mutual.CO+T,superlevel,h0,0.9,1,1,0,
trajectory_000000:8983,mutual,mutual.CO+T,superlevel,h1,0.1,0,0,0,
trajectory_000000:8983,mutual,mutual.CO+T,superlevel,h1,0.25,1,1,0,
trajectory_000000:8983,mutual,mutual.CO+T,superlevel,h1,0.5,0,0,0,
trajectory_000000:8983,mutual,mutual.CO+T,superlevel,h1,0.75,0,0,0,
trajectory_000000:8983,mutual,mutual.CO+T,superlevel,h1,0.9,0,0,0,
trajectory_000000:8983,persistence_distance,topology.self.persistence,,,,,,,0.002173507818952203
trajectory_000000:8983,persistence_distance,topology.mutual.persistence,,,,,,,0.0007984095136635005
trajectory_000000:8983,persistence_distance,topology.component_weighted_total_before_outer_family_weight,,,,,,,0.0029719173908233643
trajectory_000000:8983,dimension_distance_diagnostic,topology.self.CO.h0,,,,,,,0.007096297573298216
trajectory_000000:8983,dimension_distance_diagnostic,topology.self.CO.h1,,,,,,,0.000915896671358496
trajectory_000000:8983,dimension_distance_diagnostic,topology.self.T.h0,,,,,,,0.0006271085585467517
trajectory_000000:8983,dimension_distance_diagnostic,topology.self.T.h1,,,,,,,5.472789780469611e-05
trajectory_000000:8983,dimension_distance_diagnostic,topology.mutual.CO+T.h0,,,,,,,0.0007934710010886192
trajectory_000000:8983,dimension_distance_diagnostic,topology.mutual.CO+T.h1,,,,,,,0.0008033478516153991
trajectory_000000:8999,self,self.CO,sublevel,h0,0.1,1,10,9,
trajectory_000000:8999,self,self.CO,sublevel,h0,0.25,1,10,9,
trajectory_000000:8999,self,self.CO,sublevel,h0,0.5,4,14,10,
trajectory_000000:8999,self,self.CO,sublevel,h0,0.75,2,2,0,
trajectory_000000:8999,self,self.CO,sublevel,h0,0.9,1,1,0,
trajectory_000000:8999,self,self.CO,sublevel,h1,0.1,0,3,3,
trajectory_000000:8999,self,self.CO,sublevel,h1,0.25,0,3,3,
trajectory_000000:8999,self,self.CO,sublevel,h1,0.5,0,0,0,
trajectory_000000:8999,self,self.CO,sublevel,h1,0.75,4,2,2,
trajectory_000000:8999,self,self.CO,sublevel,h1,0.9,5,3,2,
trajectory_000000:8999,self,self.T,sublevel,h0,0.1,3,1,2,
trajectory_000000:8999,self,self.T,sublevel,h0,0.25,3,1,2,
trajectory_000000:8999,self,self.T,sublevel,h0,0.5,12,11,1,
trajectory_000000:8999,self,self.T,sublevel,h0,0.75,1,1,0,
trajectory_000000:8999,self,self.T,sublevel,h0,0.9,1,1,0,
trajectory_000000:8999,self,self.T,sublevel,h1,0.1,0,4,4,
trajectory_000000:8999,self,self.T,sublevel,h1,0.25,0,0,0,
trajectory_000000:8999,self,self.T,sublevel,h1,0.5,0,0,0,
trajectory_000000:8999,self,self.T,sublevel,h1,0.75,3,1,2,
trajectory_000000:8999,self,self.T,sublevel,h1,0.9,5,8,3,
trajectory_000000:8999,mutual,mutual.CO+T,sublevel,h0,0.1,3,1,2,
trajectory_000000:8999,mutual,mutual.CO+T,sublevel,h0,0.25,3,1,2,
trajectory_000000:8999,mutual,mutual.CO+T,sublevel,h0,0.5,15,15,0,
trajectory_000000:8999,mutual,mutual.CO+T,sublevel,h0,0.75,12,3,9,
trajectory_000000:8999,mutual,mutual.CO+T,sublevel,h0,0.9,1,1,0,
trajectory_000000:8999,mutual,mutual.CO+T,sublevel,h1,0.1,0,4,4,
trajectory_000000:8999,mutual,mutual.CO+T,sublevel,h1,0.25,0,0,0,
trajectory_000000:8999,mutual,mutual.CO+T,sublevel,h1,0.5,0,0,0,
trajectory_000000:8999,mutual,mutual.CO+T,sublevel,h1,0.75,5,2,3,
trajectory_000000:8999,mutual,mutual.CO+T,sublevel,h1,0.9,5,3,2,
trajectory_000000:8999,mutual,mutual.CO+T,sublevel,h0,0.1,1,10,9,
trajectory_000000:8999,mutual,mutual.CO+T,sublevel,h0,0.25,1,10,9,
trajectory_000000:8999,mutual,mutual.CO+T,sublevel,h0,0.5,19,18,1,
trajectory_000000:8999,mutual,mutual.CO+T,sublevel,h0,0.75,8,4,4,
trajectory_000000:8999,mutual,mutual.CO+T,sublevel,h0,0.9,1,1,0,
trajectory_000000:8999,mutual,mutual.CO+T,sublevel,h1,0.1,0,3,3,
trajectory_000000:8999,mutual,mutual.CO+T,sublevel,h1,0.25,0,3,3,
trajectory_000000:8999,mutual,mutual.CO+T,sublevel,h1,0.5,0,0,0,
trajectory_000000:8999,mutual,mutual.CO+T,sublevel,h1,0.75,4,2,2,
trajectory_000000:8999,mutual,mutual.CO+T,sublevel,h1,0.9,5,3,2,
trajectory_000000:8999,mutual,mutual.CO+T,sublevel,h0,0.1,3,1,2,
trajectory_000000:8999,mutual,mutual.CO+T,sublevel,h0,0.25,3,1,2,
trajectory_000000:8999,mutual,mutual.CO+T,sublevel,h0,0.5,21,17,4,
trajectory_000000:8999,mutual,mutual.CO+T,sublevel,h0,0.75,2,2,0,
trajectory_000000:8999,mutual,mutual.CO+T,sublevel,h0,0.9,1,1,0,
trajectory_000000:8999,mutual,mutual.CO+T,sublevel,h1,0.1,0,4,4,
trajectory_000000:8999,mutual,mutual.CO+T,sublevel,h1,0.25,0,0,0,
trajectory_000000:8999,mutual,mutual.CO+T,sublevel,h1,0.5,0,0,0,
trajectory_000000:8999,mutual,mutual.CO+T,sublevel,h1,0.75,4,2,2,
trajectory_000000:8999,mutual,mutual.CO+T,sublevel,h1,0.9,5,3,2,
trajectory_000000:8999,self,self.CO,superlevel,h0,0.1,8,6,2,
trajectory_000000:8999,self,self.CO,superlevel,h0,0.25,5,3,2,
trajectory_000000:8999,self,self.CO,superlevel,h0,0.5,1,1,0,
trajectory_000000:8999,self,self.CO,superlevel,h0,0.75,1,7,6,
trajectory_000000:8999,self,self.CO,superlevel,h0,0.9,1,7,6,
trajectory_000000:8999,self,self.CO,superlevel,h1,0.1,0,0,0,
trajectory_000000:8999,self,self.CO,superlevel,h1,0.25,0,0,0,
trajectory_000000:8999,self,self.CO,superlevel,h1,0.5,0,2,2,
trajectory_000000:8999,self,self.CO,superlevel,h1,0.75,84,3,81,
trajectory_000000:8999,self,self.CO,superlevel,h1,0.9,84,3,81,
trajectory_000000:8999,self,self.T,superlevel,h0,0.1,7,9,2,
trajectory_000000:8999,self,self.T,superlevel,h0,0.25,7,2,5,
trajectory_000000:8999,self,self.T,superlevel,h0,0.5,1,1,0,
trajectory_000000:8999,self,self.T,superlevel,h0,0.75,1,2,1,
trajectory_000000:8999,self,self.T,superlevel,h0,0.9,2,8,6,
trajectory_000000:8999,self,self.T,superlevel,h1,0.1,0,0,0,
trajectory_000000:8999,self,self.T,superlevel,h1,0.25,0,0,0,
trajectory_000000:8999,self,self.T,superlevel,h1,0.5,1,0,1,
trajectory_000000:8999,self,self.T,superlevel,h1,0.75,0,0,0,
trajectory_000000:8999,self,self.T,superlevel,h1,0.9,0,0,0,
trajectory_000000:8999,mutual,mutual.CO+T,superlevel,h0,0.1,4,5,1,
trajectory_000000:8999,mutual,mutual.CO+T,superlevel,h0,0.25,10,5,5,
trajectory_000000:8999,mutual,mutual.CO+T,superlevel,h0,0.5,1,1,0,
trajectory_000000:8999,mutual,mutual.CO+T,superlevel,h0,0.75,1,2,1,
trajectory_000000:8999,mutual,mutual.CO+T,superlevel,h0,0.9,2,8,6,
trajectory_000000:8999,mutual,mutual.CO+T,superlevel,h1,0.1,0,0,0,
trajectory_000000:8999,mutual,mutual.CO+T,superlevel,h1,0.25,3,0,3,
trajectory_000000:8999,mutual,mutual.CO+T,superlevel,h1,0.5,1,0,1,
trajectory_000000:8999,mutual,mutual.CO+T,superlevel,h1,0.75,0,0,0,
trajectory_000000:8999,mutual,mutual.CO+T,superlevel,h1,0.9,0,0,0,
trajectory_000000:8999,mutual,mutual.CO+T,superlevel,h0,0.1,9,4,5,
trajectory_000000:8999,mutual,mutual.CO+T,superlevel,h0,0.25,4,5,1,
trajectory_000000:8999,mutual,mutual.CO+T,superlevel,h0,0.5,1,1,0,
trajectory_000000:8999,mutual,mutual.CO+T,superlevel,h0,0.75,1,2,1,
trajectory_000000:8999,mutual,mutual.CO+T,superlevel,h0,0.9,2,8,6,
trajectory_000000:8999,mutual,mutual.CO+T,superlevel,h1,0.1,0,0,0,
trajectory_000000:8999,mutual,mutual.CO+T,superlevel,h1,0.25,1,0,1,
trajectory_000000:8999,mutual,mutual.CO+T,superlevel,h1,0.5,1,0,1,
trajectory_000000:8999,mutual,mutual.CO+T,superlevel,h1,0.75,0,0,0,
trajectory_000000:8999,mutual,mutual.CO+T,superlevel,h1,0.9,0,0,0,
trajectory_000000:8999,mutual,mutual.CO+T,superlevel,h0,0.1,12,8,4,
trajectory_000000:8999,mutual,mutual.CO+T,superlevel,h0,0.25,4,5,1,
trajectory_000000:8999,mutual,mutual.CO+T,superlevel,h0,0.5,1,1,0,
trajectory_000000:8999,mutual,mutual.CO+T,superlevel,h0,0.75,1,7,6,
trajectory_000000:8999,mutual,mutual.CO+T,superlevel,h0,0.9,1,7,6,
trajectory_000000:8999,mutual,mutual.CO+T,superlevel,h1,0.1,1,0,1,
trajectory_000000:8999,mutual,mutual.CO+T,superlevel,h1,0.25,1,0,1,
trajectory_000000:8999,mutual,mutual.CO+T,superlevel,h1,0.5,0,2,2,
trajectory_000000:8999,mutual,mutual.CO+T,superlevel,h1,0.75,84,3,81,
trajectory_000000:8999,mutual,mutual.CO+T,superlevel,h1,0.9,84,3,81,
trajectory_000000:8999,persistence_distance,topology.self.persistence,,,,,,,0.0028886068612337112
trajectory_000000:8999,persistence_distance,topology.mutual.persistence,,,,,,,0.0018521504243835807
trajectory_000000:8999,persistence_distance,topology.component_weighted_total_before_outer_family_weight,,,,,,,0.004740757402032614
trajectory_000000:8999,dimension_distance_diagnostic,topology.self.CO.h0,,,,,,,0.007862351834774017
trajectory_000000:8999,dimension_distance_diagnostic,topology.self.CO.h1,,,,,,,0.001039814087562263
trajectory_000000:8999,dimension_distance_diagnostic,topology.self.T.h0,,,,,,,0.0025415243580937386
trajectory_000000:8999,dimension_distance_diagnostic,topology.self.T.h1,,,,,,,0.00011073648056481034
trajectory_000000:8999,dimension_distance_diagnostic,topology.mutual.CO+T.h0,,,,,,,0.0028076537419110537
trajectory_000000:8999,dimension_distance_diagnostic,topology.mutual.CO+T.h1,,,,,,,0.0008966471650637686
